group,run_id,session,market,seed,period,state,info,side,uninformed_level,re_price,trade_index,n_trades,u,price,discovery
control,m7_ctrl_42,0,A,42,5,Y,insider,seller,260.0,160.0,1,23,0.0,260.0,-0.0
control,m7_ctrl_42,0,A,42,5,Y,insider,seller,260.0,160.0,2,23,0.045454545454545456,260.0,-0.0
control,m7_ctrl_42,0,A,42,5,Y,insider,seller,260.0,160.0,3,23,0.09090909090909091,260.0,-0.0
control,m7_ctrl_42,0,A,42,5,Y,insider,seller,260.0,160.0,4,23,0.13636363636363635,260.0,-0.0
control,m7_ctrl_42,0,A,42,5,Y,insider,seller,260.0,160.0,5,23,0.18181818181818182,260.0,-0.0
control,m7_ctrl_42,0,A,42,5,Y,insider,seller,260.0,160.0,6,23,0.22727272727272727,260.0,-0.0
control,m7_ctrl_42,0,A,42,5,Y,insider,seller,260.0,160.0,7,23,0.2727272727272727,260.0,-0.0
control,m7_ctrl_42,0,A,42,5,Y,insider,seller,260.0,160.0,8,23,0.3181818181818182,260.0,-0.0
control,m7_ctrl_42,0,A,42,5,Y,insider,seller,260.0,160.0,9,23,0.36363636363636365,260.0,-0.0
control,m7_ctrl_42,0,A,42,5,Y,insider,seller,260.0,160.0,10,23,0.4090909090909091,260.0,-0.0
control,m7_ctrl_42,0,A,42,5,Y,insider,seller,260.0,160.0,11,23,0.45454545454545453,260.0,-0.0
control,m7_ctrl_42,0,A,42,5,Y,insider,seller,260.0,160.0,12,23,0.5,150.0,1.1
control,m7_ctrl_42,0,A,42,5,Y,insider,seller,260.0,160.0,13,23,0.5454545454545454,120.0,1.4
control,m7_ctrl_42,0,A,42,5,Y,insider,seller,260.0,160.0,14,23,0.5909090909090909,150.0,1.1
control,m7_ctrl_42,0,A,42,5,Y,insider,seller,260.0,160.0,15,23,0.6363636363636364,122.0,1.38
control,m7_ctrl_42,0,A,42,5,Y,insider,seller,260.0,160.0,16,23,0.6818181818181818,122.0,1.38
control,m7_ctrl_42,0,A,42,5,Y,insider,seller,260.0,160.0,17,23,0.7272727272727273,122.0,1.38
control,m7_ctrl_42,0,A,42,5,Y,insider,seller,260.0,160.0,18,23,0.7727272727272727,122.0,1.38
control,m7_ctrl_42,0,A,42,5,Y,insider,seller,260.0,160.0,19,23,0.8181818181818182,122.0,1.38
control,m7_ctrl_42,0,A,42,5,Y,insider,seller,260.0,160.0,20,23,0.8636363636363636,122.0,1.38
control,m7_ctrl_42,0,A,42,5,Y,insider,seller,260.0,160.0,21,23,0.9090909090909091,123.0,1.37
control,m7_ctrl_42,0,A,42,5,Y,insider,seller,260.0,160.0,22,23,0.9545454545454546,123.0,1.37
control,m7_ctrl_42,0,A,42,5,Y,insider,seller,260.0,160.0,23,23,1.0,124.0,1.36
control,m7_ctrl_42,0,A,42,6,X,insider,buyer,260.0,360.0,1,17,0.0,261.0,0.01
control,m7_ctrl_42,0,A,42,6,X,insider,buyer,260.0,360.0,2,17,0.0625,261.0,0.01
control,m7_ctrl_42,0,A,42,6,X,insider,buyer,260.0,360.0,3,17,0.125,262.0,0.02
control,m7_ctrl_42,0,A,42,6,X,insider,buyer,260.0,360.0,4,17,0.1875,262.0,0.02
control,m7_ctrl_42,0,A,42,6,X,insider,buyer,260.0,360.0,5,17,0.25,260.0,0.0
control,m7_ctrl_42,0,A,42,6,X,insider,buyer,260.0,360.0,6,17,0.3125,265.0,0.05
control,m7_ctrl_42,0,A,42,6,X,insider,buyer,260.0,360.0,7,17,0.375,264.0,0.04
control,m7_ctrl_42,0,A,42,6,X,insider,buyer,260.0,360.0,8,17,0.4375,265.0,0.05
control,m7_ctrl_42,0,A,42,6,X,insider,buyer,260.0,360.0,9,17,0.5,265.0,0.05
control,m7_ctrl_42,0,A,42,6,X,insider,buyer,260.0,360.0,10,17,0.5625,266.0,0.06
control,m7_ctrl_42,0,A,42,6,X,insider,buyer,260.0,360.0,11,17,0.625,262.0,0.02
control,m7_ctrl_42,0,A,42,6,X,insider,buyer,260.0,360.0,12,17,0.6875,270.0,0.1
control,m7_ctrl_42,0,A,42,6,X,insider,buyer,260.0,360.0,13,17,0.75,280.0,0.2
control,m7_ctrl_42,0,A,42,6,X,insider,buyer,260.0,360.0,14,17,0.8125,281.0,0.21
control,m7_ctrl_42,0,A,42,6,X,insider,buyer,260.0,360.0,15,17,0.875,290.0,0.3
control,m7_ctrl_42,0,A,42,6,X,insider,buyer,260.0,360.0,16,17,0.9375,291.0,0.31
control,m7_ctrl_42,0,A,42,6,X,insider,buyer,260.0,360.0,17,17,1.0,292.0,0.32
control,m7_ctrl_42,0,A,42,7,Y,insider,seller,260.0,160.0,1,19,0.0,259.0,0.01
control,m7_ctrl_42,0,A,42,7,Y,insider,seller,260.0,160.0,2,19,0.05555555555555555,259.0,0.01
control,m7_ctrl_42,0,A,42,7,Y,insider,seller,260.0,160.0,3,19,0.1111111111111111,259.0,0.01
control,m7_ctrl_42,0,A,42,7,Y,insider,seller,260.0,160.0,4,19,0.16666666666666666,259.0,0.01
control,m7_ctrl_42,0,A,42,7,Y,insider,seller,260.0,160.0,5,19,0.2222222222222222,259.0,0.01
control,m7_ctrl_42,0,A,42,7,Y,insider,seller,260.0,160.0,6,19,0.2777777777777778,259.0,0.01
control,m7_ctrl_42,0,A,42,7,Y,insider,seller,260.0,160.0,7,19,0.3333333333333333,259.0,0.01
control,m7_ctrl_42,0,A,42,7,Y,insider,seller,260.0,160.0,8,19,0.3888888888888889,258.0,0.02
control,m7_ctrl_42,0,A,42,7,Y,insider,seller,260.0,160.0,9,19,0.4444444444444444,258.0,0.02
control,m7_ctrl_42,0,A,42,7,Y,insider,seller,260.0,160.0,10,19,0.5,258.0,0.02
control,m7_ctrl_42,0,A,42,7,Y,insider,seller,260.0,160.0,11,19,0.5555555555555556,258.0,0.02
control,m7_ctrl_42,0,A,42,7,Y,insider,seller,260.0,160.0,12,19,0.6111111111111112,259.0,0.01
control,m7_ctrl_42,0,A,42,7,Y,insider,seller,260.0,160.0,13,19,0.6666666666666666,259.0,0.01
control,m7_ctrl_42,0,A,42,7,Y,insider,seller,260.0,160.0,14,19,0.7222222222222222,259.0,0.01
control,m7_ctrl_42,0,A,42,7,Y,insider,seller,260.0,160.0,15,19,0.7777777777777778,259.0,0.01
control,m7_ctrl_42,0,A,42,7,Y,insider,seller,260.0,160.0,16,19,0.8333333333333334,259.0,0.01
control,m7_ctrl_42,0,A,42,7,Y,insider,seller,260.0,160.0,17,19,0.8888888888888888,258.0,0.02
control,m7_ctrl_42,0,A,42,7,Y,insider,seller,260.0,160.0,18,19,0.9444444444444444,259.0,0.01
control,m7_ctrl_42,0,A,42,7,Y,insider,seller,260.0,160.0,19,19,1.0,259.0,0.01
control,m7_ctrl_42,0,A,42,8,X,insider,buyer,260.0,360.0,1,20,0.0,270.0,0.1
control,m7_ctrl_42,0,A,42,8,X,insider,buyer,260.0,360.0,2,20,0.05263157894736842,271.0,0.11
control,m7_ctrl_42,0,A,42,8,X,insider,buyer,260.0,360.0,3,20,0.10526315789473684,275.0,0.15
control,m7_ctrl_42,0,A,42,8,X,insider,buyer,260.0,360.0,4,20,0.15789473684210525,275.0,0.15
control,m7_ctrl_42,0,A,42,8,X,insider,buyer,260.0,360.0,5,20,0.21052631578947367,276.0,0.16
control,m7_ctrl_42,0,A,42,8,X,insider,buyer,260.0,360.0,6,20,0.2631578947368421,277.0,0.17
control,m7_ctrl_42,0,A,42,8,X,insider,buyer,260.0,360.0,7,20,0.3157894736842105,277.0,0.17
control,m7_ctrl_42,0,A,42,8,X,insider,buyer,260.0,360.0,8,20,0.3684210526315789,280.0,0.2
control,m7_ctrl_42,0,A,42,8,X,insider,buyer,260.0,360.0,9,20,0.42105263157894735,285.0,0.25
control,m7_ctrl_42,0,A,42,8,X,insider,buyer,260.0,360.0,10,20,0.47368421052631576,280.0,0.2
control,m7_ctrl_42,0,A,42,8,X,insider,buyer,260.0,360.0,11,20,0.5263157894736842,285.0,0.25
control,m7_ctrl_42,0,A,42,8,X,insider,buyer,260.0,360.0,12,20,0.5789473684210527,290.0,0.3
control,m7_ctrl_42,0,A,42,8,X,insider,buyer,260.0,360.0,13,20,0.631578947368421,270.0,0.1
control,m7_ctrl_42,0,A,42,8,X,insider,buyer,260.0,360.0,14,20,0.6842105263157895,270.0,0.1
control,m7_ctrl_42,0,A,42,8,X,insider,buyer,260.0,360.0,15,20,0.7368421052631579,280.0,0.2
control,m7_ctrl_42,0,A,42,8,X,insider,buyer,260.0,360.0,16,20,0.7894736842105263,292.0,0.32
control,m7_ctrl_42,0,A,42,8,X,insider,buyer,260.0,360.0,17,20,0.8421052631578947,291.0,0.31
control,m7_ctrl_42,0,A,42,8,X,insider,buyer,260.0,360.0,18,20,0.8947368421052632,295.0,0.35
control,m7_ctrl_42,0,A,42,8,X,insider,buyer,260.0,360.0,19,20,0.9473684210526315,291.0,0.31
control,m7_ctrl_42,0,A,42,8,X,insider,buyer,260.0,360.0,20,20,1.0,295.0,0.35
control,m7_ctrl_42,0,A,42,9,Y,insider,seller,260.0,160.0,1,10,0.0,239.0,0.21
control,m7_ctrl_42,0,A,42,9,Y,insider,seller,260.0,160.0,2,10,0.1111111111111111,237.0,0.23
control,m7_ctrl_42,0,A,42,9,Y,insider,seller,260.0,160.0,3,10,0.2222222222222222,237.0,0.23
control,m7_ctrl_42,0,A,42,9,Y,insider,seller,260.0,160.0,4,10,0.3333333333333333,237.0,0.23
control,m7_ctrl_42,0,A,42,9,Y,insider,seller,260.0,160.0,5,10,0.4444444444444444,237.0,0.23
control,m7_ctrl_42,0,A,42,9,Y,insider,seller,260.0,160.0,6,10,0.5555555555555556,235.0,0.25
control,m7_ctrl_42,0,A,42,9,Y,insider,seller,260.0,160.0,7,10,0.6666666666666666,235.0,0.25
control,m7_ctrl_42,0,A,42,9,Y,insider,seller,260.0,160.0,8,10,0.7777777777777778,235.0,0.25
control,m7_ctrl_42,0,A,42,9,Y,insider,seller,260.0,160.0,9,10,0.8888888888888888,235.0,0.25
control,m7_ctrl_42,0,A,42,9,Y,insider,seller,260.0,160.0,10,10,1.0,235.0,0.25
control,m7_ctrl_42,0,A,42,11,X,insider,buyer,260.0,360.0,1,22,0.0,250.0,-0.1
control,m7_ctrl_42,0,A,42,11,X,insider,buyer,260.0,360.0,2,22,0.047619047619047616,275.0,0.15
control,m7_ctrl_42,0,A,42,11,X,insider,buyer,260.0,360.0,3,22,0.09523809523809523,270.0,0.1
control,m7_ctrl_42,0,A,42,11,X,insider,buyer,260.0,360.0,4,22,0.14285714285714285,275.0,0.15
control,m7_ctrl_42,0,A,42,11,X,insider,buyer,260.0,360.0,5,22,0.19047619047619047,275.0,0.15
control,m7_ctrl_42,0,A,42,11,X,insider,buyer,260.0,360.0,6,22,0.23809523809523808,280.0,0.2
control,m7_ctrl_42,0,A,42,11,X,insider,buyer,260.0,360.0,7,22,0.2857142857142857,290.0,0.3
control,m7_ctrl_42,0,A,42,11,X,insider,buyer,260.0,360.0,8,22,0.3333333333333333,295.0,0.35
control,m7_ctrl_42,0,A,42,11,X,insider,buyer,260.0,360.0,9,22,0.38095238095238093,300.0,0.4
control,m7_ctrl_42,0,A,42,11,X,insider,buyer,260.0,360.0,10,22,0.42857142857142855,300.0,0.4
control,m7_ctrl_42,0,A,42,11,X,insider,buyer,260.0,360.0,11,22,0.47619047619047616,305.0,0.45
control,m7_ctrl_42,0,A,42,11,X,insider,buyer,260.0,360.0,12,22,0.5238095238095238,310.0,0.5
control,m7_ctrl_42,0,A,42,11,X,insider,buyer,260.0,360.0,13,22,0.5714285714285714,310.0,0.5
control,m7_ctrl_42,0,A,42,11,X,insider,buyer,260.0,360.0,14,22,0.6190476190476191,310.0,0.5
control,m7_ctrl_42,0,A,42,11,X,insider,buyer,260.0,360.0,15,22,0.6666666666666666,310.0,0.5
control,m7_ctrl_42,0,A,42,11,X,insider,buyer,260.0,360.0,16,22,0.7142857142857143,310.0,0.5
control,m7_ctrl_42,0,A,42,11,X,insider,buyer,260.0,360.0,17,22,0.7619047619047619,310.0,0.5
control,m7_ctrl_42,0,A,42,11,X,insider,buyer,260.0,360.0,18,22,0.8095238095238095,310.0,0.5
control,m7_ctrl_42,0,A,42,11,X,insider,buyer,260.0,360.0,19,22,0.8571428571428571,310.0,0.5
control,m7_ctrl_42,0,A,42,11,X,insider,buyer,260.0,360.0,20,22,0.9047619047619048,310.0,0.5
control,m7_ctrl_42,0,A,42,11,X,insider,buyer,260.0,360.0,21,22,0.9523809523809523,310.0,0.5
control,m7_ctrl_42,0,A,42,11,X,insider,buyer,260.0,360.0,22,22,1.0,314.0,0.54
control,m7_ctrl_42,0,A,42,12,X,insider,buyer,260.0,360.0,1,25,0.0,330.0,0.7
control,m7_ctrl_42,0,A,42,12,X,insider,buyer,260.0,360.0,2,25,0.041666666666666664,325.0,0.65
control,m7_ctrl_42,0,A,42,12,X,insider,buyer,260.0,360.0,3,25,0.08333333333333333,325.0,0.65
control,m7_ctrl_42,0,A,42,12,X,insider,buyer,260.0,360.0,4,25,0.125,335.0,0.75
control,m7_ctrl_42,0,A,42,12,X,insider,buyer,260.0,360.0,5,25,0.16666666666666666,330.0,0.7
control,m7_ctrl_42,0,A,42,12,X,insider,buyer,260.0,360.0,6,25,0.20833333333333334,330.0,0.7
control,m7_ctrl_42,0,A,42,12,X,insider,buyer,260.0,360.0,7,25,0.25,330.0,0.7
control,m7_ctrl_42,0,A,42,12,X,insider,buyer,260.0,360.0,8,25,0.2916666666666667,320.0,0.6
control,m7_ctrl_42,0,A,42,12,X,insider,buyer,260.0,360.0,9,25,0.3333333333333333,320.0,0.6
control,m7_ctrl_42,0,A,42,12,X,insider,buyer,260.0,360.0,10,25,0.375,320.0,0.6
control,m7_ctrl_42,0,A,42,12,X,insider,buyer,260.0,360.0,11,25,0.4166666666666667,340.0,0.8
control,m7_ctrl_42,0,A,42,12,X,insider,buyer,260.0,360.0,12,25,0.4583333333333333,340.0,0.8
control,m7_ctrl_42,0,A,42,12,X,insider,buyer,260.0,360.0,13,25,0.5,340.0,0.8
control,m7_ctrl_42,0,A,42,12,X,insider,buyer,260.0,360.0,14,25,0.5416666666666666,329.0,0.69
control,m7_ctrl_42,0,A,42,12,X,insider,buyer,260.0,360.0,15,25,0.5833333333333334,335.0,0.75
control,m7_ctrl_42,0,A,42,12,X,insider,buyer,260.0,360.0,16,25,0.625,280.0,0.2
control,m7_ctrl_42,0,A,42,12,X,insider,buyer,260.0,360.0,17,25,0.6666666666666666,345.0,0.85
control,m7_ctrl_42,0,A,42,12,X,insider,buyer,260.0,360.0,18,25,0.7083333333333334,345.0,0.85
control,m7_ctrl_42,0,A,42,12,X,insider,buyer,260.0,360.0,19,25,0.75,335.0,0.75
control,m7_ctrl_42,0,A,42,12,X,insider,buyer,260.0,360.0,20,25,0.7916666666666666,350.0,0.9
control,m7_ctrl_42,0,A,42,12,X,insider,buyer,260.0,360.0,21,25,0.8333333333333334,350.0,0.9
control,m7_ctrl_42,0,A,42,12,X,insider,buyer,260.0,360.0,22,25,0.875,350.0,0.9
control,m7_ctrl_42,0,A,42,12,X,insider,buyer,260.0,360.0,23,25,0.9166666666666666,350.0,0.9
control,m7_ctrl_42,0,A,42,12,X,insider,buyer,260.0,360.0,24,25,0.9583333333333334,345.0,0.85
control,m7_ctrl_42,0,A,42,12,X,insider,buyer,260.0,360.0,25,25,1.0,350.0,0.9
control,m7_ctrl_42,0,A,42,13,X,insider,buyer,260.0,360.0,1,24,0.0,300.0,0.4
control,m7_ctrl_42,0,A,42,13,X,insider,buyer,260.0,360.0,2,24,0.043478260869565216,300.0,0.4
control,m7_ctrl_42,0,A,42,13,X,insider,buyer,260.0,360.0,3,24,0.08695652173913043,310.0,0.5
control,m7_ctrl_42,0,A,42,13,X,insider,buyer,260.0,360.0,4,24,0.13043478260869565,320.0,0.6
control,m7_ctrl_42,0,A,42,13,X,insider,buyer,260.0,360.0,5,24,0.17391304347826086,330.0,0.7
control,m7_ctrl_42,0,A,42,13,X,insider,buyer,260.0,360.0,6,24,0.21739130434782608,340.0,0.8
control,m7_ctrl_42,0,A,42,13,X,insider,buyer,260.0,360.0,7,24,0.2608695652173913,340.0,0.8
control,m7_ctrl_42,0,A,42,13,X,insider,buyer,260.0,360.0,8,24,0.30434782608695654,340.0,0.8
control,m7_ctrl_42,0,A,42,13,X,insider,buyer,260.0,360.0,9,24,0.34782608695652173,350.0,0.9
control,m7_ctrl_42,0,A,42,13,X,insider,buyer,260.0,360.0,10,24,0.391304347826087,355.0,0.95
control,m7_ctrl_42,0,A,42,13,X,insider,buyer,260.0,360.0,11,24,0.43478260869565216,350.0,0.9
control,m7_ctrl_42,0,A,42,13,X,insider,buyer,260.0,360.0,12,24,0.4782608695652174,350.0,0.9
control,m7_ctrl_42,0,A,42,13,X,insider,buyer,260.0,360.0,13,24,0.5217391304347826,330.0,0.7
control,m7_ctrl_42,0,A,42,13,X,insider,buyer,260.0,360.0,14,24,0.5652173913043478,350.0,0.9
control,m7_ctrl_42,0,A,42,13,X,insider,buyer,260.0,360.0,15,24,0.6086956521739131,350.0,0.9
control,m7_ctrl_42,0,A,42,13,X,insider,buyer,260.0,360.0,16,24,0.6521739130434783,335.0,0.75
control,m7_ctrl_42,0,A,42,13,X,insider,buyer,260.0,360.0,17,24,0.6956521739130435,340.0,0.8
control,m7_ctrl_42,0,A,42,13,X,insider,buyer,260.0,360.0,18,24,0.7391304347826086,355.0,0.95
control,m7_ctrl_42,0,A,42,13,X,insider,buyer,260.0,360.0,19,24,0.782608695652174,330.0,0.7
control,m7_ctrl_42,0,A,42,13,X,insider,buyer,260.0,360.0,20,24,0.8260869565217391,280.0,0.2
control,m7_ctrl_42,0,A,42,13,X,insider,buyer,260.0,360.0,21,24,0.8695652173913043,280.0,0.2
control,m7_ctrl_42,0,A,42,13,X,insider,buyer,260.0,360.0,22,24,0.9130434782608695,355.0,0.95
control,m7_ctrl_42,0,A,42,13,X,insider,buyer,260.0,360.0,23,24,0.9565217391304348,280.0,0.2
control,m7_ctrl_42,0,A,42,13,X,insider,buyer,260.0,360.0,24,24,1.0,300.0,0.4
control,m7_ctrl_43,0,A,43,5,X,insider,buyer,260.0,360.0,1,18,0.0,260.0,0.0
control,m7_ctrl_43,0,A,43,5,X,insider,buyer,260.0,360.0,2,18,0.058823529411764705,261.0,0.01
control,m7_ctrl_43,0,A,43,5,X,insider,buyer,260.0,360.0,3,18,0.11764705882352941,262.0,0.02
control,m7_ctrl_43,0,A,43,5,X,insider,buyer,260.0,360.0,4,18,0.17647058823529413,265.0,0.05
control,m7_ctrl_43,0,A,43,5,X,insider,buyer,260.0,360.0,5,18,0.23529411764705882,265.0,0.05
control,m7_ctrl_43,0,A,43,5,X,insider,buyer,260.0,360.0,6,18,0.29411764705882354,265.0,0.05
control,m7_ctrl_43,0,A,43,5,X,insider,buyer,260.0,360.0,7,18,0.35294117647058826,267.0,0.07
control,m7_ctrl_43,0,A,43,5,X,insider,buyer,260.0,360.0,8,18,0.4117647058823529,267.0,0.07
control,m7_ctrl_43,0,A,43,5,X,insider,buyer,260.0,360.0,9,18,0.47058823529411764,268.0,0.08
control,m7_ctrl_43,0,A,43,5,X,insider,buyer,260.0,360.0,10,18,0.5294117647058824,270.0,0.1
control,m7_ctrl_43,0,A,43,5,X,insider,buyer,260.0,360.0,11,18,0.5882352941176471,270.0,0.1
control,m7_ctrl_43,0,A,43,5,X,insider,buyer,260.0,360.0,12,18,0.6470588235294118,272.0,0.12
control,m7_ctrl_43,0,A,43,5,X,insider,buyer,260.0,360.0,13,18,0.7058823529411765,291.0,0.31
control,m7_ctrl_43,0,A,43,5,X,insider,buyer,260.0,360.0,14,18,0.7647058823529411,295.0,0.35
control,m7_ctrl_43,0,A,43,5,X,insider,buyer,260.0,360.0,15,18,0.8235294117647058,291.0,0.31
control,m7_ctrl_43,0,A,43,5,X,insider,buyer,260.0,360.0,16,18,0.8823529411764706,291.0,0.31
control,m7_ctrl_43,0,A,43,5,X,insider,buyer,260.0,360.0,17,18,0.9411764705882353,295.0,0.35
control,m7_ctrl_43,0,A,43,5,X,insider,buyer,260.0,360.0,18,18,1.0,291.0,0.31
control,m7_ctrl_43,0,A,43,6,X,insider,buyer,260.0,360.0,1,21,0.0,250.0,-0.1
control,m7_ctrl_43,0,A,43,6,X,insider,buyer,260.0,360.0,2,21,0.05,260.0,0.0
control,m7_ctrl_43,0,A,43,6,X,insider,buyer,260.0,360.0,3,21,0.1,270.0,0.1
control,m7_ctrl_43,0,A,43,6,X,insider,buyer,260.0,360.0,4,21,0.15,300.0,0.4
control,m7_ctrl_43,0,A,43,6,X,insider,buyer,260.0,360.0,5,21,0.2,300.0,0.4
control,m7_ctrl_43,0,A,43,6,X,insider,buyer,260.0,360.0,6,21,0.25,300.0,0.4
control,m7_ctrl_43,0,A,43,6,X,insider,buyer,260.0,360.0,7,21,0.3,310.0,0.5
control,m7_ctrl_43,0,A,43,6,X,insider,buyer,260.0,360.0,8,21,0.35,310.0,0.5
control,m7_ctrl_43,0,A,43,6,X,insider,buyer,260.0,360.0,9,21,0.4,310.0,0.5
control,m7_ctrl_43,0,A,43,6,X,insider,buyer,260.0,360.0,10,21,0.45,315.0,0.55
control,m7_ctrl_43,0,A,43,6,X,insider,buyer,260.0,360.0,11,21,0.5,315.0,0.55
control,m7_ctrl_43,0,A,43,6,X,insider,buyer,260.0,360.0,12,21,0.55,315.0,0.55
control,m7_ctrl_43,0,A,43,6,X,insider,buyer,260.0,360.0,13,21,0.6,315.0,0.55
control,m7_ctrl_43,0,A,43,6,X,insider,buyer,260.0,360.0,14,21,0.65,315.0,0.55
control,m7_ctrl_43,0,A,43,6,X,insider,buyer,260.0,360.0,15,21,0.7,315.0,0.55
control,m7_ctrl_43,0,A,43,6,X,insider,buyer,260.0,360.0,16,21,0.75,315.0,0.55
control,m7_ctrl_43,0,A,43,6,X,insider,buyer,260.0,360.0,17,21,0.8,315.0,0.55
control,m7_ctrl_43,0,A,43,6,X,insider,buyer,260.0,360.0,18,21,0.85,310.0,0.5
control,m7_ctrl_43,0,A,43,6,X,insider,buyer,260.0,360.0,19,21,0.9,289.0,0.29
control,m7_ctrl_43,0,A,43,6,X,insider,buyer,260.0,360.0,20,21,0.95,300.0,0.4
control,m7_ctrl_43,0,A,43,6,X,insider,buyer,260.0,360.0,21,21,1.0,300.0,0.4
control,m7_ctrl_43,0,A,43,7,X,insider,buyer,260.0,360.0,1,20,0.0,300.0,0.4
control,m7_ctrl_43,0,A,43,7,X,insider,buyer,260.0,360.0,2,20,0.05263157894736842,300.0,0.4
control,m7_ctrl_43,0,A,43,7,X,insider,buyer,260.0,360.0,3,20,0.10526315789473684,300.0,0.4
control,m7_ctrl_43,0,A,43,7,X,insider,buyer,260.0,360.0,4,20,0.15789473684210525,300.0,0.4
control,m7_ctrl_43,0,A,43,7,X,insider,buyer,260.0,360.0,5,20,0.21052631578947367,300.0,0.4
control,m7_ctrl_43,0,A,43,7,X,insider,buyer,260.0,360.0,6,20,0.2631578947368421,300.0,0.4
control,m7_ctrl_43,0,A,43,7,X,insider,buyer,260.0,360.0,7,20,0.3157894736842105,300.0,0.4
control,m7_ctrl_43,0,A,43,7,X,insider,buyer,260.0,360.0,8,20,0.3684210526315789,300.0,0.4
control,m7_ctrl_43,0,A,43,7,X,insider,buyer,260.0,360.0,9,20,0.42105263157894735,300.0,0.4
control,m7_ctrl_43,0,A,43,7,X,insider,buyer,260.0,360.0,10,20,0.47368421052631576,300.0,0.4
control,m7_ctrl_43,0,A,43,7,X,insider,buyer,260.0,360.0,11,20,0.5263157894736842,300.0,0.4
control,m7_ctrl_43,0,A,43,7,X,insider,buyer,260.0,360.0,12,20,0.5789473684210527,280.0,0.2
control,m7_ctrl_43,0,A,43,7,X,insider,buyer,260.0,360.0,13,20,0.631578947368421,300.0,0.4
control,m7_ctrl_43,0,A,43,7,X,insider,buyer,260.0,360.0,14,20,0.6842105263157895,300.0,0.4
control,m7_ctrl_43,0,A,43,7,X,insider,buyer,260.0,360.0,15,20,0.7368421052631579,300.0,0.4
control,m7_ctrl_43,0,A,43,7,X,insider,buyer,260.0,360.0,16,20,0.7894736842105263,285.0,0.25
control,m7_ctrl_43,0,A,43,7,X,insider,buyer,260.0,360.0,17,20,0.8421052631578947,290.0,0.3
control,m7_ctrl_43,0,A,43,7,X,insider,buyer,260.0,360.0,18,20,0.8947368421052632,300.0,0.4
control,m7_ctrl_43,0,A,43,7,X,insider,buyer,260.0,360.0,19,20,0.9473684210526315,300.0,0.4
control,m7_ctrl_43,0,A,43,7,X,insider,buyer,260.0,360.0,20,20,1.0,300.0,0.4
control,m7_ctrl_43,0,A,43,8,X,insider,buyer,260.0,360.0,1,23,0.0,300.0,0.4
control,m7_ctrl_43,0,A,43,8,X,insider,buyer,260.0,360.0,2,23,0.045454545454545456,315.0,0.55
control,m7_ctrl_43,0,A,43,8,X,insider,buyer,260.0,360.0,3,23,0.09090909090909091,315.0,0.55
control,m7_ctrl_43,0,A,43,8,X,insider,buyer,260.0,360.0,4,23,0.13636363636363635,315.0,0.55
control,m7_ctrl_43,0,A,43,8,X,insider,buyer,260.0,360.0,5,23,0.18181818181818182,315.0,0.55
control,m7_ctrl_43,0,A,43,8,X,insider,buyer,260.0,360.0,6,23,0.22727272727272727,315.0,0.55
control,m7_ctrl_43,0,A,43,8,X,insider,buyer,260.0,360.0,7,23,0.2727272727272727,315.0,0.55
control,m7_ctrl_43,0,A,43,8,X,insider,buyer,260.0,360.0,8,23,0.3181818181818182,315.0,0.55
control,m7_ctrl_43,0,A,43,8,X,insider,buyer,260.0,360.0,9,23,0.36363636363636365,315.0,0.55
control,m7_ctrl_43,0,A,43,8,X,insider,buyer,260.0,360.0,10,23,0.4090909090909091,315.0,0.55
control,m7_ctrl_43,0,A,43,8,X,insider,buyer,260.0,360.0,11,23,0.45454545454545453,315.0,0.55
control,m7_ctrl_43,0,A,43,8,X,insider,buyer,260.0,360.0,12,23,0.5,315.0,0.55
control,m7_ctrl_43,0,A,43,8,X,insider,buyer,260.0,360.0,13,23,0.5454545454545454,315.0,0.55
control,m7_ctrl_43,0,A,43,8,X,insider,buyer,260.0,360.0,14,23,0.5909090909090909,315.0,0.55
control,m7_ctrl_43,0,A,43,8,X,insider,buyer,260.0,360.0,15,23,0.6363636363636364,315.0,0.55
control,m7_ctrl_43,0,A,43,8,X,insider,buyer,260.0,360.0,16,23,0.6818181818181818,315.0,0.55
control,m7_ctrl_43,0,A,43,8,X,insider,buyer,260.0,360.0,17,23,0.7272727272727273,280.0,0.2
control,m7_ctrl_43,0,A,43,8,X,insider,buyer,260.0,360.0,18,23,0.7727272727272727,315.0,0.55
control,m7_ctrl_43,0,A,43,8,X,insider,buyer,260.0,360.0,19,23,0.8181818181818182,270.0,0.1
control,m7_ctrl_43,0,A,43,8,X,insider,buyer,260.0,360.0,20,23,0.8636363636363636,265.0,0.05
control,m7_ctrl_43,0,A,43,8,X,insider,buyer,260.0,360.0,21,23,0.9090909090909091,280.0,0.2
control,m7_ctrl_43,0,A,43,8,X,insider,buyer,260.0,360.0,22,23,0.9545454545454546,280.0,0.2
control,m7_ctrl_43,0,A,43,8,X,insider,buyer,260.0,360.0,23,23,1.0,300.0,0.4
control,m7_ctrl_43,0,A,43,9,X,insider,buyer,260.0,360.0,1,22,0.0,280.0,0.2
control,m7_ctrl_43,0,A,43,9,X,insider,buyer,260.0,360.0,2,22,0.047619047619047616,275.0,0.15
control,m7_ctrl_43,0,A,43,9,X,insider,buyer,260.0,360.0,3,22,0.09523809523809523,275.0,0.15
control,m7_ctrl_43,0,A,43,9,X,insider,buyer,260.0,360.0,4,22,0.14285714285714285,300.0,0.4
control,m7_ctrl_43,0,A,43,9,X,insider,buyer,260.0,360.0,5,22,0.19047619047619047,310.0,0.5
control,m7_ctrl_43,0,A,43,9,X,insider,buyer,260.0,360.0,6,22,0.23809523809523808,320.0,0.6
control,m7_ctrl_43,0,A,43,9,X,insider,buyer,260.0,360.0,7,22,0.2857142857142857,330.0,0.7
control,m7_ctrl_43,0,A,43,9,X,insider,buyer,260.0,360.0,8,22,0.3333333333333333,330.0,0.7
control,m7_ctrl_43,0,A,43,9,X,insider,buyer,260.0,360.0,9,22,0.38095238095238093,330.0,0.7
control,m7_ctrl_43,0,A,43,9,X,insider,buyer,260.0,360.0,10,22,0.42857142857142855,330.0,0.7
control,m7_ctrl_43,0,A,43,9,X,insider,buyer,260.0,360.0,11,22,0.47619047619047616,330.0,0.7
control,m7_ctrl_43,0,A,43,9,X,insider,buyer,260.0,360.0,12,22,0.5238095238095238,280.0,0.2
control,m7_ctrl_43,0,A,43,9,X,insider,buyer,260.0,360.0,13,22,0.5714285714285714,280.0,0.2
control,m7_ctrl_43,0,A,43,9,X,insider,buyer,260.0,360.0,14,22,0.6190476190476191,280.0,0.2
control,m7_ctrl_43,0,A,43,9,X,insider,buyer,260.0,360.0,15,22,0.6666666666666666,320.0,0.6
control,m7_ctrl_43,0,A,43,9,X,insider,buyer,260.0,360.0,16,22,0.7142857142857143,330.0,0.7
control,m7_ctrl_43,0,A,43,9,X,insider,buyer,260.0,360.0,17,22,0.7619047619047619,310.0,0.5
control,m7_ctrl_43,0,A,43,9,X,insider,buyer,260.0,360.0,18,22,0.8095238095238095,300.0,0.4
control,m7_ctrl_43,0,A,43,9,X,insider,buyer,260.0,360.0,19,22,0.8571428571428571,280.0,0.2
control,m7_ctrl_43,0,A,43,9,X,insider,buyer,260.0,360.0,20,22,0.9047619047619048,300.0,0.4
control,m7_ctrl_43,0,A,43,9,X,insider,buyer,260.0,360.0,21,22,0.9523809523809523,330.0,0.7
control,m7_ctrl_43,0,A,43,9,X,insider,buyer,260.0,360.0,22,22,1.0,330.0,0.7
control,m7_ctrl_43,0,A,43,10,Y,insider,seller,260.0,160.0,1,21,0.0,200.0,0.6
control,m7_ctrl_43,0,A,43,10,Y,insider,seller,260.0,160.0,2,21,0.05,200.0,0.6
control,m7_ctrl_43,0,A,43,10,Y,insider,seller,260.0,160.0,3,21,0.1,200.0,0.6
control,m7_ctrl_43,0,A,43,10,Y,insider,seller,260.0,160.0,4,21,0.15,200.0,0.6
control,m7_ctrl_43,0,A,43,10,Y,insider,seller,260.0,160.0,5,21,0.2,200.0,0.6
control,m7_ctrl_43,0,A,43,10,Y,insider,seller,260.0,160.0,6,21,0.25,200.0,0.6
control,m7_ctrl_43,0,A,43,10,Y,insider,seller,260.0,160.0,7,21,0.3,200.0,0.6
control,m7_ctrl_43,0,A,43,10,Y,insider,seller,260.0,160.0,8,21,0.35,200.0,0.6
control,m7_ctrl_43,0,A,43,10,Y,insider,seller,260.0,160.0,9,21,0.4,200.0,0.6
control,m7_ctrl_43,0,A,43,10,Y,insider,seller,260.0,160.0,10,21,0.45,200.0,0.6
control,m7_ctrl_43,0,A,43,10,Y,insider,seller,260.0,160.0,11,21,0.5,200.0,0.6
control,m7_ctrl_43,0,A,43,10,Y,insider,seller,260.0,160.0,12,21,0.55,200.0,0.6
control,m7_ctrl_43,0,A,43,10,Y,insider,seller,260.0,160.0,13,21,0.6,200.0,0.6
control,m7_ctrl_43,0,A,43,10,Y,insider,seller,260.0,160.0,14,21,0.65,120.0,1.4
control,m7_ctrl_43,0,A,43,10,Y,insider,seller,260.0,160.0,15,21,0.7,120.0,1.4
control,m7_ctrl_43,0,A,43,10,Y,insider,seller,260.0,160.0,16,21,0.75,122.0,1.38
control,m7_ctrl_43,0,A,43,10,Y,insider,seller,260.0,160.0,17,21,0.8,122.0,1.38
control,m7_ctrl_43,0,A,43,10,Y,insider,seller,260.0,160.0,18,21,0.85,122.0,1.38
control,m7_ctrl_43,0,A,43,10,Y,insider,seller,260.0,160.0,19,21,0.9,122.0,1.38
control,m7_ctrl_43,0,A,43,10,Y,insider,seller,260.0,160.0,20,21,0.95,130.0,1.3
control,m7_ctrl_43,0,A,43,10,Y,insider,seller,260.0,160.0,21,21,1.0,129.0,1.31
control,m7_ctrl_43,0,A,43,11,Y,insider,seller,260.0,160.0,1,22,0.0,200.0,0.6
control,m7_ctrl_43,0,A,43,11,Y,insider,seller,260.0,160.0,2,22,0.047619047619047616,200.0,0.6
control,m7_ctrl_43,0,A,43,11,Y,insider,seller,260.0,160.0,3,22,0.09523809523809523,200.0,0.6
control,m7_ctrl_43,0,A,43,11,Y,insider,seller,260.0,160.0,4,22,0.14285714285714285,200.0,0.6
control,m7_ctrl_43,0,A,43,11,Y,insider,seller,260.0,160.0,5,22,0.19047619047619047,200.0,0.6
control,m7_ctrl_43,0,A,43,11,Y,insider,seller,260.0,160.0,6,22,0.23809523809523808,200.0,0.6
control,m7_ctrl_43,0,A,43,11,Y,insider,seller,260.0,160.0,7,22,0.2857142857142857,200.0,0.6
control,m7_ctrl_43,0,A,43,11,Y,insider,seller,260.0,160.0,8,22,0.3333333333333333,200.0,0.6
control,m7_ctrl_43,0,A,43,11,Y,insider,seller,260.0,160.0,9,22,0.38095238095238093,200.0,0.6
control,m7_ctrl_43,0,A,43,11,Y,insider,seller,260.0,160.0,10,22,0.42857142857142855,200.0,0.6
control,m7_ctrl_43,0,A,43,11,Y,insider,seller,260.0,160.0,11,22,0.47619047619047616,200.0,0.6
control,m7_ctrl_43,0,A,43,11,Y,insider,seller,260.0,160.0,12,22,0.5238095238095238,200.0,0.6
control,m7_ctrl_43,0,A,43,11,Y,insider,seller,260.0,160.0,13,22,0.5714285714285714,200.0,0.6
control,m7_ctrl_43,0,A,43,11,Y,insider,seller,260.0,160.0,14,22,0.6190476190476191,200.0,0.6
control,m7_ctrl_43,0,A,43,11,Y,insider,seller,260.0,160.0,15,22,0.6666666666666666,200.0,0.6
control,m7_ctrl_43,0,A,43,11,Y,insider,seller,260.0,160.0,16,22,0.7142857142857143,200.0,0.6
control,m7_ctrl_43,0,A,43,11,Y,insider,seller,260.0,160.0,17,22,0.7619047619047619,200.0,0.6
control,m7_ctrl_43,0,A,43,11,Y,insider,seller,260.0,160.0,18,22,0.8095238095238095,200.0,0.6
control,m7_ctrl_43,0,A,43,11,Y,insider,seller,260.0,160.0,19,22,0.8571428571428571,200.0,0.6
control,m7_ctrl_43,0,A,43,11,Y,insider,seller,260.0,160.0,20,22,0.9047619047619048,200.0,0.6
control,m7_ctrl_43,0,A,43,11,Y,insider,seller,260.0,160.0,21,22,0.9523809523809523,200.0,0.6
control,m7_ctrl_43,0,A,43,11,Y,insider,seller,260.0,160.0,22,22,1.0,190.0,0.7
control,m7_ctrl_43,0,A,43,12,X,insider,buyer,260.0,360.0,1,21,0.0,300.0,0.4
control,m7_ctrl_43,0,A,43,12,X,insider,buyer,260.0,360.0,2,21,0.05,250.0,-0.1
control,m7_ctrl_43,0,A,43,12,X,insider,buyer,260.0,360.0,3,21,0.1,250.0,-0.1
control,m7_ctrl_43,0,A,43,12,X,insider,buyer,260.0,360.0,4,21,0.15,250.0,-0.1
control,m7_ctrl_43,0,A,43,12,X,insider,buyer,260.0,360.0,5,21,0.2,325.0,0.65
control,m7_ctrl_43,0,A,43,12,X,insider,buyer,260.0,360.0,6,21,0.25,330.0,0.7
control,m7_ctrl_43,0,A,43,12,X,insider,buyer,260.0,360.0,7,21,0.3,330.0,0.7
control,m7_ctrl_43,0,A,43,12,X,insider,buyer,260.0,360.0,8,21,0.35,330.0,0.7
control,m7_ctrl_43,0,A,43,12,X,insider,buyer,260.0,360.0,9,21,0.4,330.0,0.7
control,m7_ctrl_43,0,A,43,12,X,insider,buyer,260.0,360.0,10,21,0.45,329.0,0.69
control,m7_ctrl_43,0,A,43,12,X,insider,buyer,260.0,360.0,11,21,0.5,329.0,0.69
control,m7_ctrl_43,0,A,43,12,X,insider,buyer,260.0,360.0,12,21,0.55,329.0,0.69
control,m7_ctrl_43,0,A,43,12,X,insider,buyer,260.0,360.0,13,21,0.6,330.0,0.7
control,m7_ctrl_43,0,A,43,12,X,insider,buyer,260.0,360.0,14,21,0.65,330.0,0.7
control,m7_ctrl_43,0,A,43,12,X,insider,buyer,260.0,360.0,15,21,0.7,330.0,0.7
control,m7_ctrl_43,0,A,43,12,X,insider,buyer,260.0,360.0,16,21,0.75,330.0,0.7
control,m7_ctrl_43,0,A,43,12,X,insider,buyer,260.0,360.0,17,21,0.8,330.0,0.7
control,m7_ctrl_43,0,A,43,12,X,insider,buyer,260.0,360.0,18,21,0.85,330.0,0.7
control,m7_ctrl_43,0,A,43,12,X,insider,buyer,260.0,360.0,19,21,0.9,330.0,0.7
control,m7_ctrl_43,0,A,43,12,X,insider,buyer,260.0,360.0,20,21,0.95,330.0,0.7
control,m7_ctrl_43,0,A,43,12,X,insider,buyer,260.0,360.0,21,21,1.0,331.0,0.71
control,m7_ctrl_43,0,A,43,13,Y,insider,seller,260.0,160.0,1,16,0.0,200.0,0.6
control,m7_ctrl_43,0,A,43,13,Y,insider,seller,260.0,160.0,2,16,0.06666666666666667,199.0,0.61
control,m7_ctrl_43,0,A,43,13,Y,insider,seller,260.0,160.0,3,16,0.13333333333333333,198.0,0.62
control,m7_ctrl_43,0,A,43,13,Y,insider,seller,260.0,160.0,4,16,0.2,198.0,0.62
control,m7_ctrl_43,0,A,43,13,Y,insider,seller,260.0,160.0,5,16,0.26666666666666666,196.0,0.64
control,m7_ctrl_43,0,A,43,13,Y,insider,seller,260.0,160.0,6,16,0.3333333333333333,195.0,0.65
control,m7_ctrl_43,0,A,43,13,Y,insider,seller,260.0,160.0,7,16,0.4,194.0,0.66
control,m7_ctrl_43,0,A,43,13,Y,insider,seller,260.0,160.0,8,16,0.4666666666666667,194.0,0.66
control,m7_ctrl_43,0,A,43,13,Y,insider,seller,260.0,160.0,9,16,0.5333333333333333,194.0,0.66
control,m7_ctrl_43,0,A,43,13,Y,insider,seller,260.0,160.0,10,16,0.6,193.0,0.67
control,m7_ctrl_43,0,A,43,13,Y,insider,seller,260.0,160.0,11,16,0.6666666666666666,185.0,0.75
control,m7_ctrl_43,0,A,43,13,Y,insider,seller,260.0,160.0,12,16,0.7333333333333333,185.0,0.75
control,m7_ctrl_43,0,A,43,13,Y,insider,seller,260.0,160.0,13,16,0.8,185.0,0.75
control,m7_ctrl_43,0,A,43,13,Y,insider,seller,260.0,160.0,14,16,0.8666666666666667,150.0,1.1
control,m7_ctrl_43,0,A,43,13,Y,insider,seller,260.0,160.0,15,16,0.9333333333333333,150.0,1.1
control,m7_ctrl_43,0,A,43,13,Y,insider,seller,260.0,160.0,16,16,1.0,150.0,1.1
control,m7_ctrl_44,0,A,44,5,X,insider,buyer,260.0,360.0,1,13,0.0,260.0,0.0
control,m7_ctrl_44,0,A,44,5,X,insider,buyer,260.0,360.0,2,13,0.08333333333333333,260.0,0.0
control,m7_ctrl_44,0,A,44,5,X,insider,buyer,260.0,360.0,3,13,0.16666666666666666,270.0,0.1
control,m7_ctrl_44,0,A,44,5,X,insider,buyer,260.0,360.0,4,13,0.25,260.0,0.0
control,m7_ctrl_44,0,A,44,5,X,insider,buyer,260.0,360.0,5,13,0.3333333333333333,260.0,0.0
control,m7_ctrl_44,0,A,44,5,X,insider,buyer,260.0,360.0,6,13,0.4166666666666667,270.0,0.1
control,m7_ctrl_44,0,A,44,5,X,insider,buyer,260.0,360.0,7,13,0.5,270.0,0.1
control,m7_ctrl_44,0,A,44,5,X,insider,buyer,260.0,360.0,8,13,0.5833333333333334,270.0,0.1
control,m7_ctrl_44,0,A,44,5,X,insider,buyer,260.0,360.0,9,13,0.6666666666666666,270.0,0.1
control,m7_ctrl_44,0,A,44,5,X,insider,buyer,260.0,360.0,10,13,0.75,270.0,0.1
control,m7_ctrl_44,0,A,44,5,X,insider,buyer,260.0,360.0,11,13,0.8333333333333334,271.0,0.11
control,m7_ctrl_44,0,A,44,5,X,insider,buyer,260.0,360.0,12,13,0.9166666666666666,271.0,0.11
control,m7_ctrl_44,0,A,44,5,X,insider,buyer,260.0,360.0,13,13,1.0,290.0,0.3
control,m7_ctrl_44,0,A,44,6,X,insider,buyer,260.0,360.0,1,18,0.0,250.0,-0.1
control,m7_ctrl_44,0,A,44,6,X,insider,buyer,260.0,360.0,2,18,0.058823529411764705,250.0,-0.1
control,m7_ctrl_44,0,A,44,6,X,insider,buyer,260.0,360.0,3,18,0.11764705882352941,250.0,-0.1
control,m7_ctrl_44,0,A,44,6,X,insider,buyer,260.0,360.0,4,18,0.17647058823529413,251.0,-0.09
control,m7_ctrl_44,0,A,44,6,X,insider,buyer,260.0,360.0,5,18,0.23529411764705882,260.0,0.0
control,m7_ctrl_44,0,A,44,6,X,insider,buyer,260.0,360.0,6,18,0.29411764705882354,261.0,0.01
control,m7_ctrl_44,0,A,44,6,X,insider,buyer,260.0,360.0,7,18,0.35294117647058826,262.0,0.02
control,m7_ctrl_44,0,A,44,6,X,insider,buyer,260.0,360.0,8,18,0.4117647058823529,270.0,0.1
control,m7_ctrl_44,0,A,44,6,X,insider,buyer,260.0,360.0,9,18,0.47058823529411764,271.0,0.11
control,m7_ctrl_44,0,A,44,6,X,insider,buyer,260.0,360.0,10,18,0.5294117647058824,272.0,0.12
control,m7_ctrl_44,0,A,44,6,X,insider,buyer,260.0,360.0,11,18,0.5882352941176471,273.0,0.13
control,m7_ctrl_44,0,A,44,6,X,insider,buyer,260.0,360.0,12,18,0.6470588235294118,276.0,0.16
control,m7_ctrl_44,0,A,44,6,X,insider,buyer,260.0,360.0,13,18,0.7058823529411765,286.0,0.26
control,m7_ctrl_44,0,A,44,6,X,insider,buyer,260.0,360.0,14,18,0.7647058823529411,286.0,0.26
control,m7_ctrl_44,0,A,44,6,X,insider,buyer,260.0,360.0,15,18,0.8235294117647058,289.0,0.29
control,m7_ctrl_44,0,A,44,6,X,insider,buyer,260.0,360.0,16,18,0.8823529411764706,290.0,0.3
control,m7_ctrl_44,0,A,44,6,X,insider,buyer,260.0,360.0,17,18,0.9411764705882353,291.0,0.31
control,m7_ctrl_44,0,A,44,6,X,insider,buyer,260.0,360.0,18,18,1.0,292.0,0.32
control,m7_ctrl_44,0,A,44,7,X,insider,buyer,260.0,360.0,1,27,0.0,280.0,0.2
control,m7_ctrl_44,0,A,44,7,X,insider,buyer,260.0,360.0,2,27,0.038461538461538464,290.0,0.3
control,m7_ctrl_44,0,A,44,7,X,insider,buyer,260.0,360.0,3,27,0.07692307692307693,300.0,0.4
control,m7_ctrl_44,0,A,44,7,X,insider,buyer,260.0,360.0,4,27,0.11538461538461539,305.0,0.45
control,m7_ctrl_44,0,A,44,7,X,insider,buyer,260.0,360.0,5,27,0.15384615384615385,305.0,0.45
control,m7_ctrl_44,0,A,44,7,X,insider,buyer,260.0,360.0,6,27,0.19230769230769232,305.0,0.45
control,m7_ctrl_44,0,A,44,7,X,insider,buyer,260.0,360.0,7,27,0.23076923076923078,305.0,0.45
control,m7_ctrl_44,0,A,44,7,X,insider,buyer,260.0,360.0,8,27,0.2692307692307692,306.0,0.46
control,m7_ctrl_44,0,A,44,7,X,insider,buyer,260.0,360.0,9,27,0.3076923076923077,306.0,0.46
control,m7_ctrl_44,0,A,44,7,X,insider,buyer,260.0,360.0,10,27,0.34615384615384615,306.0,0.46
control,m7_ctrl_44,0,A,44,7,X,insider,buyer,260.0,360.0,11,27,0.38461538461538464,285.0,0.25
control,m7_ctrl_44,0,A,44,7,X,insider,buyer,260.0,360.0,12,27,0.4230769230769231,285.0,0.25
control,m7_ctrl_44,0,A,44,7,X,insider,buyer,260.0,360.0,13,27,0.46153846153846156,285.0,0.25
control,m7_ctrl_44,0,A,44,7,X,insider,buyer,260.0,360.0,14,27,0.5,285.0,0.25
control,m7_ctrl_44,0,A,44,7,X,insider,buyer,260.0,360.0,15,27,0.5384615384615384,280.0,0.2
control,m7_ctrl_44,0,A,44,7,X,insider,buyer,260.0,360.0,16,27,0.5769230769230769,285.0,0.25
control,m7_ctrl_44,0,A,44,7,X,insider,buyer,260.0,360.0,17,27,0.6153846153846154,285.0,0.25
control,m7_ctrl_44,0,A,44,7,X,insider,buyer,260.0,360.0,18,27,0.6538461538461539,285.0,0.25
control,m7_ctrl_44,0,A,44,7,X,insider,buyer,260.0,360.0,19,27,0.6923076923076923,290.0,0.3
control,m7_ctrl_44,0,A,44,7,X,insider,buyer,260.0,360.0,20,27,0.7307692307692307,291.0,0.31
control,m7_ctrl_44,0,A,44,7,X,insider,buyer,260.0,360.0,21,27,0.7692307692307693,291.0,0.31
control,m7_ctrl_44,0,A,44,7,X,insider,buyer,260.0,360.0,22,27,0.8076923076923077,292.0,0.32
control,m7_ctrl_44,0,A,44,7,X,insider,buyer,260.0,360.0,23,27,0.8461538461538461,295.0,0.35
control,m7_ctrl_44,0,A,44,7,X,insider,buyer,260.0,360.0,24,27,0.8846153846153846,295.0,0.35
control,m7_ctrl_44,0,A,44,7,X,insider,buyer,260.0,360.0,25,27,0.9230769230769231,283.0,0.23
control,m7_ctrl_44,0,A,44,7,X,insider,buyer,260.0,360.0,26,27,0.9615384615384616,295.0,0.35
control,m7_ctrl_44,0,A,44,7,X,insider,buyer,260.0,360.0,27,27,1.0,285.0,0.25
control,m7_ctrl_44,0,A,44,8,X,insider,buyer,260.0,360.0,1,12,0.0,259.0,-0.01
control,m7_ctrl_44,0,A,44,8,X,insider,buyer,260.0,360.0,2,12,0.09090909090909091,260.0,0.0
control,m7_ctrl_44,0,A,44,8,X,insider,buyer,260.0,360.0,3,12,0.18181818181818182,262.0,0.02
control,m7_ctrl_44,0,A,44,8,X,insider,buyer,260.0,360.0,4,12,0.2727272727272727,265.0,0.05
control,m7_ctrl_44,0,A,44,8,X,insider,buyer,260.0,360.0,5,12,0.36363636363636365,271.0,0.11
control,m7_ctrl_44,0,A,44,8,X,insider,buyer,260.0,360.0,6,12,0.45454545454545453,275.0,0.15
control,m7_ctrl_44,0,A,44,8,X,insider,buyer,260.0,360.0,7,12,0.5454545454545454,280.0,0.2
control,m7_ctrl_44,0,A,44,8,X,insider,buyer,260.0,360.0,8,12,0.6363636363636364,285.0,0.25
control,m7_ctrl_44,0,A,44,8,X,insider,buyer,260.0,360.0,9,12,0.7272727272727273,283.0,0.23
control,m7_ctrl_44,0,A,44,8,X,insider,buyer,260.0,360.0,10,12,0.8181818181818182,300.0,0.4
control,m7_ctrl_44,0,A,44,8,X,insider,buyer,260.0,360.0,11,12,0.9090909090909091,289.0,0.29
control,m7_ctrl_44,0,A,44,8,X,insider,buyer,260.0,360.0,12,12,1.0,291.0,0.31
control,m7_ctrl_44,0,A,44,9,X,insider,buyer,260.0,360.0,1,25,0.0,280.0,0.2
control,m7_ctrl_44,0,A,44,9,X,insider,buyer,260.0,360.0,2,25,0.041666666666666664,300.0,0.4
control,m7_ctrl_44,0,A,44,9,X,insider,buyer,260.0,360.0,3,25,0.08333333333333333,300.0,0.4
control,m7_ctrl_44,0,A,44,9,X,insider,buyer,260.0,360.0,4,25,0.125,300.0,0.4
control,m7_ctrl_44,0,A,44,9,X,insider,buyer,260.0,360.0,5,25,0.16666666666666666,310.0,0.5
control,m7_ctrl_44,0,A,44,9,X,insider,buyer,260.0,360.0,6,25,0.20833333333333334,315.0,0.55
control,m7_ctrl_44,0,A,44,9,X,insider,buyer,260.0,360.0,7,25,0.25,320.0,0.6
control,m7_ctrl_44,0,A,44,9,X,insider,buyer,260.0,360.0,8,25,0.2916666666666667,325.0,0.65
control,m7_ctrl_44,0,A,44,9,X,insider,buyer,260.0,360.0,9,25,0.3333333333333333,325.0,0.65
control,m7_ctrl_44,0,A,44,9,X,insider,buyer,260.0,360.0,10,25,0.375,315.0,0.55
control,m7_ctrl_44,0,A,44,9,X,insider,buyer,260.0,360.0,11,25,0.4166666666666667,318.0,0.58
control,m7_ctrl_44,0,A,44,9,X,insider,buyer,260.0,360.0,12,25,0.4583333333333333,340.0,0.8
control,m7_ctrl_44,0,A,44,9,X,insider,buyer,260.0,360.0,13,25,0.5,345.0,0.85
control,m7_ctrl_44,0,A,44,9,X,insider,buyer,260.0,360.0,14,25,0.5416666666666666,340.0,0.8
control,m7_ctrl_44,0,A,44,9,X,insider,buyer,260.0,360.0,15,25,0.5833333333333334,340.0,0.8
control,m7_ctrl_44,0,A,44,9,X,insider,buyer,260.0,360.0,16,25,0.625,350.0,0.9
control,m7_ctrl_44,0,A,44,9,X,insider,buyer,260.0,360.0,17,25,0.6666666666666666,350.0,0.9
control,m7_ctrl_44,0,A,44,9,X,insider,buyer,260.0,360.0,18,25,0.7083333333333334,350.0,0.9
control,m7_ctrl_44,0,A,44,9,X,insider,buyer,260.0,360.0,19,25,0.75,320.0,0.6
control,m7_ctrl_44,0,A,44,9,X,insider,buyer,260.0,360.0,20,25,0.7916666666666666,280.0,0.2
control,m7_ctrl_44,0,A,44,9,X,insider,buyer,260.0,360.0,21,25,0.8333333333333334,270.0,0.1
control,m7_ctrl_44,0,A,44,9,X,insider,buyer,260.0,360.0,22,25,0.875,280.0,0.2
control,m7_ctrl_44,0,A,44,9,X,insider,buyer,260.0,360.0,23,25,0.9166666666666666,290.0,0.3
control,m7_ctrl_44,0,A,44,9,X,insider,buyer,260.0,360.0,24,25,0.9583333333333334,300.0,0.4
control,m7_ctrl_44,0,A,44,9,X,insider,buyer,260.0,360.0,25,25,1.0,330.0,0.7
control,m7_ctrl_44,0,A,44,10,X,insider,buyer,260.0,360.0,1,26,0.0,250.0,-0.1
control,m7_ctrl_44,0,A,44,10,X,insider,buyer,260.0,360.0,2,26,0.04,260.0,0.0
control,m7_ctrl_44,0,A,44,10,X,insider,buyer,260.0,360.0,3,26,0.08,250.0,-0.1
control,m7_ctrl_44,0,A,44,10,X,insider,buyer,260.0,360.0,4,26,0.12,250.0,-0.1
control,m7_ctrl_44,0,A,44,10,X,insider,buyer,260.0,360.0,5,26,0.16,250.0,-0.1
control,m7_ctrl_44,0,A,44,10,X,insider,buyer,260.0,360.0,6,26,0.2,280.0,0.2
control,m7_ctrl_44,0,A,44,10,X,insider,buyer,260.0,360.0,7,26,0.24,300.0,0.4
control,m7_ctrl_44,0,A,44,10,X,insider,buyer,260.0,360.0,8,26,0.28,300.0,0.4
control,m7_ctrl_44,0,A,44,10,X,insider,buyer,260.0,360.0,9,26,0.32,300.0,0.4
control,m7_ctrl_44,0,A,44,10,X,insider,buyer,260.0,360.0,10,26,0.36,300.0,0.4
control,m7_ctrl_44,0,A,44,10,X,insider,buyer,260.0,360.0,11,26,0.4,340.0,0.8
control,m7_ctrl_44,0,A,44,10,X,insider,buyer,260.0,360.0,12,26,0.44,350.0,0.9
control,m7_ctrl_44,0,A,44,10,X,insider,buyer,260.0,360.0,13,26,0.48,340.0,0.8
control,m7_ctrl_44,0,A,44,10,X,insider,buyer,260.0,360.0,14,26,0.52,340.0,0.8
control,m7_ctrl_44,0,A,44,10,X,insider,buyer,260.0,360.0,15,26,0.56,300.0,0.4
control,m7_ctrl_44,0,A,44,10,X,insider,buyer,260.0,360.0,16,26,0.6,300.0,0.4
control,m7_ctrl_44,0,A,44,10,X,insider,buyer,260.0,360.0,17,26,0.64,300.0,0.4
control,m7_ctrl_44,0,A,44,10,X,insider,buyer,260.0,360.0,18,26,0.68,300.0,0.4
control,m7_ctrl_44,0,A,44,10,X,insider,buyer,260.0,360.0,19,26,0.72,250.0,-0.1
control,m7_ctrl_44,0,A,44,10,X,insider,buyer,260.0,360.0,20,26,0.76,300.0,0.4
control,m7_ctrl_44,0,A,44,10,X,insider,buyer,260.0,360.0,21,26,0.8,310.0,0.5
control,m7_ctrl_44,0,A,44,10,X,insider,buyer,260.0,360.0,22,26,0.84,310.0,0.5
control,m7_ctrl_44,0,A,44,10,X,insider,buyer,260.0,360.0,23,26,0.88,310.0,0.5
control,m7_ctrl_44,0,A,44,10,X,insider,buyer,260.0,360.0,24,26,0.92,320.0,0.6
control,m7_ctrl_44,0,A,44,10,X,insider,buyer,260.0,360.0,25,26,0.96,320.0,0.6
control,m7_ctrl_44,0,A,44,10,X,insider,buyer,260.0,360.0,26,26,1.0,320.0,0.6
control,m7_ctrl_44,0,A,44,11,Y,insider,seller,260.0,160.0,1,19,0.0,200.0,0.6
control,m7_ctrl_44,0,A,44,11,Y,insider,seller,260.0,160.0,2,19,0.05555555555555555,328.0,-0.68
control,m7_ctrl_44,0,A,44,11,Y,insider,seller,260.0,160.0,3,19,0.1111111111111111,320.0,-0.6
control,m7_ctrl_44,0,A,44,11,Y,insider,seller,260.0,160.0,4,19,0.16666666666666666,320.0,-0.6
control,m7_ctrl_44,0,A,44,11,Y,insider,seller,260.0,160.0,5,19,0.2222222222222222,325.0,-0.65
control,m7_ctrl_44,0,A,44,11,Y,insider,seller,260.0,160.0,6,19,0.2777777777777778,299.0,-0.39
control,m7_ctrl_44,0,A,44,11,Y,insider,seller,260.0,160.0,7,19,0.3333333333333333,298.0,-0.38
control,m7_ctrl_44,0,A,44,11,Y,insider,seller,260.0,160.0,8,19,0.3888888888888889,298.0,-0.38
control,m7_ctrl_44,0,A,44,11,Y,insider,seller,260.0,160.0,9,19,0.4444444444444444,298.0,-0.38
control,m7_ctrl_44,0,A,44,11,Y,insider,seller,260.0,160.0,10,19,0.5,298.0,-0.38
control,m7_ctrl_44,0,A,44,11,Y,insider,seller,260.0,160.0,11,19,0.5555555555555556,298.0,-0.38
control,m7_ctrl_44,0,A,44,11,Y,insider,seller,260.0,160.0,12,19,0.6111111111111112,298.0,-0.38
control,m7_ctrl_44,0,A,44,11,Y,insider,seller,260.0,160.0,13,19,0.6666666666666666,298.0,-0.38
control,m7_ctrl_44,0,A,44,11,Y,insider,seller,260.0,160.0,14,19,0.7222222222222222,299.0,-0.39
control,m7_ctrl_44,0,A,44,11,Y,insider,seller,260.0,160.0,15,19,0.7777777777777778,299.0,-0.39
control,m7_ctrl_44,0,A,44,11,Y,insider,seller,260.0,160.0,16,19,0.8333333333333334,299.0,-0.39
control,m7_ctrl_44,0,A,44,11,Y,insider,seller,260.0,160.0,17,19,0.8888888888888888,299.0,-0.39
control,m7_ctrl_44,0,A,44,11,Y,insider,seller,260.0,160.0,18,19,0.9444444444444444,299.0,-0.39
control,m7_ctrl_44,0,A,44,11,Y,insider,seller,260.0,160.0,19,19,1.0,298.0,-0.38
control,m7_ctrl_44,0,A,44,12,X,insider,buyer,260.0,360.0,1,18,0.0,300.0,0.4
control,m7_ctrl_44,0,A,44,12,X,insider,buyer,260.0,360.0,2,18,0.058823529411764705,320.0,0.6
control,m7_ctrl_44,0,A,44,12,X,insider,buyer,260.0,360.0,3,18,0.11764705882352941,330.0,0.7
control,m7_ctrl_44,0,A,44,12,X,insider,buyer,260.0,360.0,4,18,0.17647058823529413,290.0,0.3
control,m7_ctrl_44,0,A,44,12,X,insider,buyer,260.0,360.0,5,18,0.23529411764705882,310.0,0.5
control,m7_ctrl_44,0,A,44,12,X,insider,buyer,260.0,360.0,6,18,0.29411764705882354,310.0,0.5
control,m7_ctrl_44,0,A,44,12,X,insider,buyer,260.0,360.0,7,18,0.35294117647058826,310.0,0.5
control,m7_ctrl_44,0,A,44,12,X,insider,buyer,260.0,360.0,8,18,0.4117647058823529,310.0,0.5
control,m7_ctrl_44,0,A,44,12,X,insider,buyer,260.0,360.0,9,18,0.47058823529411764,310.0,0.5
control,m7_ctrl_44,0,A,44,12,X,insider,buyer,260.0,360.0,10,18,0.5294117647058824,310.0,0.5
control,m7_ctrl_44,0,A,44,12,X,insider,buyer,260.0,360.0,11,18,0.5882352941176471,310.0,0.5
control,m7_ctrl_44,0,A,44,12,X,insider,buyer,260.0,360.0,12,18,0.6470588235294118,310.0,0.5
control,m7_ctrl_44,0,A,44,12,X,insider,buyer,260.0,360.0,13,18,0.7058823529411765,320.0,0.6
control,m7_ctrl_44,0,A,44,12,X,insider,buyer,260.0,360.0,14,18,0.7647058823529411,310.0,0.5
control,m7_ctrl_44,0,A,44,12,X,insider,buyer,260.0,360.0,15,18,0.8235294117647058,310.0,0.5
control,m7_ctrl_44,0,A,44,12,X,insider,buyer,260.0,360.0,16,18,0.8823529411764706,310.0,0.5
control,m7_ctrl_44,0,A,44,12,X,insider,buyer,260.0,360.0,17,18,0.9411764705882353,300.0,0.4
control,m7_ctrl_44,0,A,44,12,X,insider,buyer,260.0,360.0,18,18,1.0,310.0,0.5
control,m7_ctrl_44,0,A,44,13,Y,insider,seller,260.0,160.0,1,23,0.0,200.0,0.6
control,m7_ctrl_44,0,A,44,13,Y,insider,seller,260.0,160.0,2,23,0.045454545454545456,200.0,0.6
control,m7_ctrl_44,0,A,44,13,Y,insider,seller,260.0,160.0,3,23,0.09090909090909091,200.0,0.6
control,m7_ctrl_44,0,A,44,13,Y,insider,seller,260.0,160.0,4,23,0.13636363636363635,200.0,0.6
control,m7_ctrl_44,0,A,44,13,Y,insider,seller,260.0,160.0,5,23,0.18181818181818182,200.0,0.6
control,m7_ctrl_44,0,A,44,13,Y,insider,seller,260.0,160.0,6,23,0.22727272727272727,200.0,0.6
control,m7_ctrl_44,0,A,44,13,Y,insider,seller,260.0,160.0,7,23,0.2727272727272727,200.0,0.6
control,m7_ctrl_44,0,A,44,13,Y,insider,seller,260.0,160.0,8,23,0.3181818181818182,200.0,0.6
control,m7_ctrl_44,0,A,44,13,Y,insider,seller,260.0,160.0,9,23,0.36363636363636365,200.0,0.6
control,m7_ctrl_44,0,A,44,13,Y,insider,seller,260.0,160.0,10,23,0.4090909090909091,200.0,0.6
control,m7_ctrl_44,0,A,44,13,Y,insider,seller,260.0,160.0,11,23,0.45454545454545453,200.0,0.6
control,m7_ctrl_44,0,A,44,13,Y,insider,seller,260.0,160.0,12,23,0.5,200.0,0.6
control,m7_ctrl_44,0,A,44,13,Y,insider,seller,260.0,160.0,13,23,0.5454545454545454,200.0,0.6
control,m7_ctrl_44,0,A,44,13,Y,insider,seller,260.0,160.0,14,23,0.5909090909090909,200.0,0.6
control,m7_ctrl_44,0,A,44,13,Y,insider,seller,260.0,160.0,15,23,0.6363636363636364,200.0,0.6
control,m7_ctrl_44,0,A,44,13,Y,insider,seller,260.0,160.0,16,23,0.6818181818181818,200.0,0.6
control,m7_ctrl_44,0,A,44,13,Y,insider,seller,260.0,160.0,17,23,0.7272727272727273,200.0,0.6
control,m7_ctrl_44,0,A,44,13,Y,insider,seller,260.0,160.0,18,23,0.7727272727272727,200.0,0.6
control,m7_ctrl_44,0,A,44,13,Y,insider,seller,260.0,160.0,19,23,0.8181818181818182,200.0,0.6
control,m7_ctrl_44,0,A,44,13,Y,insider,seller,260.0,160.0,20,23,0.8636363636363636,200.0,0.6
control,m7_ctrl_44,0,A,44,13,Y,insider,seller,260.0,160.0,21,23,0.9090909090909091,150.0,1.1
control,m7_ctrl_44,0,A,44,13,Y,insider,seller,260.0,160.0,22,23,0.9545454545454546,150.0,1.1
control,m7_ctrl_44,0,A,44,13,Y,insider,seller,260.0,160.0,23,23,1.0,150.0,1.1
control,m7_ctrl_45,0,A,45,5,X,insider,buyer,260.0,360.0,1,25,0.0,250.0,-0.1
control,m7_ctrl_45,0,A,45,5,X,insider,buyer,260.0,360.0,2,25,0.041666666666666664,240.0,-0.2
control,m7_ctrl_45,0,A,45,5,X,insider,buyer,260.0,360.0,3,25,0.08333333333333333,250.0,-0.1
control,m7_ctrl_45,0,A,45,5,X,insider,buyer,260.0,360.0,4,25,0.125,249.0,-0.11
control,m7_ctrl_45,0,A,45,5,X,insider,buyer,260.0,360.0,5,25,0.16666666666666666,250.0,-0.1
control,m7_ctrl_45,0,A,45,5,X,insider,buyer,260.0,360.0,6,25,0.20833333333333334,260.0,0.0
control,m7_ctrl_45,0,A,45,5,X,insider,buyer,260.0,360.0,7,25,0.25,270.0,0.1
control,m7_ctrl_45,0,A,45,5,X,insider,buyer,260.0,360.0,8,25,0.2916666666666667,271.0,0.11
control,m7_ctrl_45,0,A,45,5,X,insider,buyer,260.0,360.0,9,25,0.3333333333333333,275.0,0.15
control,m7_ctrl_45,0,A,45,5,X,insider,buyer,260.0,360.0,10,25,0.375,270.0,0.1
control,m7_ctrl_45,0,A,45,5,X,insider,buyer,260.0,360.0,11,25,0.4166666666666667,280.0,0.2
control,m7_ctrl_45,0,A,45,5,X,insider,buyer,260.0,360.0,12,25,0.4583333333333333,280.0,0.2
control,m7_ctrl_45,0,A,45,5,X,insider,buyer,260.0,360.0,13,25,0.5,250.0,-0.1
control,m7_ctrl_45,0,A,45,5,X,insider,buyer,260.0,360.0,14,25,0.5416666666666666,290.0,0.3
control,m7_ctrl_45,0,A,45,5,X,insider,buyer,260.0,360.0,15,25,0.5833333333333334,290.0,0.3
control,m7_ctrl_45,0,A,45,5,X,insider,buyer,260.0,360.0,16,25,0.625,300.0,0.4
control,m7_ctrl_45,0,A,45,5,X,insider,buyer,260.0,360.0,17,25,0.6666666666666666,300.0,0.4
control,m7_ctrl_45,0,A,45,5,X,insider,buyer,260.0,360.0,18,25,0.7083333333333334,300.0,0.4
control,m7_ctrl_45,0,A,45,5,X,insider,buyer,260.0,360.0,19,25,0.75,300.0,0.4
control,m7_ctrl_45,0,A,45,5,X,insider,buyer,260.0,360.0,20,25,0.7916666666666666,310.0,0.5
control,m7_ctrl_45,0,A,45,5,X,insider,buyer,260.0,360.0,21,25,0.8333333333333334,320.0,0.6
control,m7_ctrl_45,0,A,45,5,X,insider,buyer,260.0,360.0,22,25,0.875,340.0,0.8
control,m7_ctrl_45,0,A,45,5,X,insider,buyer,260.0,360.0,23,25,0.9166666666666666,340.0,0.8
control,m7_ctrl_45,0,A,45,5,X,insider,buyer,260.0,360.0,24,25,0.9583333333333334,340.0,0.8
control,m7_ctrl_45,0,A,45,5,X,insider,buyer,260.0,360.0,25,25,1.0,340.0,0.8
control,m7_ctrl_45,0,A,45,6,X,insider,buyer,260.0,360.0,1,13,0.0,250.0,-0.1
control,m7_ctrl_45,0,A,45,6,X,insider,buyer,260.0,360.0,2,13,0.08333333333333333,250.0,-0.1
control,m7_ctrl_45,0,A,45,6,X,insider,buyer,260.0,360.0,3,13,0.16666666666666666,250.0,-0.1
control,m7_ctrl_45,0,A,45,6,X,insider,buyer,260.0,360.0,4,13,0.25,260.0,0.0
control,m7_ctrl_45,0,A,45,6,X,insider,buyer,260.0,360.0,5,13,0.3333333333333333,250.0,-0.1
control,m7_ctrl_45,0,A,45,6,X,insider,buyer,260.0,360.0,6,13,0.4166666666666667,260.0,0.0
control,m7_ctrl_45,0,A,45,6,X,insider,buyer,260.0,360.0,7,13,0.5,270.0,0.1
control,m7_ctrl_45,0,A,45,6,X,insider,buyer,260.0,360.0,8,13,0.5833333333333334,271.0,0.11
control,m7_ctrl_45,0,A,45,6,X,insider,buyer,260.0,360.0,9,13,0.6666666666666666,260.0,0.0
control,m7_ctrl_45,0,A,45,6,X,insider,buyer,260.0,360.0,10,13,0.75,261.0,0.01
control,m7_ctrl_45,0,A,45,6,X,insider,buyer,260.0,360.0,11,13,0.8333333333333334,261.0,0.01
control,m7_ctrl_45,0,A,45,6,X,insider,buyer,260.0,360.0,12,13,0.9166666666666666,261.0,0.01
control,m7_ctrl_45,0,A,45,6,X,insider,buyer,260.0,360.0,13,13,1.0,280.0,0.2
control,m7_ctrl_45,0,A,45,7,Y,insider,seller,260.0,160.0,1,25,0.0,250.0,0.1
control,m7_ctrl_45,0,A,45,7,Y,insider,seller,260.0,160.0,2,25,0.041666666666666664,250.0,0.1
control,m7_ctrl_45,0,A,45,7,Y,insider,seller,260.0,160.0,3,25,0.08333333333333333,250.0,0.1
control,m7_ctrl_45,0,A,45,7,Y,insider,seller,260.0,160.0,4,25,0.125,250.0,0.1
control,m7_ctrl_45,0,A,45,7,Y,insider,seller,260.0,160.0,5,25,0.16666666666666666,250.0,0.1
control,m7_ctrl_45,0,A,45,7,Y,insider,seller,260.0,160.0,6,25,0.20833333333333334,250.0,0.1
control,m7_ctrl_45,0,A,45,7,Y,insider,seller,260.0,160.0,7,25,0.25,250.0,0.1
control,m7_ctrl_45,0,A,45,7,Y,insider,seller,260.0,160.0,8,25,0.2916666666666667,250.0,0.1
control,m7_ctrl_45,0,A,45,7,Y,insider,seller,260.0,160.0,9,25,0.3333333333333333,250.0,0.1
control,m7_ctrl_45,0,A,45,7,Y,insider,seller,260.0,160.0,10,25,0.375,250.0,0.1
control,m7_ctrl_45,0,A,45,7,Y,insider,seller,260.0,160.0,11,25,0.4166666666666667,115.0,1.45
control,m7_ctrl_45,0,A,45,7,Y,insider,seller,260.0,160.0,12,25,0.4583333333333333,116.0,1.44
control,m7_ctrl_45,0,A,45,7,Y,insider,seller,260.0,160.0,13,25,0.5,115.0,1.45
control,m7_ctrl_45,0,A,45,7,Y,insider,seller,260.0,160.0,14,25,0.5416666666666666,115.0,1.45
control,m7_ctrl_45,0,A,45,7,Y,insider,seller,260.0,160.0,15,25,0.5833333333333334,115.0,1.45
control,m7_ctrl_45,0,A,45,7,Y,insider,seller,260.0,160.0,16,25,0.625,110.0,1.5
control,m7_ctrl_45,0,A,45,7,Y,insider,seller,260.0,160.0,17,25,0.6666666666666666,110.0,1.5
control,m7_ctrl_45,0,A,45,7,Y,insider,seller,260.0,160.0,18,25,0.7083333333333334,115.0,1.45
control,m7_ctrl_45,0,A,45,7,Y,insider,seller,260.0,160.0,19,25,0.75,115.0,1.45
control,m7_ctrl_45,0,A,45,7,Y,insider,seller,260.0,160.0,20,25,0.7916666666666666,110.0,1.5
control,m7_ctrl_45,0,A,45,7,Y,insider,seller,260.0,160.0,21,25,0.8333333333333334,110.0,1.5
control,m7_ctrl_45,0,A,45,7,Y,insider,seller,260.0,160.0,22,25,0.875,110.0,1.5
control,m7_ctrl_45,0,A,45,7,Y,insider,seller,260.0,160.0,23,25,0.9166666666666666,110.0,1.5
control,m7_ctrl_45,0,A,45,7,Y,insider,seller,260.0,160.0,24,25,0.9583333333333334,111.0,1.49
control,m7_ctrl_45,0,A,45,7,Y,insider,seller,260.0,160.0,25,25,1.0,111.0,1.49
control,m7_ctrl_45,0,A,45,8,X,insider,buyer,260.0,360.0,1,19,0.0,300.0,0.4
control,m7_ctrl_45,0,A,45,8,X,insider,buyer,260.0,360.0,2,19,0.05555555555555555,340.0,0.8
control,m7_ctrl_45,0,A,45,8,X,insider,buyer,260.0,360.0,3,19,0.1111111111111111,300.0,0.4
control,m7_ctrl_45,0,A,45,8,X,insider,buyer,260.0,360.0,4,19,0.16666666666666666,300.0,0.4
control,m7_ctrl_45,0,A,45,8,X,insider,buyer,260.0,360.0,5,19,0.2222222222222222,300.0,0.4
control,m7_ctrl_45,0,A,45,8,X,insider,buyer,260.0,360.0,6,19,0.2777777777777778,300.0,0.4
control,m7_ctrl_45,0,A,45,8,X,insider,buyer,260.0,360.0,7,19,0.3333333333333333,301.0,0.41
control,m7_ctrl_45,0,A,45,8,X,insider,buyer,260.0,360.0,8,19,0.3888888888888889,300.0,0.4
control,m7_ctrl_45,0,A,45,8,X,insider,buyer,260.0,360.0,9,19,0.4444444444444444,300.0,0.4
control,m7_ctrl_45,0,A,45,8,X,insider,buyer,260.0,360.0,10,19,0.5,300.0,0.4
control,m7_ctrl_45,0,A,45,8,X,insider,buyer,260.0,360.0,11,19,0.5555555555555556,300.0,0.4
control,m7_ctrl_45,0,A,45,8,X,insider,buyer,260.0,360.0,12,19,0.6111111111111112,290.0,0.3
control,m7_ctrl_45,0,A,45,8,X,insider,buyer,260.0,360.0,13,19,0.6666666666666666,285.0,0.25
control,m7_ctrl_45,0,A,45,8,X,insider,buyer,260.0,360.0,14,19,0.7222222222222222,285.0,0.25
control,m7_ctrl_45,0,A,45,8,X,insider,buyer,260.0,360.0,15,19,0.7777777777777778,300.0,0.4
control,m7_ctrl_45,0,A,45,8,X,insider,buyer,260.0,360.0,16,19,0.8333333333333334,300.0,0.4
control,m7_ctrl_45,0,A,45,8,X,insider,buyer,260.0,360.0,17,19,0.8888888888888888,300.0,0.4
control,m7_ctrl_45,0,A,45,8,X,insider,buyer,260.0,360.0,18,19,0.9444444444444444,300.0,0.4
control,m7_ctrl_45,0,A,45,8,X,insider,buyer,260.0,360.0,19,19,1.0,290.0,0.3
control,m7_ctrl_45,0,A,45,9,Y,insider,seller,260.0,160.0,1,21,0.0,200.0,0.6
control,m7_ctrl_45,0,A,45,9,Y,insider,seller,260.0,160.0,2,21,0.05,200.0,0.6
control,m7_ctrl_45,0,A,45,9,Y,insider,seller,260.0,160.0,3,21,0.1,200.0,0.6
control,m7_ctrl_45,0,A,45,9,Y,insider,seller,260.0,160.0,4,21,0.15,200.0,0.6
control,m7_ctrl_45,0,A,45,9,Y,insider,seller,260.0,160.0,5,21,0.2,210.0,0.5
control,m7_ctrl_45,0,A,45,9,Y,insider,seller,260.0,160.0,6,21,0.25,200.0,0.6
control,m7_ctrl_45,0,A,45,9,Y,insider,seller,260.0,160.0,7,21,0.3,210.0,0.5
control,m7_ctrl_45,0,A,45,9,Y,insider,seller,260.0,160.0,8,21,0.35,200.0,0.6
control,m7_ctrl_45,0,A,45,9,Y,insider,seller,260.0,160.0,9,21,0.4,210.0,0.5
control,m7_ctrl_45,0,A,45,9,Y,insider,seller,260.0,160.0,10,21,0.45,210.0,0.5
control,m7_ctrl_45,0,A,45,9,Y,insider,seller,260.0,160.0,11,21,0.5,210.0,0.5
control,m7_ctrl_45,0,A,45,9,Y,insider,seller,260.0,160.0,12,21,0.55,107.0,1.53
control,m7_ctrl_45,0,A,45,9,Y,insider,seller,260.0,160.0,13,21,0.6,107.0,1.53
control,m7_ctrl_45,0,A,45,9,Y,insider,seller,260.0,160.0,14,21,0.65,108.0,1.52
control,m7_ctrl_45,0,A,45,9,Y,insider,seller,260.0,160.0,15,21,0.7,108.0,1.52
control,m7_ctrl_45,0,A,45,9,Y,insider,seller,260.0,160.0,16,21,0.75,108.0,1.52
control,m7_ctrl_45,0,A,45,9,Y,insider,seller,260.0,160.0,17,21,0.8,108.0,1.52
control,m7_ctrl_45,0,A,45,9,Y,insider,seller,260.0,160.0,18,21,0.85,109.0,1.51
control,m7_ctrl_45,0,A,45,9,Y,insider,seller,260.0,160.0,19,21,0.9,109.0,1.51
control,m7_ctrl_45,0,A,45,9,Y,insider,seller,260.0,160.0,20,21,0.95,110.0,1.5
control,m7_ctrl_45,0,A,45,9,Y,insider,seller,260.0,160.0,21,21,1.0,110.0,1.5
control,m7_ctrl_45,0,A,45,10,Y,insider,seller,260.0,160.0,1,26,0.0,165.0,0.95
control,m7_ctrl_45,0,A,45,10,Y,insider,seller,260.0,160.0,2,26,0.04,165.0,0.95
control,m7_ctrl_45,0,A,45,10,Y,insider,seller,260.0,160.0,3,26,0.08,165.0,0.95
control,m7_ctrl_45,0,A,45,10,Y,insider,seller,260.0,160.0,4,26,0.12,165.0,0.95
control,m7_ctrl_45,0,A,45,10,Y,insider,seller,260.0,160.0,5,26,0.16,165.0,0.95
control,m7_ctrl_45,0,A,45,10,Y,insider,seller,260.0,160.0,6,26,0.2,165.0,0.95
control,m7_ctrl_45,0,A,45,10,Y,insider,seller,260.0,160.0,7,26,0.24,165.0,0.95
control,m7_ctrl_45,0,A,45,10,Y,insider,seller,260.0,160.0,8,26,0.28,165.0,0.95
control,m7_ctrl_45,0,A,45,10,Y,insider,seller,260.0,160.0,9,26,0.32,165.0,0.95
control,m7_ctrl_45,0,A,45,10,Y,insider,seller,260.0,160.0,10,26,0.36,165.0,0.95
control,m7_ctrl_45,0,A,45,10,Y,insider,seller,260.0,160.0,11,26,0.4,165.0,0.95
control,m7_ctrl_45,0,A,45,10,Y,insider,seller,260.0,160.0,12,26,0.44,165.0,0.95
control,m7_ctrl_45,0,A,45,10,Y,insider,seller,260.0,160.0,13,26,0.48,129.0,1.31
control,m7_ctrl_45,0,A,45,10,Y,insider,seller,260.0,160.0,14,26,0.52,130.0,1.3
control,m7_ctrl_45,0,A,45,10,Y,insider,seller,260.0,160.0,15,26,0.56,159.0,1.01
control,m7_ctrl_45,0,A,45,10,Y,insider,seller,260.0,160.0,16,26,0.6,110.0,1.5
control,m7_ctrl_45,0,A,45,10,Y,insider,seller,260.0,160.0,17,26,0.64,110.0,1.5
control,m7_ctrl_45,0,A,45,10,Y,insider,seller,260.0,160.0,18,26,0.68,110.0,1.5
control,m7_ctrl_45,0,A,45,10,Y,insider,seller,260.0,160.0,19,26,0.72,110.0,1.5
control,m7_ctrl_45,0,A,45,10,Y,insider,seller,260.0,160.0,20,26,0.76,110.0,1.5
control,m7_ctrl_45,0,A,45,10,Y,insider,seller,260.0,160.0,21,26,0.8,110.0,1.5
control,m7_ctrl_45,0,A,45,10,Y,insider,seller,260.0,160.0,22,26,0.84,110.0,1.5
control,m7_ctrl_45,0,A,45,10,Y,insider,seller,260.0,160.0,23,26,0.88,110.0,1.5
control,m7_ctrl_45,0,A,45,10,Y,insider,seller,260.0,160.0,24,26,0.92,111.0,1.49
control,m7_ctrl_45,0,A,45,10,Y,insider,seller,260.0,160.0,25,26,0.96,113.0,1.47
control,m7_ctrl_45,0,A,45,10,Y,insider,seller,260.0,160.0,26,26,1.0,113.0,1.47
control,m7_ctrl_45,0,A,45,11,Y,insider,seller,260.0,160.0,1,29,0.0,200.0,0.6
control,m7_ctrl_45,0,A,45,11,Y,insider,seller,260.0,160.0,2,29,0.03571428571428571,200.0,0.6
control,m7_ctrl_45,0,A,45,11,Y,insider,seller,260.0,160.0,3,29,0.07142857142857142,200.0,0.6
control,m7_ctrl_45,0,A,45,11,Y,insider,seller,260.0,160.0,4,29,0.10714285714285714,200.0,0.6
control,m7_ctrl_45,0,A,45,11,Y,insider,seller,260.0,160.0,5,29,0.14285714285714285,200.0,0.6
control,m7_ctrl_45,0,A,45,11,Y,insider,seller,260.0,160.0,6,29,0.17857142857142858,200.0,0.6
control,m7_ctrl_45,0,A,45,11,Y,insider,seller,260.0,160.0,7,29,0.21428571428571427,200.0,0.6
control,m7_ctrl_45,0,A,45,11,Y,insider,seller,260.0,160.0,8,29,0.25,200.0,0.6
control,m7_ctrl_45,0,A,45,11,Y,insider,seller,260.0,160.0,9,29,0.2857142857142857,200.0,0.6
control,m7_ctrl_45,0,A,45,11,Y,insider,seller,260.0,160.0,10,29,0.32142857142857145,200.0,0.6
control,m7_ctrl_45,0,A,45,11,Y,insider,seller,260.0,160.0,11,29,0.35714285714285715,200.0,0.6
control,m7_ctrl_45,0,A,45,11,Y,insider,seller,260.0,160.0,12,29,0.39285714285714285,200.0,0.6
control,m7_ctrl_45,0,A,45,11,Y,insider,seller,260.0,160.0,13,29,0.42857142857142855,201.0,0.59
control,m7_ctrl_45,0,A,45,11,Y,insider,seller,260.0,160.0,14,29,0.4642857142857143,200.0,0.6
control,m7_ctrl_45,0,A,45,11,Y,insider,seller,260.0,160.0,15,29,0.5,200.0,0.6
control,m7_ctrl_45,0,A,45,11,Y,insider,seller,260.0,160.0,16,29,0.5357142857142857,200.0,0.6
control,m7_ctrl_45,0,A,45,11,Y,insider,seller,260.0,160.0,17,29,0.5714285714285714,129.0,1.31
control,m7_ctrl_45,0,A,45,11,Y,insider,seller,260.0,160.0,18,29,0.6071428571428571,130.0,1.3
control,m7_ctrl_45,0,A,45,11,Y,insider,seller,260.0,160.0,19,29,0.6428571428571429,131.0,1.29
control,m7_ctrl_45,0,A,45,11,Y,insider,seller,260.0,160.0,20,29,0.6785714285714286,131.0,1.29
control,m7_ctrl_45,0,A,45,11,Y,insider,seller,260.0,160.0,21,29,0.7142857142857143,130.0,1.3
control,m7_ctrl_45,0,A,45,11,Y,insider,seller,260.0,160.0,22,29,0.75,129.0,1.31
control,m7_ctrl_45,0,A,45,11,Y,insider,seller,260.0,160.0,23,29,0.7857142857142857,129.0,1.31
control,m7_ctrl_45,0,A,45,11,Y,insider,seller,260.0,160.0,24,29,0.8214285714285714,109.0,1.51
control,m7_ctrl_45,0,A,45,11,Y,insider,seller,260.0,160.0,25,29,0.8571428571428571,110.0,1.5
control,m7_ctrl_45,0,A,45,11,Y,insider,seller,260.0,160.0,26,29,0.8928571428571429,110.0,1.5
control,m7_ctrl_45,0,A,45,11,Y,insider,seller,260.0,160.0,27,29,0.9285714285714286,120.0,1.4
control,m7_ctrl_45,0,A,45,11,Y,insider,seller,260.0,160.0,28,29,0.9642857142857143,110.0,1.5
control,m7_ctrl_45,0,A,45,11,Y,insider,seller,260.0,160.0,29,29,1.0,110.0,1.5
control,m7_ctrl_45,0,A,45,12,Y,insider,seller,260.0,160.0,1,18,0.0,200.0,0.6
control,m7_ctrl_45,0,A,45,12,Y,insider,seller,260.0,160.0,2,18,0.058823529411764705,200.0,0.6
control,m7_ctrl_45,0,A,45,12,Y,insider,seller,260.0,160.0,3,18,0.11764705882352941,200.0,0.6
control,m7_ctrl_45,0,A,45,12,Y,insider,seller,260.0,160.0,4,18,0.17647058823529413,200.0,0.6
control,m7_ctrl_45,0,A,45,12,Y,insider,seller,260.0,160.0,5,18,0.23529411764705882,200.0,0.6
control,m7_ctrl_45,0,A,45,12,Y,insider,seller,260.0,160.0,6,18,0.29411764705882354,196.0,0.64
control,m7_ctrl_45,0,A,45,12,Y,insider,seller,260.0,160.0,7,18,0.35294117647058826,195.0,0.65
control,m7_ctrl_45,0,A,45,12,Y,insider,seller,260.0,160.0,8,18,0.4117647058823529,150.0,1.1
control,m7_ctrl_45,0,A,45,12,Y,insider,seller,260.0,160.0,9,18,0.47058823529411764,192.0,0.68
control,m7_ctrl_45,0,A,45,12,Y,insider,seller,260.0,160.0,10,18,0.5294117647058824,150.0,1.1
control,m7_ctrl_45,0,A,45,12,Y,insider,seller,260.0,160.0,11,18,0.5882352941176471,160.0,1.0
control,m7_ctrl_45,0,A,45,12,Y,insider,seller,260.0,160.0,12,18,0.6470588235294118,160.0,1.0
control,m7_ctrl_45,0,A,45,12,Y,insider,seller,260.0,160.0,13,18,0.7058823529411765,160.0,1.0
control,m7_ctrl_45,0,A,45,12,Y,insider,seller,260.0,160.0,14,18,0.7647058823529411,160.0,1.0
control,m7_ctrl_45,0,A,45,12,Y,insider,seller,260.0,160.0,15,18,0.8235294117647058,164.0,0.96
control,m7_ctrl_45,0,A,45,12,Y,insider,seller,260.0,160.0,16,18,0.8823529411764706,164.0,0.96
control,m7_ctrl_45,0,A,45,12,Y,insider,seller,260.0,160.0,17,18,0.9411764705882353,109.0,1.51
control,m7_ctrl_45,0,A,45,12,Y,insider,seller,260.0,160.0,18,18,1.0,164.0,0.96
control,m7_ctrl_45,0,A,45,13,X,insider,buyer,260.0,360.0,1,15,0.0,200.0,-0.6
control,m7_ctrl_45,0,A,45,13,X,insider,buyer,260.0,360.0,2,15,0.07142857142857142,200.0,-0.6
control,m7_ctrl_45,0,A,45,13,X,insider,buyer,260.0,360.0,3,15,0.14285714285714285,200.0,-0.6
control,m7_ctrl_45,0,A,45,13,X,insider,buyer,260.0,360.0,4,15,0.21428571428571427,200.0,-0.6
control,m7_ctrl_45,0,A,45,13,X,insider,buyer,260.0,360.0,5,15,0.2857142857142857,200.0,-0.6
control,m7_ctrl_45,0,A,45,13,X,insider,buyer,260.0,360.0,6,15,0.35714285714285715,200.0,-0.6
control,m7_ctrl_45,0,A,45,13,X,insider,buyer,260.0,360.0,7,15,0.42857142857142855,200.0,-0.6
control,m7_ctrl_45,0,A,45,13,X,insider,buyer,260.0,360.0,8,15,0.5,200.0,-0.6
control,m7_ctrl_45,0,A,45,13,X,insider,buyer,260.0,360.0,9,15,0.5714285714285714,200.0,-0.6
control,m7_ctrl_45,0,A,45,13,X,insider,buyer,260.0,360.0,10,15,0.6428571428571429,210.0,-0.5
control,m7_ctrl_45,0,A,45,13,X,insider,buyer,260.0,360.0,11,15,0.7142857142857143,223.0,-0.37
control,m7_ctrl_45,0,A,45,13,X,insider,buyer,260.0,360.0,12,15,0.7857142857142857,223.0,-0.37
control,m7_ctrl_45,0,A,45,13,X,insider,buyer,260.0,360.0,13,15,0.8571428571428571,224.0,-0.36
control,m7_ctrl_45,0,A,45,13,X,insider,buyer,260.0,360.0,14,15,0.9285714285714286,224.0,-0.36
control,m7_ctrl_45,0,A,45,13,X,insider,buyer,260.0,360.0,15,15,1.0,228.0,-0.32
control,m8_ctrl_42,0,B,42,5,Y,insider,seller,300.0,200.0,1,22,0.0,300.0,-0.0
control,m8_ctrl_42,0,B,42,5,Y,insider,seller,300.0,200.0,2,22,0.047619047619047616,299.0,0.01
control,m8_ctrl_42,0,B,42,5,Y,insider,seller,300.0,200.0,3,22,0.09523809523809523,299.0,0.01
control,m8_ctrl_42,0,B,42,5,Y,insider,seller,300.0,200.0,4,22,0.14285714285714285,299.0,0.01
control,m8_ctrl_42,0,B,42,5,Y,insider,seller,300.0,200.0,5,22,0.19047619047619047,299.0,0.01
control,m8_ctrl_42,0,B,42,5,Y,insider,seller,300.0,200.0,6,22,0.23809523809523808,299.0,0.01
control,m8_ctrl_42,0,B,42,5,Y,insider,seller,300.0,200.0,7,22,0.2857142857142857,299.0,0.01
control,m8_ctrl_42,0,B,42,5,Y,insider,seller,300.0,200.0,8,22,0.3333333333333333,299.0,0.01
control,m8_ctrl_42,0,B,42,5,Y,insider,seller,300.0,200.0,9,22,0.38095238095238093,299.0,0.01
control,m8_ctrl_42,0,B,42,5,Y,insider,seller,300.0,200.0,10,22,0.42857142857142855,299.0,0.01
control,m8_ctrl_42,0,B,42,5,Y,insider,seller,300.0,200.0,11,22,0.47619047619047616,300.0,-0.0
control,m8_ctrl_42,0,B,42,5,Y,insider,seller,300.0,200.0,12,22,0.5238095238095238,299.0,0.01
control,m8_ctrl_42,0,B,42,5,Y,insider,seller,300.0,200.0,13,22,0.5714285714285714,300.0,-0.0
control,m8_ctrl_42,0,B,42,5,Y,insider,seller,300.0,200.0,14,22,0.6190476190476191,299.0,0.01
control,m8_ctrl_42,0,B,42,5,Y,insider,seller,300.0,200.0,15,22,0.6666666666666666,299.0,0.01
control,m8_ctrl_42,0,B,42,5,Y,insider,seller,300.0,200.0,16,22,0.7142857142857143,299.0,0.01
control,m8_ctrl_42,0,B,42,5,Y,insider,seller,300.0,200.0,17,22,0.7619047619047619,299.0,0.01
control,m8_ctrl_42,0,B,42,5,Y,insider,seller,300.0,200.0,18,22,0.8095238095238095,299.0,0.01
control,m8_ctrl_42,0,B,42,5,Y,insider,seller,300.0,200.0,19,22,0.8571428571428571,299.0,0.01
control,m8_ctrl_42,0,B,42,5,Y,insider,seller,300.0,200.0,20,22,0.9047619047619048,299.0,0.01
control,m8_ctrl_42,0,B,42,5,Y,insider,seller,300.0,200.0,21,22,0.9523809523809523,299.0,0.01
control,m8_ctrl_42,0,B,42,5,Y,insider,seller,300.0,200.0,22,22,1.0,299.0,0.01
control,m8_ctrl_42,0,B,42,6,Y,insider,seller,300.0,200.0,1,25,0.0,290.0,0.1
control,m8_ctrl_42,0,B,42,6,Y,insider,seller,300.0,200.0,2,25,0.041666666666666664,290.0,0.1
control,m8_ctrl_42,0,B,42,6,Y,insider,seller,300.0,200.0,3,25,0.08333333333333333,290.0,0.1
control,m8_ctrl_42,0,B,42,6,Y,insider,seller,300.0,200.0,4,25,0.125,290.0,0.1
control,m8_ctrl_42,0,B,42,6,Y,insider,seller,300.0,200.0,5,25,0.16666666666666666,290.0,0.1
control,m8_ctrl_42,0,B,42,6,Y,insider,seller,300.0,200.0,6,25,0.20833333333333334,290.0,0.1
control,m8_ctrl_42,0,B,42,6,Y,insider,seller,300.0,200.0,7,25,0.25,290.0,0.1
control,m8_ctrl_42,0,B,42,6,Y,insider,seller,300.0,200.0,8,25,0.2916666666666667,290.0,0.1
control,m8_ctrl_42,0,B,42,6,Y,insider,seller,300.0,200.0,9,25,0.3333333333333333,290.0,0.1
control,m8_ctrl_42,0,B,42,6,Y,insider,seller,300.0,200.0,10,25,0.375,290.0,0.1
control,m8_ctrl_42,0,B,42,6,Y,insider,seller,300.0,200.0,11,25,0.4166666666666667,290.0,0.1
control,m8_ctrl_42,0,B,42,6,Y,insider,seller,300.0,200.0,12,25,0.4583333333333333,290.0,0.1
control,m8_ctrl_42,0,B,42,6,Y,insider,seller,300.0,200.0,13,25,0.5,290.0,0.1
control,m8_ctrl_42,0,B,42,6,Y,insider,seller,300.0,200.0,14,25,0.5416666666666666,290.0,0.1
control,m8_ctrl_42,0,B,42,6,Y,insider,seller,300.0,200.0,15,25,0.5833333333333334,290.0,0.1
control,m8_ctrl_42,0,B,42,6,Y,insider,seller,300.0,200.0,16,25,0.625,280.0,0.2
control,m8_ctrl_42,0,B,42,6,Y,insider,seller,300.0,200.0,17,25,0.6666666666666666,280.0,0.2
control,m8_ctrl_42,0,B,42,6,Y,insider,seller,300.0,200.0,18,25,0.7083333333333334,290.0,0.1
control,m8_ctrl_42,0,B,42,6,Y,insider,seller,300.0,200.0,19,25,0.75,290.0,0.1
control,m8_ctrl_42,0,B,42,6,Y,insider,seller,300.0,200.0,20,25,0.7916666666666666,290.0,0.1
control,m8_ctrl_42,0,B,42,6,Y,insider,seller,300.0,200.0,21,25,0.8333333333333334,290.0,0.1
control,m8_ctrl_42,0,B,42,6,Y,insider,seller,300.0,200.0,22,25,0.875,290.0,0.1
control,m8_ctrl_42,0,B,42,6,Y,insider,seller,300.0,200.0,23,25,0.9166666666666666,290.0,0.1
control,m8_ctrl_42,0,B,42,6,Y,insider,seller,300.0,200.0,24,25,0.9583333333333334,191.0,1.09
control,m8_ctrl_42,0,B,42,6,Y,insider,seller,300.0,200.0,25,25,1.0,191.0,1.09
control,m8_ctrl_42,0,B,42,7,X,insider,buyer,300.0,400.0,1,12,0.0,300.0,0.0
control,m8_ctrl_42,0,B,42,7,X,insider,buyer,300.0,400.0,2,12,0.09090909090909091,300.0,0.0
control,m8_ctrl_42,0,B,42,7,X,insider,buyer,300.0,400.0,3,12,0.18181818181818182,300.0,0.0
control,m8_ctrl_42,0,B,42,7,X,insider,buyer,300.0,400.0,4,12,0.2727272727272727,300.0,0.0
control,m8_ctrl_42,0,B,42,7,X,insider,buyer,300.0,400.0,5,12,0.36363636363636365,300.0,0.0
control,m8_ctrl_42,0,B,42,7,X,insider,buyer,300.0,400.0,6,12,0.45454545454545453,300.0,0.0
control,m8_ctrl_42,0,B,42,7,X,insider,buyer,300.0,400.0,7,12,0.5454545454545454,300.0,0.0
control,m8_ctrl_42,0,B,42,7,X,insider,buyer,300.0,400.0,8,12,0.6363636363636364,300.0,0.0
control,m8_ctrl_42,0,B,42,7,X,insider,buyer,300.0,400.0,9,12,0.7272727272727273,300.0,0.0
control,m8_ctrl_42,0,B,42,7,X,insider,buyer,300.0,400.0,10,12,0.8181818181818182,300.0,0.0
control,m8_ctrl_42,0,B,42,7,X,insider,buyer,300.0,400.0,11,12,0.9090909090909091,300.0,0.0
control,m8_ctrl_42,0,B,42,7,X,insider,buyer,300.0,400.0,12,12,1.0,300.0,0.0
control,m8_ctrl_42,0,B,42,8,X,insider,buyer,300.0,400.0,1,18,0.0,300.0,0.0
control,m8_ctrl_42,0,B,42,8,X,insider,buyer,300.0,400.0,2,18,0.058823529411764705,350.0,0.5
control,m8_ctrl_42,0,B,42,8,X,insider,buyer,300.0,400.0,3,18,0.11764705882352941,360.0,0.6
control,m8_ctrl_42,0,B,42,8,X,insider,buyer,300.0,400.0,4,18,0.17647058823529413,360.0,0.6
control,m8_ctrl_42,0,B,42,8,X,insider,buyer,300.0,400.0,5,18,0.23529411764705882,365.0,0.65
control,m8_ctrl_42,0,B,42,8,X,insider,buyer,300.0,400.0,6,18,0.29411764705882354,365.0,0.65
control,m8_ctrl_42,0,B,42,8,X,insider,buyer,300.0,400.0,7,18,0.35294117647058826,340.0,0.4
control,m8_ctrl_42,0,B,42,8,X,insider,buyer,300.0,400.0,8,18,0.4117647058823529,365.0,0.65
control,m8_ctrl_42,0,B,42,8,X,insider,buyer,300.0,400.0,9,18,0.47058823529411764,365.0,0.65
control,m8_ctrl_42,0,B,42,8,X,insider,buyer,300.0,400.0,10,18,0.5294117647058824,340.0,0.4
control,m8_ctrl_42,0,B,42,8,X,insider,buyer,300.0,400.0,11,18,0.5882352941176471,350.0,0.5
control,m8_ctrl_42,0,B,42,8,X,insider,buyer,300.0,400.0,12,18,0.6470588235294118,340.0,0.4
control,m8_ctrl_42,0,B,42,8,X,insider,buyer,300.0,400.0,13,18,0.7058823529411765,340.0,0.4
control,m8_ctrl_42,0,B,42,8,X,insider,buyer,300.0,400.0,14,18,0.7647058823529411,360.0,0.6
control,m8_ctrl_42,0,B,42,8,X,insider,buyer,300.0,400.0,15,18,0.8235294117647058,360.0,0.6
control,m8_ctrl_42,0,B,42,8,X,insider,buyer,300.0,400.0,16,18,0.8823529411764706,360.0,0.6
control,m8_ctrl_42,0,B,42,8,X,insider,buyer,300.0,400.0,17,18,0.9411764705882353,360.0,0.6
control,m8_ctrl_42,0,B,42,8,X,insider,buyer,300.0,400.0,18,18,1.0,360.0,0.6
control,m8_ctrl_42,0,B,42,9,X,insider,buyer,300.0,400.0,1,23,0.0,300.0,0.0
control,m8_ctrl_42,0,B,42,9,X,insider,buyer,300.0,400.0,2,23,0.045454545454545456,300.0,0.0
control,m8_ctrl_42,0,B,42,9,X,insider,buyer,300.0,400.0,3,23,0.09090909090909091,300.0,0.0
control,m8_ctrl_42,0,B,42,9,X,insider,buyer,300.0,400.0,4,23,0.13636363636363635,320.0,0.2
control,m8_ctrl_42,0,B,42,9,X,insider,buyer,300.0,400.0,5,23,0.18181818181818182,330.0,0.3
control,m8_ctrl_42,0,B,42,9,X,insider,buyer,300.0,400.0,6,23,0.22727272727272727,360.0,0.6
control,m8_ctrl_42,0,B,42,9,X,insider,buyer,300.0,400.0,7,23,0.2727272727272727,360.0,0.6
control,m8_ctrl_42,0,B,42,9,X,insider,buyer,300.0,400.0,8,23,0.3181818181818182,360.0,0.6
control,m8_ctrl_42,0,B,42,9,X,insider,buyer,300.0,400.0,9,23,0.36363636363636365,370.0,0.7
control,m8_ctrl_42,0,B,42,9,X,insider,buyer,300.0,400.0,10,23,0.4090909090909091,365.0,0.65
control,m8_ctrl_42,0,B,42,9,X,insider,buyer,300.0,400.0,11,23,0.45454545454545453,360.0,0.6
control,m8_ctrl_42,0,B,42,9,X,insider,buyer,300.0,400.0,12,23,0.5,360.0,0.6
control,m8_ctrl_42,0,B,42,9,X,insider,buyer,300.0,400.0,13,23,0.5454545454545454,370.0,0.7
control,m8_ctrl_42,0,B,42,9,X,insider,buyer,300.0,400.0,14,23,0.5909090909090909,360.0,0.6
control,m8_ctrl_42,0,B,42,9,X,insider,buyer,300.0,400.0,15,23,0.6363636363636364,360.0,0.6
control,m8_ctrl_42,0,B,42,9,X,insider,buyer,300.0,400.0,16,23,0.6818181818181818,360.0,0.6
control,m8_ctrl_42,0,B,42,9,X,insider,buyer,300.0,400.0,17,23,0.7272727272727273,365.0,0.65
control,m8_ctrl_42,0,B,42,9,X,insider,buyer,300.0,400.0,18,23,0.7727272727272727,365.0,0.65
control,m8_ctrl_42,0,B,42,9,X,insider,buyer,300.0,400.0,19,23,0.8181818181818182,370.0,0.7
control,m8_ctrl_42,0,B,42,9,X,insider,buyer,300.0,400.0,20,23,0.8636363636363636,370.0,0.7
control,m8_ctrl_42,0,B,42,9,X,insider,buyer,300.0,400.0,21,23,0.9090909090909091,370.0,0.7
control,m8_ctrl_42,0,B,42,9,X,insider,buyer,300.0,400.0,22,23,0.9545454545454546,372.0,0.72
control,m8_ctrl_42,0,B,42,9,X,insider,buyer,300.0,400.0,23,23,1.0,372.0,0.72
control,m8_ctrl_42,0,B,42,10,X,insider,buyer,300.0,400.0,1,23,0.0,300.0,0.0
control,m8_ctrl_42,0,B,42,10,X,insider,buyer,300.0,400.0,2,23,0.045454545454545456,350.0,0.5
control,m8_ctrl_42,0,B,42,10,X,insider,buyer,300.0,400.0,3,23,0.09090909090909091,360.0,0.6
control,m8_ctrl_42,0,B,42,10,X,insider,buyer,300.0,400.0,4,23,0.13636363636363635,370.0,0.7
control,m8_ctrl_42,0,B,42,10,X,insider,buyer,300.0,400.0,5,23,0.18181818181818182,370.0,0.7
control,m8_ctrl_42,0,B,42,10,X,insider,buyer,300.0,400.0,6,23,0.22727272727272727,380.0,0.8
control,m8_ctrl_42,0,B,42,10,X,insider,buyer,300.0,400.0,7,23,0.2727272727272727,370.0,0.7
control,m8_ctrl_42,0,B,42,10,X,insider,buyer,300.0,400.0,8,23,0.3181818181818182,390.0,0.9
control,m8_ctrl_42,0,B,42,10,X,insider,buyer,300.0,400.0,9,23,0.36363636363636365,340.0,0.4
control,m8_ctrl_42,0,B,42,10,X,insider,buyer,300.0,400.0,10,23,0.4090909090909091,340.0,0.4
control,m8_ctrl_42,0,B,42,10,X,insider,buyer,300.0,400.0,11,23,0.45454545454545453,380.0,0.8
control,m8_ctrl_42,0,B,42,10,X,insider,buyer,300.0,400.0,12,23,0.5,380.0,0.8
control,m8_ctrl_42,0,B,42,10,X,insider,buyer,300.0,400.0,13,23,0.5454545454545454,380.0,0.8
control,m8_ctrl_42,0,B,42,10,X,insider,buyer,300.0,400.0,14,23,0.5909090909090909,340.0,0.4
control,m8_ctrl_42,0,B,42,10,X,insider,buyer,300.0,400.0,15,23,0.6363636363636364,349.0,0.49
control,m8_ctrl_42,0,B,42,10,X,insider,buyer,300.0,400.0,16,23,0.6818181818181818,360.0,0.6
control,m8_ctrl_42,0,B,42,10,X,insider,buyer,300.0,400.0,17,23,0.7272727272727273,375.0,0.75
control,m8_ctrl_42,0,B,42,10,X,insider,buyer,300.0,400.0,18,23,0.7727272727272727,340.0,0.4
control,m8_ctrl_42,0,B,42,10,X,insider,buyer,300.0,400.0,19,23,0.8181818181818182,340.0,0.4
control,m8_ctrl_42,0,B,42,10,X,insider,buyer,300.0,400.0,20,23,0.8636363636363636,370.0,0.7
control,m8_ctrl_42,0,B,42,10,X,insider,buyer,300.0,400.0,21,23,0.9090909090909091,379.0,0.79
control,m8_ctrl_42,0,B,42,10,X,insider,buyer,300.0,400.0,22,23,0.9545454545454546,380.0,0.8
control,m8_ctrl_42,0,B,42,10,X,insider,buyer,300.0,400.0,23,23,1.0,380.0,0.8
control,m8_ctrl_42,0,B,42,11,X,insider,buyer,300.0,400.0,1,24,0.0,251.0,-0.49
control,m8_ctrl_42,0,B,42,11,X,insider,buyer,300.0,400.0,2,24,0.043478260869565216,395.0,0.95
control,m8_ctrl_42,0,B,42,11,X,insider,buyer,300.0,400.0,3,24,0.08695652173913043,251.0,-0.49
control,m8_ctrl_42,0,B,42,11,X,insider,buyer,300.0,400.0,4,24,0.13043478260869565,250.0,-0.5
control,m8_ctrl_42,0,B,42,11,X,insider,buyer,300.0,400.0,5,24,0.17391304347826086,350.0,0.5
control,m8_ctrl_42,0,B,42,11,X,insider,buyer,300.0,400.0,6,24,0.21739130434782608,380.0,0.8
control,m8_ctrl_42,0,B,42,11,X,insider,buyer,300.0,400.0,7,24,0.2608695652173913,380.0,0.8
control,m8_ctrl_42,0,B,42,11,X,insider,buyer,300.0,400.0,8,24,0.30434782608695654,379.0,0.79
control,m8_ctrl_42,0,B,42,11,X,insider,buyer,300.0,400.0,9,24,0.34782608695652173,379.0,0.79
control,m8_ctrl_42,0,B,42,11,X,insider,buyer,300.0,400.0,10,24,0.391304347826087,380.0,0.8
control,m8_ctrl_42,0,B,42,11,X,insider,buyer,300.0,400.0,11,24,0.43478260869565216,381.0,0.81
control,m8_ctrl_42,0,B,42,11,X,insider,buyer,300.0,400.0,12,24,0.4782608695652174,382.0,0.82
control,m8_ctrl_42,0,B,42,11,X,insider,buyer,300.0,400.0,13,24,0.5217391304347826,382.0,0.82
control,m8_ctrl_42,0,B,42,11,X,insider,buyer,300.0,400.0,14,24,0.5652173913043478,395.0,0.95
control,m8_ctrl_42,0,B,42,11,X,insider,buyer,300.0,400.0,15,24,0.6086956521739131,395.0,0.95
control,m8_ctrl_42,0,B,42,11,X,insider,buyer,300.0,400.0,16,24,0.6521739130434783,395.0,0.95
control,m8_ctrl_42,0,B,42,11,X,insider,buyer,300.0,400.0,17,24,0.6956521739130435,349.0,0.49
control,m8_ctrl_42,0,B,42,11,X,insider,buyer,300.0,400.0,18,24,0.7391304347826086,360.0,0.6
control,m8_ctrl_42,0,B,42,11,X,insider,buyer,300.0,400.0,19,24,0.782608695652174,399.0,0.99
control,m8_ctrl_42,0,B,42,11,X,insider,buyer,300.0,400.0,20,24,0.8260869565217391,399.0,0.99
control,m8_ctrl_42,0,B,42,11,X,insider,buyer,300.0,400.0,21,24,0.8695652173913043,385.0,0.85
control,m8_ctrl_42,0,B,42,11,X,insider,buyer,300.0,400.0,22,24,0.9130434782608695,385.0,0.85
control,m8_ctrl_42,0,B,42,11,X,insider,buyer,300.0,400.0,23,24,0.9565217391304348,398.0,0.98
control,m8_ctrl_42,0,B,42,11,X,insider,buyer,300.0,400.0,24,24,1.0,349.0,0.49
control,m8_ctrl_42,0,B,42,12,X,insider,buyer,300.0,400.0,1,19,0.0,379.0,0.79
control,m8_ctrl_42,0,B,42,12,X,insider,buyer,300.0,400.0,2,19,0.05555555555555555,380.0,0.8
control,m8_ctrl_42,0,B,42,12,X,insider,buyer,300.0,400.0,3,19,0.1111111111111111,380.0,0.8
control,m8_ctrl_42,0,B,42,12,X,insider,buyer,300.0,400.0,4,19,0.16666666666666666,380.0,0.8
control,m8_ctrl_42,0,B,42,12,X,insider,buyer,300.0,400.0,5,19,0.2222222222222222,381.0,0.81
control,m8_ctrl_42,0,B,42,12,X,insider,buyer,300.0,400.0,6,19,0.2777777777777778,382.0,0.82
control,m8_ctrl_42,0,B,42,12,X,insider,buyer,300.0,400.0,7,19,0.3333333333333333,382.0,0.82
control,m8_ctrl_42,0,B,42,12,X,insider,buyer,300.0,400.0,8,19,0.3888888888888889,383.0,0.83
control,m8_ctrl_42,0,B,42,12,X,insider,buyer,300.0,400.0,9,19,0.4444444444444444,382.0,0.82
control,m8_ctrl_42,0,B,42,12,X,insider,buyer,300.0,400.0,10,19,0.5,383.0,0.83
control,m8_ctrl_42,0,B,42,12,X,insider,buyer,300.0,400.0,11,19,0.5555555555555556,383.0,0.83
control,m8_ctrl_42,0,B,42,12,X,insider,buyer,300.0,400.0,12,19,0.6111111111111112,384.0,0.84
control,m8_ctrl_42,0,B,42,12,X,insider,buyer,300.0,400.0,13,19,0.6666666666666666,385.0,0.85
control,m8_ctrl_42,0,B,42,12,X,insider,buyer,300.0,400.0,14,19,0.7222222222222222,380.0,0.8
control,m8_ctrl_42,0,B,42,12,X,insider,buyer,300.0,400.0,15,19,0.7777777777777778,382.0,0.82
control,m8_ctrl_42,0,B,42,12,X,insider,buyer,300.0,400.0,16,19,0.8333333333333334,390.0,0.9
control,m8_ctrl_42,0,B,42,12,X,insider,buyer,300.0,400.0,17,19,0.8888888888888888,388.0,0.88
control,m8_ctrl_42,0,B,42,12,X,insider,buyer,300.0,400.0,18,19,0.9444444444444444,390.0,0.9
control,m8_ctrl_42,0,B,42,12,X,insider,buyer,300.0,400.0,19,19,1.0,395.0,0.95
control,m8_ctrl_42,0,B,42,13,Y,insider,seller,300.0,200.0,1,20,0.0,296.0,0.04
control,m8_ctrl_42,0,B,42,13,Y,insider,seller,300.0,200.0,2,20,0.05263157894736842,296.0,0.04
control,m8_ctrl_42,0,B,42,13,Y,insider,seller,300.0,200.0,3,20,0.10526315789473684,296.0,0.04
control,m8_ctrl_42,0,B,42,13,Y,insider,seller,300.0,200.0,4,20,0.15789473684210525,296.0,0.04
control,m8_ctrl_42,0,B,42,13,Y,insider,seller,300.0,200.0,5,20,0.21052631578947367,296.0,0.04
control,m8_ctrl_42,0,B,42,13,Y,insider,seller,300.0,200.0,6,20,0.2631578947368421,296.0,0.04
control,m8_ctrl_42,0,B,42,13,Y,insider,seller,300.0,200.0,7,20,0.3157894736842105,295.0,0.05
control,m8_ctrl_42,0,B,42,13,Y,insider,seller,300.0,200.0,8,20,0.3684210526315789,296.0,0.04
control,m8_ctrl_42,0,B,42,13,Y,insider,seller,300.0,200.0,9,20,0.42105263157894735,296.0,0.04
control,m8_ctrl_42,0,B,42,13,Y,insider,seller,300.0,200.0,10,20,0.47368421052631576,296.0,0.04
control,m8_ctrl_42,0,B,42,13,Y,insider,seller,300.0,200.0,11,20,0.5263157894736842,296.0,0.04
control,m8_ctrl_42,0,B,42,13,Y,insider,seller,300.0,200.0,12,20,0.5789473684210527,296.0,0.04
control,m8_ctrl_42,0,B,42,13,Y,insider,seller,300.0,200.0,13,20,0.631578947368421,296.0,0.04
control,m8_ctrl_42,0,B,42,13,Y,insider,seller,300.0,200.0,14,20,0.6842105263157895,199.0,1.01
control,m8_ctrl_42,0,B,42,13,Y,insider,seller,300.0,200.0,15,20,0.7368421052631579,200.0,1.0
control,m8_ctrl_42,0,B,42,13,Y,insider,seller,300.0,200.0,16,20,0.7894736842105263,200.0,1.0
control,m8_ctrl_42,0,B,42,13,Y,insider,seller,300.0,200.0,17,20,0.8421052631578947,200.0,1.0
control,m8_ctrl_42,0,B,42,13,Y,insider,seller,300.0,200.0,18,20,0.8947368421052632,200.0,1.0
control,m8_ctrl_42,0,B,42,13,Y,insider,seller,300.0,200.0,19,20,0.9473684210526315,200.0,1.0
control,m8_ctrl_42,0,B,42,13,Y,insider,seller,300.0,200.0,20,20,1.0,201.0,0.99
control,m8_ctrl_43,0,B,43,5,Y,insider,seller,300.0,200.0,1,24,0.0,300.0,-0.0
control,m8_ctrl_43,0,B,43,5,Y,insider,seller,300.0,200.0,2,24,0.043478260869565216,300.0,-0.0
control,m8_ctrl_43,0,B,43,5,Y,insider,seller,300.0,200.0,3,24,0.08695652173913043,300.0,-0.0
control,m8_ctrl_43,0,B,43,5,Y,insider,seller,300.0,200.0,4,24,0.13043478260869565,300.0,-0.0
control,m8_ctrl_43,0,B,43,5,Y,insider,seller,300.0,200.0,5,24,0.17391304347826086,300.0,-0.0
control,m8_ctrl_43,0,B,43,5,Y,insider,seller,300.0,200.0,6,24,0.21739130434782608,300.0,-0.0
control,m8_ctrl_43,0,B,43,5,Y,insider,seller,300.0,200.0,7,24,0.2608695652173913,300.0,-0.0
control,m8_ctrl_43,0,B,43,5,Y,insider,seller,300.0,200.0,8,24,0.30434782608695654,300.0,-0.0
control,m8_ctrl_43,0,B,43,5,Y,insider,seller,300.0,200.0,9,24,0.34782608695652173,300.0,-0.0
control,m8_ctrl_43,0,B,43,5,Y,insider,seller,300.0,200.0,10,24,0.391304347826087,300.0,-0.0
control,m8_ctrl_43,0,B,43,5,Y,insider,seller,300.0,200.0,11,24,0.43478260869565216,300.0,-0.0
control,m8_ctrl_43,0,B,43,5,Y,insider,seller,300.0,200.0,12,24,0.4782608695652174,300.0,-0.0
control,m8_ctrl_43,0,B,43,5,Y,insider,seller,300.0,200.0,13,24,0.5217391304347826,300.0,-0.0
control,m8_ctrl_43,0,B,43,5,Y,insider,seller,300.0,200.0,14,24,0.5652173913043478,300.0,-0.0
control,m8_ctrl_43,0,B,43,5,Y,insider,seller,300.0,200.0,15,24,0.6086956521739131,190.0,1.1
control,m8_ctrl_43,0,B,43,5,Y,insider,seller,300.0,200.0,16,24,0.6521739130434783,179.0,1.21
control,m8_ctrl_43,0,B,43,5,Y,insider,seller,300.0,200.0,17,24,0.6956521739130435,180.0,1.2
control,m8_ctrl_43,0,B,43,5,Y,insider,seller,300.0,200.0,18,24,0.7391304347826086,180.0,1.2
control,m8_ctrl_43,0,B,43,5,Y,insider,seller,300.0,200.0,19,24,0.782608695652174,179.0,1.21
control,m8_ctrl_43,0,B,43,5,Y,insider,seller,300.0,200.0,20,24,0.8260869565217391,179.0,1.21
control,m8_ctrl_43,0,B,43,5,Y,insider,seller,300.0,200.0,21,24,0.8695652173913043,180.0,1.2
control,m8_ctrl_43,0,B,43,5,Y,insider,seller,300.0,200.0,22,24,0.9130434782608695,180.0,1.2
control,m8_ctrl_43,0,B,43,5,Y,insider,seller,300.0,200.0,23,24,0.9565217391304348,200.0,1.0
control,m8_ctrl_43,0,B,43,5,Y,insider,seller,300.0,200.0,24,24,1.0,200.0,1.0
control,m8_ctrl_43,0,B,43,6,Y,insider,seller,300.0,200.0,1,32,0.0,300.0,-0.0
control,m8_ctrl_43,0,B,43,6,Y,insider,seller,300.0,200.0,2,32,0.03225806451612903,300.0,-0.0
control,m8_ctrl_43,0,B,43,6,Y,insider,seller,300.0,200.0,3,32,0.06451612903225806,300.0,-0.0
control,m8_ctrl_43,0,B,43,6,Y,insider,seller,300.0,200.0,4,32,0.0967741935483871,300.0,-0.0
control,m8_ctrl_43,0,B,43,6,Y,insider,seller,300.0,200.0,5,32,0.12903225806451613,300.0,-0.0
control,m8_ctrl_43,0,B,43,6,Y,insider,seller,300.0,200.0,6,32,0.16129032258064516,300.0,-0.0
control,m8_ctrl_43,0,B,43,6,Y,insider,seller,300.0,200.0,7,32,0.1935483870967742,300.0,-0.0
control,m8_ctrl_43,0,B,43,6,Y,insider,seller,300.0,200.0,8,32,0.22580645161290322,300.0,-0.0
control,m8_ctrl_43,0,B,43,6,Y,insider,seller,300.0,200.0,9,32,0.25806451612903225,300.0,-0.0
control,m8_ctrl_43,0,B,43,6,Y,insider,seller,300.0,200.0,10,32,0.2903225806451613,300.0,-0.0
control,m8_ctrl_43,0,B,43,6,Y,insider,seller,300.0,200.0,11,32,0.3225806451612903,300.0,-0.0
control,m8_ctrl_43,0,B,43,6,Y,insider,seller,300.0,200.0,12,32,0.3548387096774194,300.0,-0.0
control,m8_ctrl_43,0,B,43,6,Y,insider,seller,300.0,200.0,13,32,0.3870967741935484,190.0,1.1
control,m8_ctrl_43,0,B,43,6,Y,insider,seller,300.0,200.0,14,32,0.41935483870967744,190.0,1.1
control,m8_ctrl_43,0,B,43,6,Y,insider,seller,300.0,200.0,15,32,0.45161290322580644,190.0,1.1
control,m8_ctrl_43,0,B,43,6,Y,insider,seller,300.0,200.0,16,32,0.4838709677419355,190.0,1.1
control,m8_ctrl_43,0,B,43,6,Y,insider,seller,300.0,200.0,17,32,0.5161290322580645,190.0,1.1
control,m8_ctrl_43,0,B,43,6,Y,insider,seller,300.0,200.0,18,32,0.5483870967741935,190.0,1.1
control,m8_ctrl_43,0,B,43,6,Y,insider,seller,300.0,200.0,19,32,0.5806451612903226,190.0,1.1
control,m8_ctrl_43,0,B,43,6,Y,insider,seller,300.0,200.0,20,32,0.6129032258064516,190.0,1.1
control,m8_ctrl_43,0,B,43,6,Y,insider,seller,300.0,200.0,21,32,0.6451612903225806,190.0,1.1
control,m8_ctrl_43,0,B,43,6,Y,insider,seller,300.0,200.0,22,32,0.6774193548387096,179.0,1.21
control,m8_ctrl_43,0,B,43,6,Y,insider,seller,300.0,200.0,23,32,0.7096774193548387,179.0,1.21
control,m8_ctrl_43,0,B,43,6,Y,insider,seller,300.0,200.0,24,32,0.7419354838709677,179.0,1.21
control,m8_ctrl_43,0,B,43,6,Y,insider,seller,300.0,200.0,25,32,0.7741935483870968,179.0,1.21
control,m8_ctrl_43,0,B,43,6,Y,insider,seller,300.0,200.0,26,32,0.8064516129032258,179.0,1.21
control,m8_ctrl_43,0,B,43,6,Y,insider,seller,300.0,200.0,27,32,0.8387096774193549,179.0,1.21
control,m8_ctrl_43,0,B,43,6,Y,insider,seller,300.0,200.0,28,32,0.8709677419354839,179.0,1.21
control,m8_ctrl_43,0,B,43,6,Y,insider,seller,300.0,200.0,29,32,0.9032258064516129,179.0,1.21
control,m8_ctrl_43,0,B,43,6,Y,insider,seller,300.0,200.0,30,32,0.9354838709677419,179.0,1.21
control,m8_ctrl_43,0,B,43,6,Y,insider,seller,300.0,200.0,31,32,0.967741935483871,179.0,1.21
control,m8_ctrl_43,0,B,43,6,Y,insider,seller,300.0,200.0,32,32,1.0,179.0,1.21
control,m8_ctrl_43,0,B,43,7,X,insider,buyer,300.0,400.0,1,16,0.0,350.0,0.5
control,m8_ctrl_43,0,B,43,7,X,insider,buyer,300.0,400.0,2,16,0.06666666666666667,350.0,0.5
control,m8_ctrl_43,0,B,43,7,X,insider,buyer,300.0,400.0,3,16,0.13333333333333333,355.0,0.55
control,m8_ctrl_43,0,B,43,7,X,insider,buyer,300.0,400.0,4,16,0.2,355.0,0.55
control,m8_ctrl_43,0,B,43,7,X,insider,buyer,300.0,400.0,5,16,0.26666666666666666,355.0,0.55
control,m8_ctrl_43,0,B,43,7,X,insider,buyer,300.0,400.0,6,16,0.3333333333333333,355.0,0.55
control,m8_ctrl_43,0,B,43,7,X,insider,buyer,300.0,400.0,7,16,0.4,355.0,0.55
control,m8_ctrl_43,0,B,43,7,X,insider,buyer,300.0,400.0,8,16,0.4666666666666667,355.0,0.55
control,m8_ctrl_43,0,B,43,7,X,insider,buyer,300.0,400.0,9,16,0.5333333333333333,355.0,0.55
control,m8_ctrl_43,0,B,43,7,X,insider,buyer,300.0,400.0,10,16,0.6,355.0,0.55
control,m8_ctrl_43,0,B,43,7,X,insider,buyer,300.0,400.0,11,16,0.6666666666666666,355.0,0.55
control,m8_ctrl_43,0,B,43,7,X,insider,buyer,300.0,400.0,12,16,0.7333333333333333,355.0,0.55
control,m8_ctrl_43,0,B,43,7,X,insider,buyer,300.0,400.0,13,16,0.8,290.0,-0.1
control,m8_ctrl_43,0,B,43,7,X,insider,buyer,300.0,400.0,14,16,0.8666666666666667,290.0,-0.1
control,m8_ctrl_43,0,B,43,7,X,insider,buyer,300.0,400.0,15,16,0.9333333333333333,290.0,-0.1
control,m8_ctrl_43,0,B,43,7,X,insider,buyer,300.0,400.0,16,16,1.0,350.0,0.5
control,m8_ctrl_43,0,B,43,8,X,insider,buyer,300.0,400.0,1,21,0.0,350.0,0.5
control,m8_ctrl_43,0,B,43,8,X,insider,buyer,300.0,400.0,2,21,0.05,350.0,0.5
control,m8_ctrl_43,0,B,43,8,X,insider,buyer,300.0,400.0,3,21,0.1,350.0,0.5
control,m8_ctrl_43,0,B,43,8,X,insider,buyer,300.0,400.0,4,21,0.15,340.0,0.4
control,m8_ctrl_43,0,B,43,8,X,insider,buyer,300.0,400.0,5,21,0.2,340.0,0.4
control,m8_ctrl_43,0,B,43,8,X,insider,buyer,300.0,400.0,6,21,0.25,340.0,0.4
control,m8_ctrl_43,0,B,43,8,X,insider,buyer,300.0,400.0,7,21,0.3,340.0,0.4
control,m8_ctrl_43,0,B,43,8,X,insider,buyer,300.0,400.0,8,21,0.35,340.0,0.4
control,m8_ctrl_43,0,B,43,8,X,insider,buyer,300.0,400.0,9,21,0.4,335.0,0.35
control,m8_ctrl_43,0,B,43,8,X,insider,buyer,300.0,400.0,10,21,0.45,335.0,0.35
control,m8_ctrl_43,0,B,43,8,X,insider,buyer,300.0,400.0,11,21,0.5,340.0,0.4
control,m8_ctrl_43,0,B,43,8,X,insider,buyer,300.0,400.0,12,21,0.55,340.0,0.4
control,m8_ctrl_43,0,B,43,8,X,insider,buyer,300.0,400.0,13,21,0.6,335.0,0.35
control,m8_ctrl_43,0,B,43,8,X,insider,buyer,300.0,400.0,14,21,0.65,351.0,0.51
control,m8_ctrl_43,0,B,43,8,X,insider,buyer,300.0,400.0,15,21,0.7,351.0,0.51
control,m8_ctrl_43,0,B,43,8,X,insider,buyer,300.0,400.0,16,21,0.75,360.0,0.6
control,m8_ctrl_43,0,B,43,8,X,insider,buyer,300.0,400.0,17,21,0.8,351.0,0.51
control,m8_ctrl_43,0,B,43,8,X,insider,buyer,300.0,400.0,18,21,0.85,351.0,0.51
control,m8_ctrl_43,0,B,43,8,X,insider,buyer,300.0,400.0,19,21,0.9,351.0,0.51
control,m8_ctrl_43,0,B,43,8,X,insider,buyer,300.0,400.0,20,21,0.95,351.0,0.51
control,m8_ctrl_43,0,B,43,8,X,insider,buyer,300.0,400.0,21,21,1.0,351.0,0.51
control,m8_ctrl_43,0,B,43,9,X,insider,buyer,300.0,400.0,1,25,0.0,280.0,-0.2
control,m8_ctrl_43,0,B,43,9,X,insider,buyer,300.0,400.0,2,25,0.041666666666666664,300.0,0.0
control,m8_ctrl_43,0,B,43,9,X,insider,buyer,300.0,400.0,3,25,0.08333333333333333,300.0,0.0
control,m8_ctrl_43,0,B,43,9,X,insider,buyer,300.0,400.0,4,25,0.125,300.0,0.0
control,m8_ctrl_43,0,B,43,9,X,insider,buyer,300.0,400.0,5,25,0.16666666666666666,300.0,0.0
control,m8_ctrl_43,0,B,43,9,X,insider,buyer,300.0,400.0,6,25,0.20833333333333334,300.0,0.0
control,m8_ctrl_43,0,B,43,9,X,insider,buyer,300.0,400.0,7,25,0.25,350.0,0.5
control,m8_ctrl_43,0,B,43,9,X,insider,buyer,300.0,400.0,8,25,0.2916666666666667,340.0,0.4
control,m8_ctrl_43,0,B,43,9,X,insider,buyer,300.0,400.0,9,25,0.3333333333333333,340.0,0.4
control,m8_ctrl_43,0,B,43,9,X,insider,buyer,300.0,400.0,10,25,0.375,350.0,0.5
control,m8_ctrl_43,0,B,43,9,X,insider,buyer,300.0,400.0,11,25,0.4166666666666667,350.0,0.5
control,m8_ctrl_43,0,B,43,9,X,insider,buyer,300.0,400.0,12,25,0.4583333333333333,350.0,0.5
control,m8_ctrl_43,0,B,43,9,X,insider,buyer,300.0,400.0,13,25,0.5,345.0,0.45
control,m8_ctrl_43,0,B,43,9,X,insider,buyer,300.0,400.0,14,25,0.5416666666666666,350.0,0.5
control,m8_ctrl_43,0,B,43,9,X,insider,buyer,300.0,400.0,15,25,0.5833333333333334,300.0,0.0
control,m8_ctrl_43,0,B,43,9,X,insider,buyer,300.0,400.0,16,25,0.625,350.0,0.5
control,m8_ctrl_43,0,B,43,9,X,insider,buyer,300.0,400.0,17,25,0.6666666666666666,350.0,0.5
control,m8_ctrl_43,0,B,43,9,X,insider,buyer,300.0,400.0,18,25,0.7083333333333334,345.0,0.45
control,m8_ctrl_43,0,B,43,9,X,insider,buyer,300.0,400.0,19,25,0.75,350.0,0.5
control,m8_ctrl_43,0,B,43,9,X,insider,buyer,300.0,400.0,20,25,0.7916666666666666,351.0,0.51
control,m8_ctrl_43,0,B,43,9,X,insider,buyer,300.0,400.0,21,25,0.8333333333333334,351.0,0.51
control,m8_ctrl_43,0,B,43,9,X,insider,buyer,300.0,400.0,22,25,0.875,351.0,0.51
control,m8_ctrl_43,0,B,43,9,X,insider,buyer,300.0,400.0,23,25,0.9166666666666666,351.0,0.51
control,m8_ctrl_43,0,B,43,9,X,insider,buyer,300.0,400.0,24,25,0.9583333333333334,351.0,0.51
control,m8_ctrl_43,0,B,43,9,X,insider,buyer,300.0,400.0,25,25,1.0,351.0,0.51
control,m8_ctrl_43,0,B,43,10,X,insider,buyer,300.0,400.0,1,22,0.0,350.0,0.5
control,m8_ctrl_43,0,B,43,10,X,insider,buyer,300.0,400.0,2,22,0.047619047619047616,350.0,0.5
control,m8_ctrl_43,0,B,43,10,X,insider,buyer,300.0,400.0,3,22,0.09523809523809523,350.0,0.5
control,m8_ctrl_43,0,B,43,10,X,insider,buyer,300.0,400.0,4,22,0.14285714285714285,349.0,0.49
control,m8_ctrl_43,0,B,43,10,X,insider,buyer,300.0,400.0,5,22,0.19047619047619047,349.0,0.49
control,m8_ctrl_43,0,B,43,10,X,insider,buyer,300.0,400.0,6,22,0.23809523809523808,350.0,0.5
control,m8_ctrl_43,0,B,43,10,X,insider,buyer,300.0,400.0,7,22,0.2857142857142857,350.0,0.5
control,m8_ctrl_43,0,B,43,10,X,insider,buyer,300.0,400.0,8,22,0.3333333333333333,350.0,0.5
control,m8_ctrl_43,0,B,43,10,X,insider,buyer,300.0,400.0,9,22,0.38095238095238093,350.0,0.5
control,m8_ctrl_43,0,B,43,10,X,insider,buyer,300.0,400.0,10,22,0.42857142857142855,350.0,0.5
control,m8_ctrl_43,0,B,43,10,X,insider,buyer,300.0,400.0,11,22,0.47619047619047616,350.0,0.5
control,m8_ctrl_43,0,B,43,10,X,insider,buyer,300.0,400.0,12,22,0.5238095238095238,360.0,0.6
control,m8_ctrl_43,0,B,43,10,X,insider,buyer,300.0,400.0,13,22,0.5714285714285714,349.0,0.49
control,m8_ctrl_43,0,B,43,10,X,insider,buyer,300.0,400.0,14,22,0.6190476190476191,350.0,0.5
control,m8_ctrl_43,0,B,43,10,X,insider,buyer,300.0,400.0,15,22,0.6666666666666666,350.0,0.5
control,m8_ctrl_43,0,B,43,10,X,insider,buyer,300.0,400.0,16,22,0.7142857142857143,350.0,0.5
control,m8_ctrl_43,0,B,43,10,X,insider,buyer,300.0,400.0,17,22,0.7619047619047619,351.0,0.51
control,m8_ctrl_43,0,B,43,10,X,insider,buyer,300.0,400.0,18,22,0.8095238095238095,351.0,0.51
control,m8_ctrl_43,0,B,43,10,X,insider,buyer,300.0,400.0,19,22,0.8571428571428571,355.0,0.55
control,m8_ctrl_43,0,B,43,10,X,insider,buyer,300.0,400.0,20,22,0.9047619047619048,355.0,0.55
control,m8_ctrl_43,0,B,43,10,X,insider,buyer,300.0,400.0,21,22,0.9523809523809523,360.0,0.6
control,m8_ctrl_43,0,B,43,10,X,insider,buyer,300.0,400.0,22,22,1.0,351.0,0.51
control,m8_ctrl_43,0,B,43,11,X,insider,buyer,300.0,400.0,1,21,0.0,290.0,-0.1
control,m8_ctrl_43,0,B,43,11,X,insider,buyer,300.0,400.0,2,21,0.05,380.0,0.8
control,m8_ctrl_43,0,B,43,11,X,insider,buyer,300.0,400.0,3,21,0.1,380.0,0.8
control,m8_ctrl_43,0,B,43,11,X,insider,buyer,300.0,400.0,4,21,0.15,379.0,0.79
control,m8_ctrl_43,0,B,43,11,X,insider,buyer,300.0,400.0,5,21,0.2,380.0,0.8
control,m8_ctrl_43,0,B,43,11,X,insider,buyer,300.0,400.0,6,21,0.25,380.0,0.8
control,m8_ctrl_43,0,B,43,11,X,insider,buyer,300.0,400.0,7,21,0.3,380.0,0.8
control,m8_ctrl_43,0,B,43,11,X,insider,buyer,300.0,400.0,8,21,0.35,380.0,0.8
control,m8_ctrl_43,0,B,43,11,X,insider,buyer,300.0,400.0,9,21,0.4,390.0,0.9
control,m8_ctrl_43,0,B,43,11,X,insider,buyer,300.0,400.0,10,21,0.45,395.0,0.95
control,m8_ctrl_43,0,B,43,11,X,insider,buyer,300.0,400.0,11,21,0.5,379.0,0.79
control,m8_ctrl_43,0,B,43,11,X,insider,buyer,300.0,400.0,12,21,0.55,380.0,0.8
control,m8_ctrl_43,0,B,43,11,X,insider,buyer,300.0,400.0,13,21,0.6,390.0,0.9
control,m8_ctrl_43,0,B,43,11,X,insider,buyer,300.0,400.0,14,21,0.65,390.0,0.9
control,m8_ctrl_43,0,B,43,11,X,insider,buyer,300.0,400.0,15,21,0.7,349.0,0.49
control,m8_ctrl_43,0,B,43,11,X,insider,buyer,300.0,400.0,16,21,0.75,390.0,0.9
control,m8_ctrl_43,0,B,43,11,X,insider,buyer,300.0,400.0,17,21,0.8,380.0,0.8
control,m8_ctrl_43,0,B,43,11,X,insider,buyer,300.0,400.0,18,21,0.85,350.0,0.5
control,m8_ctrl_43,0,B,43,11,X,insider,buyer,300.0,400.0,19,21,0.9,390.0,0.9
control,m8_ctrl_43,0,B,43,11,X,insider,buyer,300.0,400.0,20,21,0.95,355.0,0.55
control,m8_ctrl_43,0,B,43,11,X,insider,buyer,300.0,400.0,21,21,1.0,355.0,0.55
control,m8_ctrl_43,0,B,43,12,X,insider,buyer,300.0,400.0,1,20,0.0,349.0,0.49
control,m8_ctrl_43,0,B,43,12,X,insider,buyer,300.0,400.0,2,20,0.05263157894736842,349.0,0.49
control,m8_ctrl_43,0,B,43,12,X,insider,buyer,300.0,400.0,3,20,0.10526315789473684,350.0,0.5
control,m8_ctrl_43,0,B,43,12,X,insider,buyer,300.0,400.0,4,20,0.15789473684210525,351.0,0.51
control,m8_ctrl_43,0,B,43,12,X,insider,buyer,300.0,400.0,5,20,0.21052631578947367,351.0,0.51
control,m8_ctrl_43,0,B,43,12,X,insider,buyer,300.0,400.0,6,20,0.2631578947368421,352.0,0.52
control,m8_ctrl_43,0,B,43,12,X,insider,buyer,300.0,400.0,7,20,0.3157894736842105,353.0,0.53
control,m8_ctrl_43,0,B,43,12,X,insider,buyer,300.0,400.0,8,20,0.3684210526315789,354.0,0.54
control,m8_ctrl_43,0,B,43,12,X,insider,buyer,300.0,400.0,9,20,0.42105263157894735,360.0,0.6
control,m8_ctrl_43,0,B,43,12,X,insider,buyer,300.0,400.0,10,20,0.47368421052631576,360.0,0.6
control,m8_ctrl_43,0,B,43,12,X,insider,buyer,300.0,400.0,11,20,0.5263157894736842,361.0,0.61
control,m8_ctrl_43,0,B,43,12,X,insider,buyer,300.0,400.0,12,20,0.5789473684210527,362.0,0.62
control,m8_ctrl_43,0,B,43,12,X,insider,buyer,300.0,400.0,13,20,0.631578947368421,365.0,0.65
control,m8_ctrl_43,0,B,43,12,X,insider,buyer,300.0,400.0,14,20,0.6842105263157895,365.0,0.65
control,m8_ctrl_43,0,B,43,12,X,insider,buyer,300.0,400.0,15,20,0.7368421052631579,366.0,0.66
control,m8_ctrl_43,0,B,43,12,X,insider,buyer,300.0,400.0,16,20,0.7894736842105263,380.0,0.8
control,m8_ctrl_43,0,B,43,12,X,insider,buyer,300.0,400.0,17,20,0.8421052631578947,390.0,0.9
control,m8_ctrl_43,0,B,43,12,X,insider,buyer,300.0,400.0,18,20,0.8947368421052632,368.0,0.68
control,m8_ctrl_43,0,B,43,12,X,insider,buyer,300.0,400.0,19,20,0.9473684210526315,350.0,0.5
control,m8_ctrl_43,0,B,43,12,X,insider,buyer,300.0,400.0,20,20,1.0,370.0,0.7
control,m8_ctrl_43,0,B,43,13,Y,insider,seller,300.0,200.0,1,25,0.0,300.0,-0.0
control,m8_ctrl_43,0,B,43,13,Y,insider,seller,300.0,200.0,2,25,0.041666666666666664,300.0,-0.0
control,m8_ctrl_43,0,B,43,13,Y,insider,seller,300.0,200.0,3,25,0.08333333333333333,300.0,-0.0
control,m8_ctrl_43,0,B,43,13,Y,insider,seller,300.0,200.0,4,25,0.125,300.0,-0.0
control,m8_ctrl_43,0,B,43,13,Y,insider,seller,300.0,200.0,5,25,0.16666666666666666,300.0,-0.0
control,m8_ctrl_43,0,B,43,13,Y,insider,seller,300.0,200.0,6,25,0.20833333333333334,300.0,-0.0
control,m8_ctrl_43,0,B,43,13,Y,insider,seller,300.0,200.0,7,25,0.25,300.0,-0.0
control,m8_ctrl_43,0,B,43,13,Y,insider,seller,300.0,200.0,8,25,0.2916666666666667,300.0,-0.0
control,m8_ctrl_43,0,B,43,13,Y,insider,seller,300.0,200.0,9,25,0.3333333333333333,300.0,-0.0
control,m8_ctrl_43,0,B,43,13,Y,insider,seller,300.0,200.0,10,25,0.375,300.0,-0.0
control,m8_ctrl_43,0,B,43,13,Y,insider,seller,300.0,200.0,11,25,0.4166666666666667,300.0,-0.0
control,m8_ctrl_43,0,B,43,13,Y,insider,seller,300.0,200.0,12,25,0.4583333333333333,300.0,-0.0
control,m8_ctrl_43,0,B,43,13,Y,insider,seller,300.0,200.0,13,25,0.5,300.0,-0.0
control,m8_ctrl_43,0,B,43,13,Y,insider,seller,300.0,200.0,14,25,0.5416666666666666,300.0,-0.0
control,m8_ctrl_43,0,B,43,13,Y,insider,seller,300.0,200.0,15,25,0.5833333333333334,300.0,-0.0
control,m8_ctrl_43,0,B,43,13,Y,insider,seller,300.0,200.0,16,25,0.625,300.0,-0.0
control,m8_ctrl_43,0,B,43,13,Y,insider,seller,300.0,200.0,17,25,0.6666666666666666,300.0,-0.0
control,m8_ctrl_43,0,B,43,13,Y,insider,seller,300.0,200.0,18,25,0.7083333333333334,300.0,-0.0
control,m8_ctrl_43,0,B,43,13,Y,insider,seller,300.0,200.0,19,25,0.75,300.0,-0.0
control,m8_ctrl_43,0,B,43,13,Y,insider,seller,300.0,200.0,20,25,0.7916666666666666,300.0,-0.0
control,m8_ctrl_43,0,B,43,13,Y,insider,seller,300.0,200.0,21,25,0.8333333333333334,300.0,-0.0
control,m8_ctrl_43,0,B,43,13,Y,insider,seller,300.0,200.0,22,25,0.875,300.0,-0.0
control,m8_ctrl_43,0,B,43,13,Y,insider,seller,300.0,200.0,23,25,0.9166666666666666,199.0,1.01
control,m8_ctrl_43,0,B,43,13,Y,insider,seller,300.0,200.0,24,25,0.9583333333333334,199.0,1.01
control,m8_ctrl_43,0,B,43,13,Y,insider,seller,300.0,200.0,25,25,1.0,100.0,2.0
control,m8_ctrl_44,0,B,44,5,X,insider,buyer,300.0,400.0,1,12,0.0,300.0,0.0
control,m8_ctrl_44,0,B,44,5,X,insider,buyer,300.0,400.0,2,12,0.09090909090909091,300.0,0.0
control,m8_ctrl_44,0,B,44,5,X,insider,buyer,300.0,400.0,3,12,0.18181818181818182,300.0,0.0
control,m8_ctrl_44,0,B,44,5,X,insider,buyer,300.0,400.0,4,12,0.2727272727272727,301.0,0.01
control,m8_ctrl_44,0,B,44,5,X,insider,buyer,300.0,400.0,5,12,0.36363636363636365,300.0,0.0
control,m8_ctrl_44,0,B,44,5,X,insider,buyer,300.0,400.0,6,12,0.45454545454545453,300.0,0.0
control,m8_ctrl_44,0,B,44,5,X,insider,buyer,300.0,400.0,7,12,0.5454545454545454,300.0,0.0
control,m8_ctrl_44,0,B,44,5,X,insider,buyer,300.0,400.0,8,12,0.6363636363636364,300.0,0.0
control,m8_ctrl_44,0,B,44,5,X,insider,buyer,300.0,400.0,9,12,0.7272727272727273,300.0,0.0
control,m8_ctrl_44,0,B,44,5,X,insider,buyer,300.0,400.0,10,12,0.8181818181818182,300.0,0.0
control,m8_ctrl_44,0,B,44,5,X,insider,buyer,300.0,400.0,11,12,0.9090909090909091,304.0,0.04
control,m8_ctrl_44,0,B,44,5,X,insider,buyer,300.0,400.0,12,12,1.0,305.0,0.05
control,m8_ctrl_44,0,B,44,6,Y,insider,seller,300.0,200.0,1,9,0.0,295.0,0.05
control,m8_ctrl_44,0,B,44,6,Y,insider,seller,300.0,200.0,2,9,0.125,295.0,0.05
control,m8_ctrl_44,0,B,44,6,Y,insider,seller,300.0,200.0,3,9,0.25,293.0,0.07
control,m8_ctrl_44,0,B,44,6,Y,insider,seller,300.0,200.0,4,9,0.375,288.0,0.12
control,m8_ctrl_44,0,B,44,6,Y,insider,seller,300.0,200.0,5,9,0.5,288.0,0.12
control,m8_ctrl_44,0,B,44,6,Y,insider,seller,300.0,200.0,6,9,0.625,284.0,0.16
control,m8_ctrl_44,0,B,44,6,Y,insider,seller,300.0,200.0,7,9,0.75,282.0,0.18
control,m8_ctrl_44,0,B,44,6,Y,insider,seller,300.0,200.0,8,9,0.875,279.0,0.21
control,m8_ctrl_44,0,B,44,6,Y,insider,seller,300.0,200.0,9,9,1.0,279.0,0.21
control,m8_ctrl_44,0,B,44,7,Y,insider,seller,300.0,200.0,1,2,0.0,276.0,0.24
control,m8_ctrl_44,0,B,44,7,Y,insider,seller,300.0,200.0,2,2,1.0,250.0,0.5
control,m8_ctrl_44,0,B,44,8,Y,insider,seller,300.0,200.0,1,13,0.0,279.0,0.21
control,m8_ctrl_44,0,B,44,8,Y,insider,seller,300.0,200.0,2,13,0.08333333333333333,269.0,0.31
control,m8_ctrl_44,0,B,44,8,Y,insider,seller,300.0,200.0,3,13,0.16666666666666666,199.0,1.01
control,m8_ctrl_44,0,B,44,8,Y,insider,seller,300.0,200.0,4,13,0.25,199.0,1.01
control,m8_ctrl_44,0,B,44,8,Y,insider,seller,300.0,200.0,5,13,0.3333333333333333,199.0,1.01
control,m8_ctrl_44,0,B,44,8,Y,insider,seller,300.0,200.0,6,13,0.4166666666666667,199.0,1.01
control,m8_ctrl_44,0,B,44,8,Y,insider,seller,300.0,200.0,7,13,0.5,199.0,1.01
control,m8_ctrl_44,0,B,44,8,Y,insider,seller,300.0,200.0,8,13,0.5833333333333334,199.0,1.01
control,m8_ctrl_44,0,B,44,8,Y,insider,seller,300.0,200.0,9,13,0.6666666666666666,199.0,1.01
control,m8_ctrl_44,0,B,44,8,Y,insider,seller,300.0,200.0,10,13,0.75,199.0,1.01
control,m8_ctrl_44,0,B,44,8,Y,insider,seller,300.0,200.0,11,13,0.8333333333333334,199.0,1.01
control,m8_ctrl_44,0,B,44,8,Y,insider,seller,300.0,200.0,12,13,0.9166666666666666,199.0,1.01
control,m8_ctrl_44,0,B,44,8,Y,insider,seller,300.0,200.0,13,13,1.0,199.0,1.01
control,m8_ctrl_44,0,B,44,9,X,insider,buyer,300.0,400.0,1,19,0.0,350.0,0.5
control,m8_ctrl_44,0,B,44,9,X,insider,buyer,300.0,400.0,2,19,0.05555555555555555,350.0,0.5
control,m8_ctrl_44,0,B,44,9,X,insider,buyer,300.0,400.0,3,19,0.1111111111111111,350.0,0.5
control,m8_ctrl_44,0,B,44,9,X,insider,buyer,300.0,400.0,4,19,0.16666666666666666,349.0,0.49
control,m8_ctrl_44,0,B,44,9,X,insider,buyer,300.0,400.0,5,19,0.2222222222222222,350.0,0.5
control,m8_ctrl_44,0,B,44,9,X,insider,buyer,300.0,400.0,6,19,0.2777777777777778,350.0,0.5
control,m8_ctrl_44,0,B,44,9,X,insider,buyer,300.0,400.0,7,19,0.3333333333333333,350.0,0.5
control,m8_ctrl_44,0,B,44,9,X,insider,buyer,300.0,400.0,8,19,0.3888888888888889,351.0,0.51
control,m8_ctrl_44,0,B,44,9,X,insider,buyer,300.0,400.0,9,19,0.4444444444444444,349.0,0.49
control,m8_ctrl_44,0,B,44,9,X,insider,buyer,300.0,400.0,10,19,0.5,350.0,0.5
control,m8_ctrl_44,0,B,44,9,X,insider,buyer,300.0,400.0,11,19,0.5555555555555556,350.0,0.5
control,m8_ctrl_44,0,B,44,9,X,insider,buyer,300.0,400.0,12,19,0.6111111111111112,350.0,0.5
control,m8_ctrl_44,0,B,44,9,X,insider,buyer,300.0,400.0,13,19,0.6666666666666666,350.0,0.5
control,m8_ctrl_44,0,B,44,9,X,insider,buyer,300.0,400.0,14,19,0.7222222222222222,350.0,0.5
control,m8_ctrl_44,0,B,44,9,X,insider,buyer,300.0,400.0,15,19,0.7777777777777778,351.0,0.51
control,m8_ctrl_44,0,B,44,9,X,insider,buyer,300.0,400.0,16,19,0.8333333333333334,350.0,0.5
control,m8_ctrl_44,0,B,44,9,X,insider,buyer,300.0,400.0,17,19,0.8888888888888888,352.0,0.52
control,m8_ctrl_44,0,B,44,9,X,insider,buyer,300.0,400.0,18,19,0.9444444444444444,351.0,0.51
control,m8_ctrl_44,0,B,44,9,X,insider,buyer,300.0,400.0,19,19,1.0,351.0,0.51
control,m8_ctrl_44,0,B,44,10,Y,insider,seller,300.0,200.0,1,10,0.0,276.0,0.24
control,m8_ctrl_44,0,B,44,10,Y,insider,seller,300.0,200.0,2,10,0.1111111111111111,200.0,1.0
control,m8_ctrl_44,0,B,44,10,Y,insider,seller,300.0,200.0,3,10,0.2222222222222222,238.0,0.62
control,m8_ctrl_44,0,B,44,10,Y,insider,seller,300.0,200.0,4,10,0.3333333333333333,238.0,0.62
control,m8_ctrl_44,0,B,44,10,Y,insider,seller,300.0,200.0,5,10,0.4444444444444444,238.0,0.62
control,m8_ctrl_44,0,B,44,10,Y,insider,seller,300.0,200.0,6,10,0.5555555555555556,238.0,0.62
control,m8_ctrl_44,0,B,44,10,Y,insider,seller,300.0,200.0,7,10,0.6666666666666666,238.0,0.62
control,m8_ctrl_44,0,B,44,10,Y,insider,seller,300.0,200.0,8,10,0.7777777777777778,238.0,0.62
control,m8_ctrl_44,0,B,44,10,Y,insider,seller,300.0,200.0,9,10,0.8888888888888888,234.0,0.66
control,m8_ctrl_44,0,B,44,10,Y,insider,seller,300.0,200.0,10,10,1.0,234.0,0.66
control,m8_ctrl_44,0,B,44,11,X,insider,buyer,300.0,400.0,1,24,0.0,300.0,0.0
control,m8_ctrl_44,0,B,44,11,X,insider,buyer,300.0,400.0,2,24,0.043478260869565216,300.0,0.0
control,m8_ctrl_44,0,B,44,11,X,insider,buyer,300.0,400.0,3,24,0.08695652173913043,300.0,0.0
control,m8_ctrl_44,0,B,44,11,X,insider,buyer,300.0,400.0,4,24,0.13043478260869565,300.0,0.0
control,m8_ctrl_44,0,B,44,11,X,insider,buyer,300.0,400.0,5,24,0.17391304347826086,300.0,0.0
control,m8_ctrl_44,0,B,44,11,X,insider,buyer,300.0,400.0,6,24,0.21739130434782608,300.0,0.0
control,m8_ctrl_44,0,B,44,11,X,insider,buyer,300.0,400.0,7,24,0.2608695652173913,280.0,-0.2
control,m8_ctrl_44,0,B,44,11,X,insider,buyer,300.0,400.0,8,24,0.30434782608695654,300.0,0.0
control,m8_ctrl_44,0,B,44,11,X,insider,buyer,300.0,400.0,9,24,0.34782608695652173,300.0,0.0
control,m8_ctrl_44,0,B,44,11,X,insider,buyer,300.0,400.0,10,24,0.391304347826087,301.0,0.01
control,m8_ctrl_44,0,B,44,11,X,insider,buyer,300.0,400.0,11,24,0.43478260869565216,301.0,0.01
control,m8_ctrl_44,0,B,44,11,X,insider,buyer,300.0,400.0,12,24,0.4782608695652174,301.0,0.01
control,m8_ctrl_44,0,B,44,11,X,insider,buyer,300.0,400.0,13,24,0.5217391304347826,350.0,0.5
control,m8_ctrl_44,0,B,44,11,X,insider,buyer,300.0,400.0,14,24,0.5652173913043478,349.0,0.49
control,m8_ctrl_44,0,B,44,11,X,insider,buyer,300.0,400.0,15,24,0.6086956521739131,350.0,0.5
control,m8_ctrl_44,0,B,44,11,X,insider,buyer,300.0,400.0,16,24,0.6521739130434783,351.0,0.51
control,m8_ctrl_44,0,B,44,11,X,insider,buyer,300.0,400.0,17,24,0.6956521739130435,351.0,0.51
control,m8_ctrl_44,0,B,44,11,X,insider,buyer,300.0,400.0,18,24,0.7391304347826086,351.0,0.51
control,m8_ctrl_44,0,B,44,11,X,insider,buyer,300.0,400.0,19,24,0.782608695652174,351.0,0.51
control,m8_ctrl_44,0,B,44,11,X,insider,buyer,300.0,400.0,20,24,0.8260869565217391,352.0,0.52
control,m8_ctrl_44,0,B,44,11,X,insider,buyer,300.0,400.0,21,24,0.8695652173913043,351.0,0.51
control,m8_ctrl_44,0,B,44,11,X,insider,buyer,300.0,400.0,22,24,0.9130434782608695,351.0,0.51
control,m8_ctrl_44,0,B,44,11,X,insider,buyer,300.0,400.0,23,24,0.9565217391304348,351.0,0.51
control,m8_ctrl_44,0,B,44,11,X,insider,buyer,300.0,400.0,24,24,1.0,352.0,0.52
control,m8_ctrl_44,0,B,44,12,Y,insider,seller,300.0,200.0,1,7,0.0,295.0,0.05
control,m8_ctrl_44,0,B,44,12,Y,insider,seller,300.0,200.0,2,7,0.16666666666666666,295.0,0.05
control,m8_ctrl_44,0,B,44,12,Y,insider,seller,300.0,200.0,3,7,0.3333333333333333,295.0,0.05
control,m8_ctrl_44,0,B,44,12,Y,insider,seller,300.0,200.0,4,7,0.5,294.0,0.06
control,m8_ctrl_44,0,B,44,12,Y,insider,seller,300.0,200.0,5,7,0.6666666666666666,286.0,0.14
control,m8_ctrl_44,0,B,44,12,Y,insider,seller,300.0,200.0,6,7,0.8333333333333334,282.0,0.18
control,m8_ctrl_44,0,B,44,12,Y,insider,seller,300.0,200.0,7,7,1.0,259.0,0.41
control,m8_ctrl_44,0,B,44,13,Y,insider,seller,300.0,200.0,1,17,0.0,300.0,-0.0
control,m8_ctrl_44,0,B,44,13,Y,insider,seller,300.0,200.0,2,17,0.0625,301.0,-0.01
control,m8_ctrl_44,0,B,44,13,Y,insider,seller,300.0,200.0,3,17,0.125,300.0,-0.0
control,m8_ctrl_44,0,B,44,13,Y,insider,seller,300.0,200.0,4,17,0.1875,300.0,-0.0
control,m8_ctrl_44,0,B,44,13,Y,insider,seller,300.0,200.0,5,17,0.25,300.0,-0.0
control,m8_ctrl_44,0,B,44,13,Y,insider,seller,300.0,200.0,6,17,0.3125,300.0,-0.0
control,m8_ctrl_44,0,B,44,13,Y,insider,seller,300.0,200.0,7,17,0.375,300.0,-0.0
control,m8_ctrl_44,0,B,44,13,Y,insider,seller,300.0,200.0,8,17,0.4375,248.0,0.52
control,m8_ctrl_44,0,B,44,13,Y,insider,seller,300.0,200.0,9,17,0.5,240.0,0.6
control,m8_ctrl_44,0,B,44,13,Y,insider,seller,300.0,200.0,10,17,0.5625,200.0,1.0
control,m8_ctrl_44,0,B,44,13,Y,insider,seller,300.0,200.0,11,17,0.625,200.0,1.0
control,m8_ctrl_44,0,B,44,13,Y,insider,seller,300.0,200.0,12,17,0.6875,200.0,1.0
control,m8_ctrl_44,0,B,44,13,Y,insider,seller,300.0,200.0,13,17,0.75,200.0,1.0
control,m8_ctrl_44,0,B,44,13,Y,insider,seller,300.0,200.0,14,17,0.8125,238.0,0.62
control,m8_ctrl_44,0,B,44,13,Y,insider,seller,300.0,200.0,15,17,0.875,238.0,0.62
control,m8_ctrl_44,0,B,44,13,Y,insider,seller,300.0,200.0,16,17,0.9375,238.0,0.62
control,m8_ctrl_44,0,B,44,13,Y,insider,seller,300.0,200.0,17,17,1.0,238.0,0.62
disclosed,m7_disc_42,0,A,42,5,Y,insider,seller,260.0,160.0,1,17,0.0,230.0,0.3
disclosed,m7_disc_42,0,A,42,5,Y,insider,seller,260.0,160.0,2,17,0.0625,230.0,0.3
disclosed,m7_disc_42,0,A,42,5,Y,insider,seller,260.0,160.0,3,17,0.125,230.0,0.3
disclosed,m7_disc_42,0,A,42,5,Y,insider,seller,260.0,160.0,4,17,0.1875,230.0,0.3
disclosed,m7_disc_42,0,A,42,5,Y,insider,seller,260.0,160.0,5,17,0.25,230.0,0.3
disclosed,m7_disc_42,0,A,42,5,Y,insider,seller,260.0,160.0,6,17,0.3125,230.0,0.3
disclosed,m7_disc_42,0,A,42,5,Y,insider,seller,260.0,160.0,7,17,0.375,230.0,0.3
disclosed,m7_disc_42,0,A,42,5,Y,insider,seller,260.0,160.0,8,17,0.4375,230.0,0.3
disclosed,m7_disc_42,0,A,42,5,Y,insider,seller,260.0,160.0,9,17,0.5,230.0,0.3
disclosed,m7_disc_42,0,A,42,5,Y,insider,seller,260.0,160.0,10,17,0.5625,230.0,0.3
disclosed,m7_disc_42,0,A,42,5,Y,insider,seller,260.0,160.0,11,17,0.625,230.0,0.3
disclosed,m7_disc_42,0,A,42,5,Y,insider,seller,260.0,160.0,12,17,0.6875,230.0,0.3
disclosed,m7_disc_42,0,A,42,5,Y,insider,seller,260.0,160.0,13,17,0.75,230.0,0.3
disclosed,m7_disc_42,0,A,42,5,Y,insider,seller,260.0,160.0,14,17,0.8125,230.0,0.3
disclosed,m7_disc_42,0,A,42,5,Y,insider,seller,260.0,160.0,15,17,0.875,230.0,0.3
disclosed,m7_disc_42,0,A,42,5,Y,insider,seller,260.0,160.0,16,17,0.9375,230.0,0.3
disclosed,m7_disc_42,0,A,42,5,Y,insider,seller,260.0,160.0,17,17,1.0,234.0,0.26
disclosed,m7_disc_42,0,A,42,6,X,insider,buyer,260.0,360.0,1,19,0.0,300.0,0.4
disclosed,m7_disc_42,0,A,42,6,X,insider,buyer,260.0,360.0,2,19,0.05555555555555555,300.0,0.4
disclosed,m7_disc_42,0,A,42,6,X,insider,buyer,260.0,360.0,3,19,0.1111111111111111,300.0,0.4
disclosed,m7_disc_42,0,A,42,6,X,insider,buyer,260.0,360.0,4,19,0.16666666666666666,300.0,0.4
disclosed,m7_disc_42,0,A,42,6,X,insider,buyer,260.0,360.0,5,19,0.2222222222222222,300.0,0.4
disclosed,m7_disc_42,0,A,42,6,X,insider,buyer,260.0,360.0,6,19,0.2777777777777778,300.0,0.4
disclosed,m7_disc_42,0,A,42,6,X,insider,buyer,260.0,360.0,7,19,0.3333333333333333,300.0,0.4
disclosed,m7_disc_42,0,A,42,6,X,insider,buyer,260.0,360.0,8,19,0.3888888888888889,300.0,0.4
disclosed,m7_disc_42,0,A,42,6,X,insider,buyer,260.0,360.0,9,19,0.4444444444444444,300.0,0.4
disclosed,m7_disc_42,0,A,42,6,X,insider,buyer,260.0,360.0,10,19,0.5,300.0,0.4
disclosed,m7_disc_42,0,A,42,6,X,insider,buyer,260.0,360.0,11,19,0.5555555555555556,300.0,0.4
disclosed,m7_disc_42,0,A,42,6,X,insider,buyer,260.0,360.0,12,19,0.6111111111111112,300.0,0.4
disclosed,m7_disc_42,0,A,42,6,X,insider,buyer,260.0,360.0,13,19,0.6666666666666666,300.0,0.4
disclosed,m7_disc_42,0,A,42,6,X,insider,buyer,260.0,360.0,14,19,0.7222222222222222,289.0,0.29
disclosed,m7_disc_42,0,A,42,6,X,insider,buyer,260.0,360.0,15,19,0.7777777777777778,290.0,0.3
disclosed,m7_disc_42,0,A,42,6,X,insider,buyer,260.0,360.0,16,19,0.8333333333333334,290.0,0.3
disclosed,m7_disc_42,0,A,42,6,X,insider,buyer,260.0,360.0,17,19,0.8888888888888888,290.0,0.3
disclosed,m7_disc_42,0,A,42,6,X,insider,buyer,260.0,360.0,18,19,0.9444444444444444,300.0,0.4
disclosed,m7_disc_42,0,A,42,6,X,insider,buyer,260.0,360.0,19,19,1.0,295.0,0.35
disclosed,m7_disc_42,0,A,42,7,Y,insider,seller,260.0,160.0,1,22,0.0,300.0,-0.4
disclosed,m7_disc_42,0,A,42,7,Y,insider,seller,260.0,160.0,2,22,0.047619047619047616,300.0,-0.4
disclosed,m7_disc_42,0,A,42,7,Y,insider,seller,260.0,160.0,3,22,0.09523809523809523,300.0,-0.4
disclosed,m7_disc_42,0,A,42,7,Y,insider,seller,260.0,160.0,4,22,0.14285714285714285,299.0,-0.39
disclosed,m7_disc_42,0,A,42,7,Y,insider,seller,260.0,160.0,5,22,0.19047619047619047,299.0,-0.39
disclosed,m7_disc_42,0,A,42,7,Y,insider,seller,260.0,160.0,6,22,0.23809523809523808,299.0,-0.39
disclosed,m7_disc_42,0,A,42,7,Y,insider,seller,260.0,160.0,7,22,0.2857142857142857,298.0,-0.38
disclosed,m7_disc_42,0,A,42,7,Y,insider,seller,260.0,160.0,8,22,0.3333333333333333,298.0,-0.38
disclosed,m7_disc_42,0,A,42,7,Y,insider,seller,260.0,160.0,9,22,0.38095238095238093,298.0,-0.38
disclosed,m7_disc_42,0,A,42,7,Y,insider,seller,260.0,160.0,10,22,0.42857142857142855,298.0,-0.38
disclosed,m7_disc_42,0,A,42,7,Y,insider,seller,260.0,160.0,11,22,0.47619047619047616,298.0,-0.38
disclosed,m7_disc_42,0,A,42,7,Y,insider,seller,260.0,160.0,12,22,0.5238095238095238,298.0,-0.38
disclosed,m7_disc_42,0,A,42,7,Y,insider,seller,260.0,160.0,13,22,0.5714285714285714,299.0,-0.39
disclosed,m7_disc_42,0,A,42,7,Y,insider,seller,260.0,160.0,14,22,0.6190476190476191,299.0,-0.39
disclosed,m7_disc_42,0,A,42,7,Y,insider,seller,260.0,160.0,15,22,0.6666666666666666,298.0,-0.38
disclosed,m7_disc_42,0,A,42,7,Y,insider,seller,260.0,160.0,16,22,0.7142857142857143,298.0,-0.38
disclosed,m7_disc_42,0,A,42,7,Y,insider,seller,260.0,160.0,17,22,0.7619047619047619,298.0,-0.38
disclosed,m7_disc_42,0,A,42,7,Y,insider,seller,260.0,160.0,18,22,0.8095238095238095,298.0,-0.38
disclosed,m7_disc_42,0,A,42,7,Y,insider,seller,260.0,160.0,19,22,0.8571428571428571,299.0,-0.39
disclosed,m7_disc_42,0,A,42,7,Y,insider,seller,260.0,160.0,20,22,0.9047619047619048,299.0,-0.39
disclosed,m7_disc_42,0,A,42,7,Y,insider,seller,260.0,160.0,21,22,0.9523809523809523,299.0,-0.39
disclosed,m7_disc_42,0,A,42,7,Y,insider,seller,260.0,160.0,22,22,1.0,299.0,-0.39
disclosed,m7_disc_42,0,A,42,8,X,insider,buyer,260.0,360.0,1,18,0.0,300.0,0.4
disclosed,m7_disc_42,0,A,42,8,X,insider,buyer,260.0,360.0,2,18,0.058823529411764705,300.0,0.4
disclosed,m7_disc_42,0,A,42,8,X,insider,buyer,260.0,360.0,3,18,0.11764705882352941,300.0,0.4
disclosed,m7_disc_42,0,A,42,8,X,insider,buyer,260.0,360.0,4,18,0.17647058823529413,300.0,0.4
disclosed,m7_disc_42,0,A,42,8,X,insider,buyer,260.0,360.0,5,18,0.23529411764705882,300.0,0.4
disclosed,m7_disc_42,0,A,42,8,X,insider,buyer,260.0,360.0,6,18,0.29411764705882354,300.0,0.4
disclosed,m7_disc_42,0,A,42,8,X,insider,buyer,260.0,360.0,7,18,0.35294117647058826,300.0,0.4
disclosed,m7_disc_42,0,A,42,8,X,insider,buyer,260.0,360.0,8,18,0.4117647058823529,300.0,0.4
disclosed,m7_disc_42,0,A,42,8,X,insider,buyer,260.0,360.0,9,18,0.47058823529411764,300.0,0.4
disclosed,m7_disc_42,0,A,42,8,X,insider,buyer,260.0,360.0,10,18,0.5294117647058824,300.0,0.4
disclosed,m7_disc_42,0,A,42,8,X,insider,buyer,260.0,360.0,11,18,0.5882352941176471,300.0,0.4
disclosed,m7_disc_42,0,A,42,8,X,insider,buyer,260.0,360.0,12,18,0.6470588235294118,300.0,0.4
disclosed,m7_disc_42,0,A,42,8,X,insider,buyer,260.0,360.0,13,18,0.7058823529411765,300.0,0.4
disclosed,m7_disc_42,0,A,42,8,X,insider,buyer,260.0,360.0,14,18,0.7647058823529411,300.0,0.4
disclosed,m7_disc_42,0,A,42,8,X,insider,buyer,260.0,360.0,15,18,0.8235294117647058,300.0,0.4
disclosed,m7_disc_42,0,A,42,8,X,insider,buyer,260.0,360.0,16,18,0.8823529411764706,299.0,0.39
disclosed,m7_disc_42,0,A,42,8,X,insider,buyer,260.0,360.0,17,18,0.9411764705882353,299.0,0.39
disclosed,m7_disc_42,0,A,42,8,X,insider,buyer,260.0,360.0,18,18,1.0,300.0,0.4
disclosed,m7_disc_42,0,A,42,9,Y,insider,seller,260.0,160.0,1,8,0.0,254.0,0.06
disclosed,m7_disc_42,0,A,42,9,Y,insider,seller,260.0,160.0,2,8,0.14285714285714285,250.0,0.1
disclosed,m7_disc_42,0,A,42,9,Y,insider,seller,260.0,160.0,3,8,0.2857142857142857,249.0,0.11
disclosed,m7_disc_42,0,A,42,9,Y,insider,seller,260.0,160.0,4,8,0.42857142857142855,249.0,0.11
disclosed,m7_disc_42,0,A,42,9,Y,insider,seller,260.0,160.0,5,8,0.5714285714285714,249.0,0.11
disclosed,m7_disc_42,0,A,42,9,Y,insider,seller,260.0,160.0,6,8,0.7142857142857143,249.0,0.11
disclosed,m7_disc_42,0,A,42,9,Y,insider,seller,260.0,160.0,7,8,0.8571428571428571,249.0,0.11
disclosed,m7_disc_42,0,A,42,9,Y,insider,seller,260.0,160.0,8,8,1.0,248.0,0.12
disclosed,m7_disc_42,0,A,42,10,Y,insider,seller,260.0,160.0,1,3,0.0,244.0,0.16
disclosed,m7_disc_42,0,A,42,10,Y,insider,seller,260.0,160.0,2,3,0.5,194.0,0.66
disclosed,m7_disc_42,0,A,42,10,Y,insider,seller,260.0,160.0,3,3,1.0,191.0,0.69
disclosed,m7_disc_42,0,A,42,11,X,insider,buyer,260.0,360.0,1,20,0.0,250.0,-0.1
disclosed,m7_disc_42,0,A,42,11,X,insider,buyer,260.0,360.0,2,20,0.05263157894736842,300.0,0.4
disclosed,m7_disc_42,0,A,42,11,X,insider,buyer,260.0,360.0,3,20,0.10526315789473684,310.0,0.5
disclosed,m7_disc_42,0,A,42,11,X,insider,buyer,260.0,360.0,4,20,0.15789473684210525,310.0,0.5
disclosed,m7_disc_42,0,A,42,11,X,insider,buyer,260.0,360.0,5,20,0.21052631578947367,300.0,0.4
disclosed,m7_disc_42,0,A,42,11,X,insider,buyer,260.0,360.0,6,20,0.2631578947368421,300.0,0.4
disclosed,m7_disc_42,0,A,42,11,X,insider,buyer,260.0,360.0,7,20,0.3157894736842105,300.0,0.4
disclosed,m7_disc_42,0,A,42,11,X,insider,buyer,260.0,360.0,8,20,0.3684210526315789,310.0,0.5
disclosed,m7_disc_42,0,A,42,11,X,insider,buyer,260.0,360.0,9,20,0.42105263157894735,310.0,0.5
disclosed,m7_disc_42,0,A,42,11,X,insider,buyer,260.0,360.0,10,20,0.47368421052631576,310.0,0.5
disclosed,m7_disc_42,0,A,42,11,X,insider,buyer,260.0,360.0,11,20,0.5263157894736842,310.0,0.5
disclosed,m7_disc_42,0,A,42,11,X,insider,buyer,260.0,360.0,12,20,0.5789473684210527,310.0,0.5
disclosed,m7_disc_42,0,A,42,11,X,insider,buyer,260.0,360.0,13,20,0.631578947368421,310.0,0.5
disclosed,m7_disc_42,0,A,42,11,X,insider,buyer,260.0,360.0,14,20,0.6842105263157895,200.0,-0.6
disclosed,m7_disc_42,0,A,42,11,X,insider,buyer,260.0,360.0,15,20,0.7368421052631579,180.0,-0.8
disclosed,m7_disc_42,0,A,42,11,X,insider,buyer,260.0,360.0,16,20,0.7894736842105263,180.0,-0.8
disclosed,m7_disc_42,0,A,42,11,X,insider,buyer,260.0,360.0,17,20,0.8421052631578947,200.0,-0.6
disclosed,m7_disc_42,0,A,42,11,X,insider,buyer,260.0,360.0,18,20,0.8947368421052632,250.0,-0.1
disclosed,m7_disc_42,0,A,42,11,X,insider,buyer,260.0,360.0,19,20,0.9473684210526315,300.0,0.4
disclosed,m7_disc_42,0,A,42,11,X,insider,buyer,260.0,360.0,20,20,1.0,300.0,0.4
disclosed,m7_disc_42,0,A,42,12,X,insider,buyer,260.0,360.0,1,21,0.0,200.0,-0.6
disclosed,m7_disc_42,0,A,42,12,X,insider,buyer,260.0,360.0,2,21,0.05,210.0,-0.5
disclosed,m7_disc_42,0,A,42,12,X,insider,buyer,260.0,360.0,3,21,0.1,250.0,-0.1
disclosed,m7_disc_42,0,A,42,12,X,insider,buyer,260.0,360.0,4,21,0.15,300.0,0.4
disclosed,m7_disc_42,0,A,42,12,X,insider,buyer,260.0,360.0,5,21,0.2,300.0,0.4
disclosed,m7_disc_42,0,A,42,12,X,insider,buyer,260.0,360.0,6,21,0.25,295.0,0.35
disclosed,m7_disc_42,0,A,42,12,X,insider,buyer,260.0,360.0,7,21,0.3,300.0,0.4
disclosed,m7_disc_42,0,A,42,12,X,insider,buyer,260.0,360.0,8,21,0.35,300.0,0.4
disclosed,m7_disc_42,0,A,42,12,X,insider,buyer,260.0,360.0,9,21,0.4,300.0,0.4
disclosed,m7_disc_42,0,A,42,12,X,insider,buyer,260.0,360.0,10,21,0.45,300.0,0.4
disclosed,m7_disc_42,0,A,42,12,X,insider,buyer,260.0,360.0,11,21,0.5,300.0,0.4
disclosed,m7_disc_42,0,A,42,12,X,insider,buyer,260.0,360.0,12,21,0.55,300.0,0.4
disclosed,m7_disc_42,0,A,42,12,X,insider,buyer,260.0,360.0,13,21,0.6,300.0,0.4
disclosed,m7_disc_42,0,A,42,12,X,insider,buyer,260.0,360.0,14,21,0.65,301.0,0.41
disclosed,m7_disc_42,0,A,42,12,X,insider,buyer,260.0,360.0,15,21,0.7,300.0,0.4
disclosed,m7_disc_42,0,A,42,12,X,insider,buyer,260.0,360.0,16,21,0.75,301.0,0.41
disclosed,m7_disc_42,0,A,42,12,X,insider,buyer,260.0,360.0,17,21,0.8,300.0,0.4
disclosed,m7_disc_42,0,A,42,12,X,insider,buyer,260.0,360.0,18,21,0.85,296.0,0.36
disclosed,m7_disc_42,0,A,42,12,X,insider,buyer,260.0,360.0,19,21,0.9,300.0,0.4
disclosed,m7_disc_42,0,A,42,12,X,insider,buyer,260.0,360.0,20,21,0.95,300.0,0.4
disclosed,m7_disc_42,0,A,42,12,X,insider,buyer,260.0,360.0,21,21,1.0,300.0,0.4
disclosed,m7_disc_42,0,A,42,13,X,insider,buyer,260.0,360.0,1,17,0.0,300.0,0.4
disclosed,m7_disc_42,0,A,42,13,X,insider,buyer,260.0,360.0,2,17,0.0625,310.0,0.5
disclosed,m7_disc_42,0,A,42,13,X,insider,buyer,260.0,360.0,3,17,0.125,310.0,0.5
disclosed,m7_disc_42,0,A,42,13,X,insider,buyer,260.0,360.0,4,17,0.1875,310.0,0.5
disclosed,m7_disc_42,0,A,42,13,X,insider,buyer,260.0,360.0,5,17,0.25,310.0,0.5
disclosed,m7_disc_42,0,A,42,13,X,insider,buyer,260.0,360.0,6,17,0.3125,310.0,0.5
disclosed,m7_disc_42,0,A,42,13,X,insider,buyer,260.0,360.0,7,17,0.375,310.0,0.5
disclosed,m7_disc_42,0,A,42,13,X,insider,buyer,260.0,360.0,8,17,0.4375,310.0,0.5
disclosed,m7_disc_42,0,A,42,13,X,insider,buyer,260.0,360.0,9,17,0.5,310.0,0.5
disclosed,m7_disc_42,0,A,42,13,X,insider,buyer,260.0,360.0,10,17,0.5625,315.0,0.55
disclosed,m7_disc_42,0,A,42,13,X,insider,buyer,260.0,360.0,11,17,0.625,315.0,0.55
disclosed,m7_disc_42,0,A,42,13,X,insider,buyer,260.0,360.0,12,17,0.6875,315.0,0.55
disclosed,m7_disc_42,0,A,42,13,X,insider,buyer,260.0,360.0,13,17,0.75,315.0,0.55
disclosed,m7_disc_42,0,A,42,13,X,insider,buyer,260.0,360.0,14,17,0.8125,316.0,0.56
disclosed,m7_disc_42,0,A,42,13,X,insider,buyer,260.0,360.0,15,17,0.875,317.0,0.57
disclosed,m7_disc_42,0,A,42,13,X,insider,buyer,260.0,360.0,16,17,0.9375,319.0,0.59
disclosed,m7_disc_42,0,A,42,13,X,insider,buyer,260.0,360.0,17,17,1.0,319.0,0.59
disclosed,m8_disc_42,0,B,42,5,Y,insider,seller,300.0,200.0,1,23,0.0,260.0,0.4
disclosed,m8_disc_42,0,B,42,5,Y,insider,seller,300.0,200.0,2,23,0.045454545454545456,260.0,0.4
disclosed,m8_disc_42,0,B,42,5,Y,insider,seller,300.0,200.0,3,23,0.09090909090909091,260.0,0.4
disclosed,m8_disc_42,0,B,42,5,Y,insider,seller,300.0,200.0,4,23,0.13636363636363635,260.0,0.4
disclosed,m8_disc_42,0,B,42,5,Y,insider,seller,300.0,200.0,5,23,0.18181818181818182,260.0,0.4
disclosed,m8_disc_42,0,B,42,5,Y,insider,seller,300.0,200.0,6,23,0.22727272727272727,260.0,0.4
disclosed,m8_disc_42,0,B,42,5,Y,insider,seller,300.0,200.0,7,23,0.2727272727272727,260.0,0.4
disclosed,m8_disc_42,0,B,42,5,Y,insider,seller,300.0,200.0,8,23,0.3181818181818182,260.0,0.4
disclosed,m8_disc_42,0,B,42,5,Y,insider,seller,300.0,200.0,9,23,0.36363636363636365,260.0,0.4
disclosed,m8_disc_42,0,B,42,5,Y,insider,seller,300.0,200.0,10,23,0.4090909090909091,260.0,0.4
disclosed,m8_disc_42,0,B,42,5,Y,insider,seller,300.0,200.0,11,23,0.45454545454545453,260.0,0.4
disclosed,m8_disc_42,0,B,42,5,Y,insider,seller,300.0,200.0,12,23,0.5,260.0,0.4
disclosed,m8_disc_42,0,B,42,5,Y,insider,seller,300.0,200.0,13,23,0.5454545454545454,260.0,0.4
disclosed,m8_disc_42,0,B,42,5,Y,insider,seller,300.0,200.0,14,23,0.5909090909090909,260.0,0.4
disclosed,m8_disc_42,0,B,42,5,Y,insider,seller,300.0,200.0,15,23,0.6363636363636364,260.0,0.4
disclosed,m8_disc_42,0,B,42,5,Y,insider,seller,300.0,200.0,16,23,0.6818181818181818,260.0,0.4
disclosed,m8_disc_42,0,B,42,5,Y,insider,seller,300.0,200.0,17,23,0.7272727272727273,260.0,0.4
disclosed,m8_disc_42,0,B,42,5,Y,insider,seller,300.0,200.0,18,23,0.7727272727272727,260.0,0.4
disclosed,m8_disc_42,0,B,42,5,Y,insider,seller,300.0,200.0,19,23,0.8181818181818182,260.0,0.4
disclosed,m8_disc_42,0,B,42,5,Y,insider,seller,300.0,200.0,20,23,0.8636363636363636,260.0,0.4
disclosed,m8_disc_42,0,B,42,5,Y,insider,seller,300.0,200.0,21,23,0.9090909090909091,100.0,2.0
disclosed,m8_disc_42,0,B,42,5,Y,insider,seller,300.0,200.0,22,23,0.9545454545454546,82.0,2.18
disclosed,m8_disc_42,0,B,42,5,Y,insider,seller,300.0,200.0,23,23,1.0,82.0,2.18
disclosed,m8_disc_42,0,B,42,6,Y,insider,seller,300.0,200.0,1,23,0.0,250.0,0.5
disclosed,m8_disc_42,0,B,42,6,Y,insider,seller,300.0,200.0,2,23,0.045454545454545456,260.0,0.4
disclosed,m8_disc_42,0,B,42,6,Y,insider,seller,300.0,200.0,3,23,0.09090909090909091,260.0,0.4
disclosed,m8_disc_42,0,B,42,6,Y,insider,seller,300.0,200.0,4,23,0.13636363636363635,260.0,0.4
disclosed,m8_disc_42,0,B,42,6,Y,insider,seller,300.0,200.0,5,23,0.18181818181818182,260.0,0.4
disclosed,m8_disc_42,0,B,42,6,Y,insider,seller,300.0,200.0,6,23,0.22727272727272727,260.0,0.4
disclosed,m8_disc_42,0,B,42,6,Y,insider,seller,300.0,200.0,7,23,0.2727272727272727,260.0,0.4
disclosed,m8_disc_42,0,B,42,6,Y,insider,seller,300.0,200.0,8,23,0.3181818181818182,260.0,0.4
disclosed,m8_disc_42,0,B,42,6,Y,insider,seller,300.0,200.0,9,23,0.36363636363636365,260.0,0.4
disclosed,m8_disc_42,0,B,42,6,Y,insider,seller,300.0,200.0,10,23,0.4090909090909091,260.0,0.4
disclosed,m8_disc_42,0,B,42,6,Y,insider,seller,300.0,200.0,11,23,0.45454545454545453,170.0,1.3
disclosed,m8_disc_42,0,B,42,6,Y,insider,seller,300.0,200.0,12,23,0.5,170.0,1.3
disclosed,m8_disc_42,0,B,42,6,Y,insider,seller,300.0,200.0,13,23,0.5454545454545454,180.0,1.2
disclosed,m8_disc_42,0,B,42,6,Y,insider,seller,300.0,200.0,14,23,0.5909090909090909,180.0,1.2
disclosed,m8_disc_42,0,B,42,6,Y,insider,seller,300.0,200.0,15,23,0.6363636363636364,180.0,1.2
disclosed,m8_disc_42,0,B,42,6,Y,insider,seller,300.0,200.0,16,23,0.6818181818181818,179.0,1.21
disclosed,m8_disc_42,0,B,42,6,Y,insider,seller,300.0,200.0,17,23,0.7272727272727273,180.0,1.2
disclosed,m8_disc_42,0,B,42,6,Y,insider,seller,300.0,200.0,18,23,0.7727272727272727,180.0,1.2
disclosed,m8_disc_42,0,B,42,6,Y,insider,seller,300.0,200.0,19,23,0.8181818181818182,180.0,1.2
disclosed,m8_disc_42,0,B,42,6,Y,insider,seller,300.0,200.0,20,23,0.8636363636363636,90.0,2.1
disclosed,m8_disc_42,0,B,42,6,Y,insider,seller,300.0,200.0,21,23,0.9090909090909091,100.0,2.0
disclosed,m8_disc_42,0,B,42,6,Y,insider,seller,300.0,200.0,22,23,0.9545454545454546,100.0,2.0
disclosed,m8_disc_42,0,B,42,6,Y,insider,seller,300.0,200.0,23,23,1.0,100.0,2.0
disclosed,m8_disc_42,0,B,42,7,X,insider,buyer,300.0,400.0,1,20,0.0,300.0,0.0
disclosed,m8_disc_42,0,B,42,7,X,insider,buyer,300.0,400.0,2,20,0.05263157894736842,310.0,0.1
disclosed,m8_disc_42,0,B,42,7,X,insider,buyer,300.0,400.0,3,20,0.10526315789473684,320.0,0.2
disclosed,m8_disc_42,0,B,42,7,X,insider,buyer,300.0,400.0,4,20,0.15789473684210525,320.0,0.2
disclosed,m8_disc_42,0,B,42,7,X,insider,buyer,300.0,400.0,5,20,0.21052631578947367,330.0,0.3
disclosed,m8_disc_42,0,B,42,7,X,insider,buyer,300.0,400.0,6,20,0.2631578947368421,340.0,0.4
disclosed,m8_disc_42,0,B,42,7,X,insider,buyer,300.0,400.0,7,20,0.3157894736842105,345.0,0.45
disclosed,m8_disc_42,0,B,42,7,X,insider,buyer,300.0,400.0,8,20,0.3684210526315789,350.0,0.5
disclosed,m8_disc_42,0,B,42,7,X,insider,buyer,300.0,400.0,9,20,0.42105263157894735,350.0,0.5
disclosed,m8_disc_42,0,B,42,7,X,insider,buyer,300.0,400.0,10,20,0.47368421052631576,360.0,0.6
disclosed,m8_disc_42,0,B,42,7,X,insider,buyer,300.0,400.0,11,20,0.5263157894736842,360.0,0.6
disclosed,m8_disc_42,0,B,42,7,X,insider,buyer,300.0,400.0,12,20,0.5789473684210527,360.0,0.6
disclosed,m8_disc_42,0,B,42,7,X,insider,buyer,300.0,400.0,13,20,0.631578947368421,360.0,0.6
disclosed,m8_disc_42,0,B,42,7,X,insider,buyer,300.0,400.0,14,20,0.6842105263157895,360.0,0.6
disclosed,m8_disc_42,0,B,42,7,X,insider,buyer,300.0,400.0,15,20,0.7368421052631579,365.0,0.65
disclosed,m8_disc_42,0,B,42,7,X,insider,buyer,300.0,400.0,16,20,0.7894736842105263,365.0,0.65
disclosed,m8_disc_42,0,B,42,7,X,insider,buyer,300.0,400.0,17,20,0.8421052631578947,370.0,0.7
disclosed,m8_disc_42,0,B,42,7,X,insider,buyer,300.0,400.0,18,20,0.8947368421052632,340.0,0.4
disclosed,m8_disc_42,0,B,42,7,X,insider,buyer,300.0,400.0,19,20,0.9473684210526315,350.0,0.5
disclosed,m8_disc_42,0,B,42,7,X,insider,buyer,300.0,400.0,20,20,1.0,340.0,0.4
disclosed,m8_disc_42,0,B,42,8,X,insider,buyer,300.0,400.0,1,21,0.0,280.0,-0.2
disclosed,m8_disc_42,0,B,42,8,X,insider,buyer,300.0,400.0,2,21,0.05,300.0,0.0
disclosed,m8_disc_42,0,B,42,8,X,insider,buyer,300.0,400.0,3,21,0.1,310.0,0.1
disclosed,m8_disc_42,0,B,42,8,X,insider,buyer,300.0,400.0,4,21,0.15,312.0,0.12
disclosed,m8_disc_42,0,B,42,8,X,insider,buyer,300.0,400.0,5,21,0.2,315.0,0.15
disclosed,m8_disc_42,0,B,42,8,X,insider,buyer,300.0,400.0,6,21,0.25,320.0,0.2
disclosed,m8_disc_42,0,B,42,8,X,insider,buyer,300.0,400.0,7,21,0.3,330.0,0.3
disclosed,m8_disc_42,0,B,42,8,X,insider,buyer,300.0,400.0,8,21,0.35,360.0,0.6
disclosed,m8_disc_42,0,B,42,8,X,insider,buyer,300.0,400.0,9,21,0.4,360.0,0.6
disclosed,m8_disc_42,0,B,42,8,X,insider,buyer,300.0,400.0,10,21,0.45,355.0,0.55
disclosed,m8_disc_42,0,B,42,8,X,insider,buyer,300.0,400.0,11,21,0.5,350.0,0.5
disclosed,m8_disc_42,0,B,42,8,X,insider,buyer,300.0,400.0,12,21,0.55,355.0,0.55
disclosed,m8_disc_42,0,B,42,8,X,insider,buyer,300.0,400.0,13,21,0.6,360.0,0.6
disclosed,m8_disc_42,0,B,42,8,X,insider,buyer,300.0,400.0,14,21,0.65,361.0,0.61
disclosed,m8_disc_42,0,B,42,8,X,insider,buyer,300.0,400.0,15,21,0.7,362.0,0.62
disclosed,m8_disc_42,0,B,42,8,X,insider,buyer,300.0,400.0,16,21,0.75,362.0,0.62
disclosed,m8_disc_42,0,B,42,8,X,insider,buyer,300.0,400.0,17,21,0.8,370.0,0.7
disclosed,m8_disc_42,0,B,42,8,X,insider,buyer,300.0,400.0,18,21,0.85,370.0,0.7
disclosed,m8_disc_42,0,B,42,8,X,insider,buyer,300.0,400.0,19,21,0.9,370.0,0.7
disclosed,m8_disc_42,0,B,42,8,X,insider,buyer,300.0,400.0,20,21,0.95,369.0,0.69
disclosed,m8_disc_42,0,B,42,8,X,insider,buyer,300.0,400.0,21,21,1.0,370.0,0.7
disclosed,m8_disc_42,0,B,42,9,X,insider,buyer,300.0,400.0,1,28,0.0,350.0,0.5
disclosed,m8_disc_42,0,B,42,9,X,insider,buyer,300.0,400.0,2,28,0.037037037037037035,345.0,0.45
disclosed,m8_disc_42,0,B,42,9,X,insider,buyer,300.0,400.0,3,28,0.07407407407407407,340.0,0.4
disclosed,m8_disc_42,0,B,42,9,X,insider,buyer,300.0,400.0,4,28,0.1111111111111111,335.0,0.35
disclosed,m8_disc_42,0,B,42,9,X,insider,buyer,300.0,400.0,5,28,0.14814814814814814,335.0,0.35
disclosed,m8_disc_42,0,B,42,9,X,insider,buyer,300.0,400.0,6,28,0.18518518518518517,335.0,0.35
disclosed,m8_disc_42,0,B,42,9,X,insider,buyer,300.0,400.0,7,28,0.2222222222222222,335.0,0.35
disclosed,m8_disc_42,0,B,42,9,X,insider,buyer,300.0,400.0,8,28,0.25925925925925924,335.0,0.35
disclosed,m8_disc_42,0,B,42,9,X,insider,buyer,300.0,400.0,9,28,0.2962962962962963,365.0,0.65
disclosed,m8_disc_42,0,B,42,9,X,insider,buyer,300.0,400.0,10,28,0.3333333333333333,370.0,0.7
disclosed,m8_disc_42,0,B,42,9,X,insider,buyer,300.0,400.0,11,28,0.37037037037037035,370.0,0.7
disclosed,m8_disc_42,0,B,42,9,X,insider,buyer,300.0,400.0,12,28,0.4074074074074074,350.0,0.5
disclosed,m8_disc_42,0,B,42,9,X,insider,buyer,300.0,400.0,13,28,0.4444444444444444,350.0,0.5
disclosed,m8_disc_42,0,B,42,9,X,insider,buyer,300.0,400.0,14,28,0.48148148148148145,350.0,0.5
disclosed,m8_disc_42,0,B,42,9,X,insider,buyer,300.0,400.0,15,28,0.5185185185185185,370.0,0.7
disclosed,m8_disc_42,0,B,42,9,X,insider,buyer,300.0,400.0,16,28,0.5555555555555556,371.0,0.71
disclosed,m8_disc_42,0,B,42,9,X,insider,buyer,300.0,400.0,17,28,0.5925925925925926,371.0,0.71
disclosed,m8_disc_42,0,B,42,9,X,insider,buyer,300.0,400.0,18,28,0.6296296296296297,372.0,0.72
disclosed,m8_disc_42,0,B,42,9,X,insider,buyer,300.0,400.0,19,28,0.6666666666666666,380.0,0.8
disclosed,m8_disc_42,0,B,42,9,X,insider,buyer,300.0,400.0,20,28,0.7037037037037037,380.0,0.8
disclosed,m8_disc_42,0,B,42,9,X,insider,buyer,300.0,400.0,21,28,0.7407407407407407,375.0,0.75
disclosed,m8_disc_42,0,B,42,9,X,insider,buyer,300.0,400.0,22,28,0.7777777777777778,350.0,0.5
disclosed,m8_disc_42,0,B,42,9,X,insider,buyer,300.0,400.0,23,28,0.8148148148148148,350.0,0.5
disclosed,m8_disc_42,0,B,42,9,X,insider,buyer,300.0,400.0,24,28,0.8518518518518519,360.0,0.6
disclosed,m8_disc_42,0,B,42,9,X,insider,buyer,300.0,400.0,25,28,0.8888888888888888,360.0,0.6
disclosed,m8_disc_42,0,B,42,9,X,insider,buyer,300.0,400.0,26,28,0.9259259259259259,365.0,0.65
disclosed,m8_disc_42,0,B,42,9,X,insider,buyer,300.0,400.0,27,28,0.9629629629629629,340.0,0.4
disclosed,m8_disc_42,0,B,42,9,X,insider,buyer,300.0,400.0,28,28,1.0,350.0,0.5
disclosed,m8_disc_42,0,B,42,10,X,insider,buyer,300.0,400.0,1,24,0.0,370.0,0.7
disclosed,m8_disc_42,0,B,42,10,X,insider,buyer,300.0,400.0,2,24,0.043478260869565216,375.0,0.75
disclosed,m8_disc_42,0,B,42,10,X,insider,buyer,300.0,400.0,3,24,0.08695652173913043,350.0,0.5
disclosed,m8_disc_42,0,B,42,10,X,insider,buyer,300.0,400.0,4,24,0.13043478260869565,365.0,0.65
disclosed,m8_disc_42,0,B,42,10,X,insider,buyer,300.0,400.0,5,24,0.17391304347826086,370.0,0.7
disclosed,m8_disc_42,0,B,42,10,X,insider,buyer,300.0,400.0,6,24,0.21739130434782608,370.0,0.7
disclosed,m8_disc_42,0,B,42,10,X,insider,buyer,300.0,400.0,7,24,0.2608695652173913,375.0,0.75
disclosed,m8_disc_42,0,B,42,10,X,insider,buyer,300.0,400.0,8,24,0.30434782608695654,375.0,0.75
disclosed,m8_disc_42,0,B,42,10,X,insider,buyer,300.0,400.0,9,24,0.34782608695652173,375.0,0.75
disclosed,m8_disc_42,0,B,42,10,X,insider,buyer,300.0,400.0,10,24,0.391304347826087,379.0,0.79
disclosed,m8_disc_42,0,B,42,10,X,insider,buyer,300.0,400.0,11,24,0.43478260869565216,380.0,0.8
disclosed,m8_disc_42,0,B,42,10,X,insider,buyer,300.0,400.0,12,24,0.4782608695652174,380.0,0.8
disclosed,m8_disc_42,0,B,42,10,X,insider,buyer,300.0,400.0,13,24,0.5217391304347826,380.0,0.8
disclosed,m8_disc_42,0,B,42,10,X,insider,buyer,300.0,400.0,14,24,0.5652173913043478,380.0,0.8
disclosed,m8_disc_42,0,B,42,10,X,insider,buyer,300.0,400.0,15,24,0.6086956521739131,380.0,0.8
disclosed,m8_disc_42,0,B,42,10,X,insider,buyer,300.0,400.0,16,24,0.6521739130434783,380.0,0.8
disclosed,m8_disc_42,0,B,42,10,X,insider,buyer,300.0,400.0,17,24,0.6956521739130435,380.0,0.8
disclosed,m8_disc_42,0,B,42,10,X,insider,buyer,300.0,400.0,18,24,0.7391304347826086,379.0,0.79
disclosed,m8_disc_42,0,B,42,10,X,insider,buyer,300.0,400.0,19,24,0.782608695652174,375.0,0.75
disclosed,m8_disc_42,0,B,42,10,X,insider,buyer,300.0,400.0,20,24,0.8260869565217391,379.0,0.79
disclosed,m8_disc_42,0,B,42,10,X,insider,buyer,300.0,400.0,21,24,0.8695652173913043,380.0,0.8
disclosed,m8_disc_42,0,B,42,10,X,insider,buyer,300.0,400.0,22,24,0.9130434782608695,380.0,0.8
disclosed,m8_disc_42,0,B,42,10,X,insider,buyer,300.0,400.0,23,24,0.9565217391304348,381.0,0.81
disclosed,m8_disc_42,0,B,42,10,X,insider,buyer,300.0,400.0,24,24,1.0,381.0,0.81
disclosed,m8_disc_42,0,B,42,11,X,insider,buyer,300.0,400.0,1,22,0.0,380.0,0.8
disclosed,m8_disc_42,0,B,42,11,X,insider,buyer,300.0,400.0,2,22,0.047619047619047616,380.0,0.8
disclosed,m8_disc_42,0,B,42,11,X,insider,buyer,300.0,400.0,3,22,0.09523809523809523,380.0,0.8
disclosed,m8_disc_42,0,B,42,11,X,insider,buyer,300.0,400.0,4,22,0.14285714285714285,380.0,0.8
disclosed,m8_disc_42,0,B,42,11,X,insider,buyer,300.0,400.0,5,22,0.19047619047619047,380.0,0.8
disclosed,m8_disc_42,0,B,42,11,X,insider,buyer,300.0,400.0,6,22,0.23809523809523808,380.0,0.8
disclosed,m8_disc_42,0,B,42,11,X,insider,buyer,300.0,400.0,7,22,0.2857142857142857,380.0,0.8
disclosed,m8_disc_42,0,B,42,11,X,insider,buyer,300.0,400.0,8,22,0.3333333333333333,381.0,0.81
disclosed,m8_disc_42,0,B,42,11,X,insider,buyer,300.0,400.0,9,22,0.38095238095238093,381.0,0.81
disclosed,m8_disc_42,0,B,42,11,X,insider,buyer,300.0,400.0,10,22,0.42857142857142855,381.0,0.81
disclosed,m8_disc_42,0,B,42,11,X,insider,buyer,300.0,400.0,11,22,0.47619047619047616,381.0,0.81
disclosed,m8_disc_42,0,B,42,11,X,insider,buyer,300.0,400.0,12,22,0.5238095238095238,381.0,0.81
disclosed,m8_disc_42,0,B,42,11,X,insider,buyer,300.0,400.0,13,22,0.5714285714285714,390.0,0.9
disclosed,m8_disc_42,0,B,42,11,X,insider,buyer,300.0,400.0,14,22,0.6190476190476191,395.0,0.95
disclosed,m8_disc_42,0,B,42,11,X,insider,buyer,300.0,400.0,15,22,0.6666666666666666,395.0,0.95
disclosed,m8_disc_42,0,B,42,11,X,insider,buyer,300.0,400.0,16,22,0.7142857142857143,395.0,0.95
disclosed,m8_disc_42,0,B,42,11,X,insider,buyer,300.0,400.0,17,22,0.7619047619047619,395.0,0.95
disclosed,m8_disc_42,0,B,42,11,X,insider,buyer,300.0,400.0,18,22,0.8095238095238095,395.0,0.95
disclosed,m8_disc_42,0,B,42,11,X,insider,buyer,300.0,400.0,19,22,0.8571428571428571,395.0,0.95
disclosed,m8_disc_42,0,B,42,11,X,insider,buyer,300.0,400.0,20,22,0.9047619047619048,396.0,0.96
disclosed,m8_disc_42,0,B,42,11,X,insider,buyer,300.0,400.0,21,22,0.9523809523809523,396.0,0.96
disclosed,m8_disc_42,0,B,42,11,X,insider,buyer,300.0,400.0,22,22,1.0,400.0,1.0
disclosed,m8_disc_42,0,B,42,12,X,insider,buyer,300.0,400.0,1,26,0.0,390.0,0.9
disclosed,m8_disc_42,0,B,42,12,X,insider,buyer,300.0,400.0,2,26,0.04,391.0,0.91
disclosed,m8_disc_42,0,B,42,12,X,insider,buyer,300.0,400.0,3,26,0.08,391.0,0.91
disclosed,m8_disc_42,0,B,42,12,X,insider,buyer,300.0,400.0,4,26,0.12,391.0,0.91
disclosed,m8_disc_42,0,B,42,12,X,insider,buyer,300.0,400.0,5,26,0.16,391.0,0.91
disclosed,m8_disc_42,0,B,42,12,X,insider,buyer,300.0,400.0,6,26,0.2,391.0,0.91
disclosed,m8_disc_42,0,B,42,12,X,insider,buyer,300.0,400.0,7,26,0.24,392.0,0.92
disclosed,m8_disc_42,0,B,42,12,X,insider,buyer,300.0,400.0,8,26,0.28,391.0,0.91
disclosed,m8_disc_42,0,B,42,12,X,insider,buyer,300.0,400.0,9,26,0.32,391.0,0.91
disclosed,m8_disc_42,0,B,42,12,X,insider,buyer,300.0,400.0,10,26,0.36,391.0,0.91
disclosed,m8_disc_42,0,B,42,12,X,insider,buyer,300.0,400.0,11,26,0.4,391.0,0.91
disclosed,m8_disc_42,0,B,42,12,X,insider,buyer,300.0,400.0,12,26,0.44,350.0,0.5
disclosed,m8_disc_42,0,B,42,12,X,insider,buyer,300.0,400.0,13,26,0.48,360.0,0.6
disclosed,m8_disc_42,0,B,42,12,X,insider,buyer,300.0,400.0,14,26,0.52,360.0,0.6
disclosed,m8_disc_42,0,B,42,12,X,insider,buyer,300.0,400.0,15,26,0.56,355.0,0.55
disclosed,m8_disc_42,0,B,42,12,X,insider,buyer,300.0,400.0,16,26,0.6,355.0,0.55
disclosed,m8_disc_42,0,B,42,12,X,insider,buyer,300.0,400.0,17,26,0.64,355.0,0.55
disclosed,m8_disc_42,0,B,42,12,X,insider,buyer,300.0,400.0,18,26,0.68,355.0,0.55
disclosed,m8_disc_42,0,B,42,12,X,insider,buyer,300.0,400.0,19,26,0.72,360.0,0.6
disclosed,m8_disc_42,0,B,42,12,X,insider,buyer,300.0,400.0,20,26,0.76,392.0,0.92
disclosed,m8_disc_42,0,B,42,12,X,insider,buyer,300.0,400.0,21,26,0.8,393.0,0.93
disclosed,m8_disc_42,0,B,42,12,X,insider,buyer,300.0,400.0,22,26,0.84,393.0,0.93
disclosed,m8_disc_42,0,B,42,12,X,insider,buyer,300.0,400.0,23,26,0.88,393.0,0.93
disclosed,m8_disc_42,0,B,42,12,X,insider,buyer,300.0,400.0,24,26,0.92,395.0,0.95
disclosed,m8_disc_42,0,B,42,12,X,insider,buyer,300.0,400.0,25,26,0.96,395.0,0.95
disclosed,m8_disc_42,0,B,42,12,X,insider,buyer,300.0,400.0,26,26,1.0,390.0,0.9
disclosed,m8_disc_42,0,B,42,13,Y,insider,seller,300.0,200.0,1,23,0.0,250.0,0.5
disclosed,m8_disc_42,0,B,42,13,Y,insider,seller,300.0,200.0,2,23,0.045454545454545456,260.0,0.4
disclosed,m8_disc_42,0,B,42,13,Y,insider,seller,300.0,200.0,3,23,0.09090909090909091,270.0,0.3
disclosed,m8_disc_42,0,B,42,13,Y,insider,seller,300.0,200.0,4,23,0.13636363636363635,280.0,0.2
disclosed,m8_disc_42,0,B,42,13,Y,insider,seller,300.0,200.0,5,23,0.18181818181818182,300.0,-0.0
disclosed,m8_disc_42,0,B,42,13,Y,insider,seller,300.0,200.0,6,23,0.22727272727272727,300.0,-0.0
disclosed,m8_disc_42,0,B,42,13,Y,insider,seller,300.0,200.0,7,23,0.2727272727272727,305.0,-0.05
disclosed,m8_disc_42,0,B,42,13,Y,insider,seller,300.0,200.0,8,23,0.3181818181818182,306.0,-0.06
disclosed,m8_disc_42,0,B,42,13,Y,insider,seller,300.0,200.0,9,23,0.36363636363636365,307.0,-0.07
disclosed,m8_disc_42,0,B,42,13,Y,insider,seller,300.0,200.0,10,23,0.4090909090909091,310.0,-0.1
disclosed,m8_disc_42,0,B,42,13,Y,insider,seller,300.0,200.0,11,23,0.45454545454545453,315.0,-0.15
disclosed,m8_disc_42,0,B,42,13,Y,insider,seller,300.0,200.0,12,23,0.5,315.0,-0.15
disclosed,m8_disc_42,0,B,42,13,Y,insider,seller,300.0,200.0,13,23,0.5454545454545454,320.0,-0.2
disclosed,m8_disc_42,0,B,42,13,Y,insider,seller,300.0,200.0,14,23,0.5909090909090909,320.0,-0.2
disclosed,m8_disc_42,0,B,42,13,Y,insider,seller,300.0,200.0,15,23,0.6363636363636364,321.0,-0.21
disclosed,m8_disc_42,0,B,42,13,Y,insider,seller,300.0,200.0,16,23,0.6818181818181818,322.0,-0.22
disclosed,m8_disc_42,0,B,42,13,Y,insider,seller,300.0,200.0,17,23,0.7272727272727273,323.0,-0.23
disclosed,m8_disc_42,0,B,42,13,Y,insider,seller,300.0,200.0,18,23,0.7727272727272727,324.0,-0.24
disclosed,m8_disc_42,0,B,42,13,Y,insider,seller,300.0,200.0,19,23,0.8181818181818182,328.0,-0.28
disclosed,m8_disc_42,0,B,42,13,Y,insider,seller,300.0,200.0,20,23,0.8636363636363636,330.0,-0.3
disclosed,m8_disc_42,0,B,42,13,Y,insider,seller,300.0,200.0,21,23,0.9090909090909091,331.0,-0.31
disclosed,m8_disc_42,0,B,42,13,Y,insider,seller,300.0,200.0,22,23,0.9545454545454546,332.0,-0.32
disclosed,m8_disc_42,0,B,42,13,Y,insider,seller,300.0,200.0,23,23,1.0,333.0,-0.33
ladder1b,m7_lad1b_42,0,A,42,5,Y,insider,seller,260.0,160.0,1,14,0.0,260.0,-0.0
ladder1b,m7_lad1b_42,0,A,42,5,Y,insider,seller,260.0,160.0,2,14,0.07692307692307693,261.0,-0.01
ladder1b,m7_lad1b_42,0,A,42,5,Y,insider,seller,260.0,160.0,3,14,0.15384615384615385,260.0,-0.0
ladder1b,m7_lad1b_42,0,A,42,5,Y,insider,seller,260.0,160.0,4,14,0.23076923076923078,260.0,-0.0
ladder1b,m7_lad1b_42,0,A,42,5,Y,insider,seller,260.0,160.0,5,14,0.3076923076923077,261.0,-0.01
ladder1b,m7_lad1b_42,0,A,42,5,Y,insider,seller,260.0,160.0,6,14,0.38461538461538464,260.0,-0.0
ladder1b,m7_lad1b_42,0,A,42,5,Y,insider,seller,260.0,160.0,7,14,0.46153846153846156,261.0,-0.01
ladder1b,m7_lad1b_42,0,A,42,5,Y,insider,seller,260.0,160.0,8,14,0.5384615384615384,262.0,-0.02
ladder1b,m7_lad1b_42,0,A,42,5,Y,insider,seller,260.0,160.0,9,14,0.6153846153846154,263.0,-0.03
ladder1b,m7_lad1b_42,0,A,42,5,Y,insider,seller,260.0,160.0,10,14,0.6923076923076923,260.0,-0.0
ladder1b,m7_lad1b_42,0,A,42,5,Y,insider,seller,260.0,160.0,11,14,0.7692307692307693,264.0,-0.04
ladder1b,m7_lad1b_42,0,A,42,5,Y,insider,seller,260.0,160.0,12,14,0.8461538461538461,264.0,-0.04
ladder1b,m7_lad1b_42,0,A,42,5,Y,insider,seller,260.0,160.0,13,14,0.9230769230769231,265.0,-0.05
ladder1b,m7_lad1b_42,0,A,42,5,Y,insider,seller,260.0,160.0,14,14,1.0,265.0,-0.05
ladder1b,m7_lad1b_42,0,A,42,6,X,insider,buyer,260.0,360.0,1,12,0.0,260.0,0.0
ladder1b,m7_lad1b_42,0,A,42,6,X,insider,buyer,260.0,360.0,2,12,0.09090909090909091,261.0,0.01
ladder1b,m7_lad1b_42,0,A,42,6,X,insider,buyer,260.0,360.0,3,12,0.18181818181818182,262.0,0.02
ladder1b,m7_lad1b_42,0,A,42,6,X,insider,buyer,260.0,360.0,4,12,0.2727272727272727,263.0,0.03
ladder1b,m7_lad1b_42,0,A,42,6,X,insider,buyer,260.0,360.0,5,12,0.36363636363636365,264.0,0.04
ladder1b,m7_lad1b_42,0,A,42,6,X,insider,buyer,260.0,360.0,6,12,0.45454545454545453,264.0,0.04
ladder1b,m7_lad1b_42,0,A,42,6,X,insider,buyer,260.0,360.0,7,12,0.5454545454545454,265.0,0.05
ladder1b,m7_lad1b_42,0,A,42,6,X,insider,buyer,260.0,360.0,8,12,0.6363636363636364,265.0,0.05
ladder1b,m7_lad1b_42,0,A,42,6,X,insider,buyer,260.0,360.0,9,12,0.7272727272727273,266.0,0.06
ladder1b,m7_lad1b_42,0,A,42,6,X,insider,buyer,260.0,360.0,10,12,0.8181818181818182,267.0,0.07
ladder1b,m7_lad1b_42,0,A,42,6,X,insider,buyer,260.0,360.0,11,12,0.9090909090909091,283.0,0.23
ladder1b,m7_lad1b_42,0,A,42,6,X,insider,buyer,260.0,360.0,12,12,1.0,285.0,0.25
ladder1b,m7_lad1b_42,0,A,42,7,Y,insider,seller,260.0,160.0,1,12,0.0,250.0,0.1
ladder1b,m7_lad1b_42,0,A,42,7,Y,insider,seller,260.0,160.0,2,12,0.09090909090909091,255.0,0.05
ladder1b,m7_lad1b_42,0,A,42,7,Y,insider,seller,260.0,160.0,3,12,0.18181818181818182,252.0,0.08
ladder1b,m7_lad1b_42,0,A,42,7,Y,insider,seller,260.0,160.0,4,12,0.2727272727272727,252.0,0.08
ladder1b,m7_lad1b_42,0,A,42,7,Y,insider,seller,260.0,160.0,5,12,0.36363636363636365,250.0,0.1
ladder1b,m7_lad1b_42,0,A,42,7,Y,insider,seller,260.0,160.0,6,12,0.45454545454545453,249.0,0.11
ladder1b,m7_lad1b_42,0,A,42,7,Y,insider,seller,260.0,160.0,7,12,0.5454545454545454,248.0,0.12
ladder1b,m7_lad1b_42,0,A,42,7,Y,insider,seller,260.0,160.0,8,12,0.6363636363636364,248.0,0.12
ladder1b,m7_lad1b_42,0,A,42,7,Y,insider,seller,260.0,160.0,9,12,0.7272727272727273,248.0,0.12
ladder1b,m7_lad1b_42,0,A,42,7,Y,insider,seller,260.0,160.0,10,12,0.8181818181818182,247.0,0.13
ladder1b,m7_lad1b_42,0,A,42,7,Y,insider,seller,260.0,160.0,11,12,0.9090909090909091,245.0,0.15
ladder1b,m7_lad1b_42,0,A,42,7,Y,insider,seller,260.0,160.0,12,12,1.0,245.0,0.15
ladder1b,m7_lad1b_42,0,A,42,8,X,insider,buyer,260.0,360.0,1,15,0.0,250.0,-0.1
ladder1b,m7_lad1b_42,0,A,42,8,X,insider,buyer,260.0,360.0,2,15,0.07142857142857142,251.0,-0.09
ladder1b,m7_lad1b_42,0,A,42,8,X,insider,buyer,260.0,360.0,3,15,0.14285714285714285,260.0,0.0
ladder1b,m7_lad1b_42,0,A,42,8,X,insider,buyer,260.0,360.0,4,15,0.21428571428571427,261.0,0.01
ladder1b,m7_lad1b_42,0,A,42,8,X,insider,buyer,260.0,360.0,5,15,0.2857142857142857,261.0,0.01
ladder1b,m7_lad1b_42,0,A,42,8,X,insider,buyer,260.0,360.0,6,15,0.35714285714285715,262.0,0.02
ladder1b,m7_lad1b_42,0,A,42,8,X,insider,buyer,260.0,360.0,7,15,0.42857142857142855,263.0,0.03
ladder1b,m7_lad1b_42,0,A,42,8,X,insider,buyer,260.0,360.0,8,15,0.5,263.0,0.03
ladder1b,m7_lad1b_42,0,A,42,8,X,insider,buyer,260.0,360.0,9,15,0.5714285714285714,263.0,0.03
ladder1b,m7_lad1b_42,0,A,42,8,X,insider,buyer,260.0,360.0,10,15,0.6428571428571429,300.0,0.4
ladder1b,m7_lad1b_42,0,A,42,8,X,insider,buyer,260.0,360.0,11,15,0.7142857142857143,300.0,0.4
ladder1b,m7_lad1b_42,0,A,42,8,X,insider,buyer,260.0,360.0,12,15,0.7857142857142857,300.0,0.4
ladder1b,m7_lad1b_42,0,A,42,8,X,insider,buyer,260.0,360.0,13,15,0.8571428571428571,286.0,0.26
ladder1b,m7_lad1b_42,0,A,42,8,X,insider,buyer,260.0,360.0,14,15,0.9285714285714286,286.0,0.26
ladder1b,m7_lad1b_42,0,A,42,8,X,insider,buyer,260.0,360.0,15,15,1.0,300.0,0.4
ladder1b,m7_lad1b_42,0,A,42,9,Y,insider,seller,260.0,160.0,1,24,0.0,230.0,0.3
ladder1b,m7_lad1b_42,0,A,42,9,Y,insider,seller,260.0,160.0,2,24,0.043478260869565216,230.0,0.3
ladder1b,m7_lad1b_42,0,A,42,9,Y,insider,seller,260.0,160.0,3,24,0.08695652173913043,230.0,0.3
ladder1b,m7_lad1b_42,0,A,42,9,Y,insider,seller,260.0,160.0,4,24,0.13043478260869565,230.0,0.3
ladder1b,m7_lad1b_42,0,A,42,9,Y,insider,seller,260.0,160.0,5,24,0.17391304347826086,230.0,0.3
ladder1b,m7_lad1b_42,0,A,42,9,Y,insider,seller,260.0,160.0,6,24,0.21739130434782608,230.0,0.3
ladder1b,m7_lad1b_42,0,A,42,9,Y,insider,seller,260.0,160.0,7,24,0.2608695652173913,230.0,0.3
ladder1b,m7_lad1b_42,0,A,42,9,Y,insider,seller,260.0,160.0,8,24,0.30434782608695654,230.0,0.3
ladder1b,m7_lad1b_42,0,A,42,9,Y,insider,seller,260.0,160.0,9,24,0.34782608695652173,230.0,0.3
ladder1b,m7_lad1b_42,0,A,42,9,Y,insider,seller,260.0,160.0,10,24,0.391304347826087,230.0,0.3
ladder1b,m7_lad1b_42,0,A,42,9,Y,insider,seller,260.0,160.0,11,24,0.43478260869565216,230.0,0.3
ladder1b,m7_lad1b_42,0,A,42,9,Y,insider,seller,260.0,160.0,12,24,0.4782608695652174,230.0,0.3
ladder1b,m7_lad1b_42,0,A,42,9,Y,insider,seller,260.0,160.0,13,24,0.5217391304347826,230.0,0.3
ladder1b,m7_lad1b_42,0,A,42,9,Y,insider,seller,260.0,160.0,14,24,0.5652173913043478,250.0,0.1
ladder1b,m7_lad1b_42,0,A,42,9,Y,insider,seller,260.0,160.0,15,24,0.6086956521739131,250.0,0.1
ladder1b,m7_lad1b_42,0,A,42,9,Y,insider,seller,260.0,160.0,16,24,0.6521739130434783,250.0,0.1
ladder1b,m7_lad1b_42,0,A,42,9,Y,insider,seller,260.0,160.0,17,24,0.6956521739130435,251.0,0.09
ladder1b,m7_lad1b_42,0,A,42,9,Y,insider,seller,260.0,160.0,18,24,0.7391304347826086,252.0,0.08
ladder1b,m7_lad1b_42,0,A,42,9,Y,insider,seller,260.0,160.0,19,24,0.782608695652174,252.0,0.08
ladder1b,m7_lad1b_42,0,A,42,9,Y,insider,seller,260.0,160.0,20,24,0.8260869565217391,252.0,0.08
ladder1b,m7_lad1b_42,0,A,42,9,Y,insider,seller,260.0,160.0,21,24,0.8695652173913043,252.0,0.08
ladder1b,m7_lad1b_42,0,A,42,9,Y,insider,seller,260.0,160.0,22,24,0.9130434782608695,260.0,-0.0
ladder1b,m7_lad1b_42,0,A,42,9,Y,insider,seller,260.0,160.0,23,24,0.9565217391304348,261.0,-0.01
ladder1b,m7_lad1b_42,0,A,42,9,Y,insider,seller,260.0,160.0,24,24,1.0,262.0,-0.02
ladder1b,m7_lad1b_42,0,A,42,10,Y,insider,seller,260.0,160.0,1,17,0.0,230.0,0.3
ladder1b,m7_lad1b_42,0,A,42,10,Y,insider,seller,260.0,160.0,2,17,0.0625,230.0,0.3
ladder1b,m7_lad1b_42,0,A,42,10,Y,insider,seller,260.0,160.0,3,17,0.125,240.0,0.2
ladder1b,m7_lad1b_42,0,A,42,10,Y,insider,seller,260.0,160.0,4,17,0.1875,239.0,0.21
ladder1b,m7_lad1b_42,0,A,42,10,Y,insider,seller,260.0,160.0,5,17,0.25,240.0,0.2
ladder1b,m7_lad1b_42,0,A,42,10,Y,insider,seller,260.0,160.0,6,17,0.3125,235.0,0.25
ladder1b,m7_lad1b_42,0,A,42,10,Y,insider,seller,260.0,160.0,7,17,0.375,239.0,0.21
ladder1b,m7_lad1b_42,0,A,42,10,Y,insider,seller,260.0,160.0,8,17,0.4375,239.0,0.21
ladder1b,m7_lad1b_42,0,A,42,10,Y,insider,seller,260.0,160.0,9,17,0.5,239.0,0.21
ladder1b,m7_lad1b_42,0,A,42,10,Y,insider,seller,260.0,160.0,10,17,0.5625,239.0,0.21
ladder1b,m7_lad1b_42,0,A,42,10,Y,insider,seller,260.0,160.0,11,17,0.625,240.0,0.2
ladder1b,m7_lad1b_42,0,A,42,10,Y,insider,seller,260.0,160.0,12,17,0.6875,240.0,0.2
ladder1b,m7_lad1b_42,0,A,42,10,Y,insider,seller,260.0,160.0,13,17,0.75,240.0,0.2
ladder1b,m7_lad1b_42,0,A,42,10,Y,insider,seller,260.0,160.0,14,17,0.8125,239.0,0.21
ladder1b,m7_lad1b_42,0,A,42,10,Y,insider,seller,260.0,160.0,15,17,0.875,238.0,0.22
ladder1b,m7_lad1b_42,0,A,42,10,Y,insider,seller,260.0,160.0,16,17,0.9375,238.0,0.22
ladder1b,m7_lad1b_42,0,A,42,10,Y,insider,seller,260.0,160.0,17,17,1.0,238.0,0.22
ladder1b,m7_lad1b_42,0,A,42,11,X,insider,buyer,260.0,360.0,1,23,0.0,251.0,-0.09
ladder1b,m7_lad1b_42,0,A,42,11,X,insider,buyer,260.0,360.0,2,23,0.045454545454545456,251.0,-0.09
ladder1b,m7_lad1b_42,0,A,42,11,X,insider,buyer,260.0,360.0,3,23,0.09090909090909091,252.0,-0.08
ladder1b,m7_lad1b_42,0,A,42,11,X,insider,buyer,260.0,360.0,4,23,0.13636363636363635,252.0,-0.08
ladder1b,m7_lad1b_42,0,A,42,11,X,insider,buyer,260.0,360.0,5,23,0.18181818181818182,340.0,0.8
ladder1b,m7_lad1b_42,0,A,42,11,X,insider,buyer,260.0,360.0,6,23,0.22727272727272727,340.0,0.8
ladder1b,m7_lad1b_42,0,A,42,11,X,insider,buyer,260.0,360.0,7,23,0.2727272727272727,340.0,0.8
ladder1b,m7_lad1b_42,0,A,42,11,X,insider,buyer,260.0,360.0,8,23,0.3181818181818182,350.0,0.9
ladder1b,m7_lad1b_42,0,A,42,11,X,insider,buyer,260.0,360.0,9,23,0.36363636363636365,355.0,0.95
ladder1b,m7_lad1b_42,0,A,42,11,X,insider,buyer,260.0,360.0,10,23,0.4090909090909091,355.0,0.95
ladder1b,m7_lad1b_42,0,A,42,11,X,insider,buyer,260.0,360.0,11,23,0.45454545454545453,356.0,0.96
ladder1b,m7_lad1b_42,0,A,42,11,X,insider,buyer,260.0,360.0,12,23,0.5,355.0,0.95
ladder1b,m7_lad1b_42,0,A,42,11,X,insider,buyer,260.0,360.0,13,23,0.5454545454545454,280.0,0.2
ladder1b,m7_lad1b_42,0,A,42,11,X,insider,buyer,260.0,360.0,14,23,0.5909090909090909,199.0,-0.61
ladder1b,m7_lad1b_42,0,A,42,11,X,insider,buyer,260.0,360.0,15,23,0.6363636363636364,300.0,0.4
ladder1b,m7_lad1b_42,0,A,42,11,X,insider,buyer,260.0,360.0,16,23,0.6818181818181818,160.0,-1.0
ladder1b,m7_lad1b_42,0,A,42,11,X,insider,buyer,260.0,360.0,17,23,0.7272727272727273,300.0,0.4
ladder1b,m7_lad1b_42,0,A,42,11,X,insider,buyer,260.0,360.0,18,23,0.7727272727272727,300.0,0.4
ladder1b,m7_lad1b_42,0,A,42,11,X,insider,buyer,260.0,360.0,19,23,0.8181818181818182,300.0,0.4
ladder1b,m7_lad1b_42,0,A,42,11,X,insider,buyer,260.0,360.0,20,23,0.8636363636363636,300.0,0.4
ladder1b,m7_lad1b_42,0,A,42,11,X,insider,buyer,260.0,360.0,21,23,0.9090909090909091,300.0,0.4
ladder1b,m7_lad1b_42,0,A,42,11,X,insider,buyer,260.0,360.0,22,23,0.9545454545454546,300.0,0.4
ladder1b,m7_lad1b_42,0,A,42,11,X,insider,buyer,260.0,360.0,23,23,1.0,300.0,0.4
ladder1b,m7_lad1b_42,0,A,42,12,X,insider,buyer,260.0,360.0,1,23,0.0,350.0,0.9
ladder1b,m7_lad1b_42,0,A,42,12,X,insider,buyer,260.0,360.0,2,23,0.045454545454545456,350.0,0.9
ladder1b,m7_lad1b_42,0,A,42,12,X,insider,buyer,260.0,360.0,3,23,0.09090909090909091,350.0,0.9
ladder1b,m7_lad1b_42,0,A,42,12,X,insider,buyer,260.0,360.0,4,23,0.13636363636363635,355.0,0.95
ladder1b,m7_lad1b_42,0,A,42,12,X,insider,buyer,260.0,360.0,5,23,0.18181818181818182,355.0,0.95
ladder1b,m7_lad1b_42,0,A,42,12,X,insider,buyer,260.0,360.0,6,23,0.22727272727272727,350.0,0.9
ladder1b,m7_lad1b_42,0,A,42,12,X,insider,buyer,260.0,360.0,7,23,0.2727272727272727,355.0,0.95
ladder1b,m7_lad1b_42,0,A,42,12,X,insider,buyer,260.0,360.0,8,23,0.3181818181818182,350.0,0.9
ladder1b,m7_lad1b_42,0,A,42,12,X,insider,buyer,260.0,360.0,9,23,0.36363636363636365,350.0,0.9
ladder1b,m7_lad1b_42,0,A,42,12,X,insider,buyer,260.0,360.0,10,23,0.4090909090909091,320.0,0.6
ladder1b,m7_lad1b_42,0,A,42,12,X,insider,buyer,260.0,360.0,11,23,0.45454545454545453,359.0,0.99
ladder1b,m7_lad1b_42,0,A,42,12,X,insider,buyer,260.0,360.0,12,23,0.5,359.0,0.99
ladder1b,m7_lad1b_42,0,A,42,12,X,insider,buyer,260.0,360.0,13,23,0.5454545454545454,359.0,0.99
ladder1b,m7_lad1b_42,0,A,42,12,X,insider,buyer,260.0,360.0,14,23,0.5909090909090909,359.0,0.99
ladder1b,m7_lad1b_42,0,A,42,12,X,insider,buyer,260.0,360.0,15,23,0.6363636363636364,320.0,0.6
ladder1b,m7_lad1b_42,0,A,42,12,X,insider,buyer,260.0,360.0,16,23,0.6818181818181818,359.0,0.99
ladder1b,m7_lad1b_42,0,A,42,12,X,insider,buyer,260.0,360.0,17,23,0.7272727272727273,359.0,0.99
ladder1b,m7_lad1b_42,0,A,42,12,X,insider,buyer,260.0,360.0,18,23,0.7727272727272727,325.0,0.65
ladder1b,m7_lad1b_42,0,A,42,12,X,insider,buyer,260.0,360.0,19,23,0.8181818181818182,350.0,0.9
ladder1b,m7_lad1b_42,0,A,42,12,X,insider,buyer,260.0,360.0,20,23,0.8636363636363636,359.0,0.99
ladder1b,m7_lad1b_42,0,A,42,12,X,insider,buyer,260.0,360.0,21,23,0.9090909090909091,325.0,0.65
ladder1b,m7_lad1b_42,0,A,42,12,X,insider,buyer,260.0,360.0,22,23,0.9545454545454546,320.0,0.6
ladder1b,m7_lad1b_42,0,A,42,12,X,insider,buyer,260.0,360.0,23,23,1.0,359.0,0.99
ladder1b,m7_lad1b_42,0,A,42,13,X,insider,buyer,260.0,360.0,1,18,0.0,359.0,0.99
ladder1b,m7_lad1b_42,0,A,42,13,X,insider,buyer,260.0,360.0,2,18,0.058823529411764705,359.0,0.99
ladder1b,m7_lad1b_42,0,A,42,13,X,insider,buyer,260.0,360.0,3,18,0.11764705882352941,359.0,0.99
ladder1b,m7_lad1b_42,0,A,42,13,X,insider,buyer,260.0,360.0,4,18,0.17647058823529413,359.0,0.99
ladder1b,m7_lad1b_42,0,A,42,13,X,insider,buyer,260.0,360.0,5,18,0.23529411764705882,359.0,0.99
ladder1b,m7_lad1b_42,0,A,42,13,X,insider,buyer,260.0,360.0,6,18,0.29411764705882354,359.0,0.99
ladder1b,m7_lad1b_42,0,A,42,13,X,insider,buyer,260.0,360.0,7,18,0.35294117647058826,359.0,0.99
ladder1b,m7_lad1b_42,0,A,42,13,X,insider,buyer,260.0,360.0,8,18,0.4117647058823529,359.0,0.99
ladder1b,m7_lad1b_42,0,A,42,13,X,insider,buyer,260.0,360.0,9,18,0.47058823529411764,359.0,0.99
ladder1b,m7_lad1b_42,0,A,42,13,X,insider,buyer,260.0,360.0,10,18,0.5294117647058824,359.0,0.99
ladder1b,m7_lad1b_42,0,A,42,13,X,insider,buyer,260.0,360.0,11,18,0.5882352941176471,359.0,0.99
ladder1b,m7_lad1b_42,0,A,42,13,X,insider,buyer,260.0,360.0,12,18,0.6470588235294118,359.0,0.99
ladder1b,m7_lad1b_42,0,A,42,13,X,insider,buyer,260.0,360.0,13,18,0.7058823529411765,359.0,0.99
ladder1b,m7_lad1b_42,0,A,42,13,X,insider,buyer,260.0,360.0,14,18,0.7647058823529411,359.0,0.99
ladder1b,m7_lad1b_42,0,A,42,13,X,insider,buyer,260.0,360.0,15,18,0.8235294117647058,359.0,0.99
ladder1b,m7_lad1b_42,0,A,42,13,X,insider,buyer,260.0,360.0,16,18,0.8823529411764706,359.0,0.99
ladder1b,m7_lad1b_42,0,A,42,13,X,insider,buyer,260.0,360.0,17,18,0.9411764705882353,359.0,0.99
ladder1b,m7_lad1b_42,0,A,42,13,X,insider,buyer,260.0,360.0,18,18,1.0,359.0,0.99
ladder1b,m8_lad1b_42,0,B,42,5,Y,insider,seller,300.0,200.0,1,22,0.0,199.0,1.01
ladder1b,m8_lad1b_42,0,B,42,5,Y,insider,seller,300.0,200.0,2,22,0.047619047619047616,200.0,1.0
ladder1b,m8_lad1b_42,0,B,42,5,Y,insider,seller,300.0,200.0,3,22,0.09523809523809523,210.0,0.9
ladder1b,m8_lad1b_42,0,B,42,5,Y,insider,seller,300.0,200.0,4,22,0.14285714285714285,210.0,0.9
ladder1b,m8_lad1b_42,0,B,42,5,Y,insider,seller,300.0,200.0,5,22,0.19047619047619047,210.0,0.9
ladder1b,m8_lad1b_42,0,B,42,5,Y,insider,seller,300.0,200.0,6,22,0.23809523809523808,210.0,0.9
ladder1b,m8_lad1b_42,0,B,42,5,Y,insider,seller,300.0,200.0,7,22,0.2857142857142857,210.0,0.9
ladder1b,m8_lad1b_42,0,B,42,5,Y,insider,seller,300.0,200.0,8,22,0.3333333333333333,210.0,0.9
ladder1b,m8_lad1b_42,0,B,42,5,Y,insider,seller,300.0,200.0,9,22,0.38095238095238093,210.0,0.9
ladder1b,m8_lad1b_42,0,B,42,5,Y,insider,seller,300.0,200.0,10,22,0.42857142857142855,210.0,0.9
ladder1b,m8_lad1b_42,0,B,42,5,Y,insider,seller,300.0,200.0,11,22,0.47619047619047616,210.0,0.9
ladder1b,m8_lad1b_42,0,B,42,5,Y,insider,seller,300.0,200.0,12,22,0.5238095238095238,210.0,0.9
ladder1b,m8_lad1b_42,0,B,42,5,Y,insider,seller,300.0,200.0,13,22,0.5714285714285714,210.0,0.9
ladder1b,m8_lad1b_42,0,B,42,5,Y,insider,seller,300.0,200.0,14,22,0.6190476190476191,210.0,0.9
ladder1b,m8_lad1b_42,0,B,42,5,Y,insider,seller,300.0,200.0,15,22,0.6666666666666666,210.0,0.9
ladder1b,m8_lad1b_42,0,B,42,5,Y,insider,seller,300.0,200.0,16,22,0.7142857142857143,210.0,0.9
ladder1b,m8_lad1b_42,0,B,42,5,Y,insider,seller,300.0,200.0,17,22,0.7619047619047619,210.0,0.9
ladder1b,m8_lad1b_42,0,B,42,5,Y,insider,seller,300.0,200.0,18,22,0.8095238095238095,210.0,0.9
ladder1b,m8_lad1b_42,0,B,42,5,Y,insider,seller,300.0,200.0,19,22,0.8571428571428571,210.0,0.9
ladder1b,m8_lad1b_42,0,B,42,5,Y,insider,seller,300.0,200.0,20,22,0.9047619047619048,208.0,0.92
ladder1b,m8_lad1b_42,0,B,42,5,Y,insider,seller,300.0,200.0,21,22,0.9523809523809523,209.0,0.91
ladder1b,m8_lad1b_42,0,B,42,5,Y,insider,seller,300.0,200.0,22,22,1.0,209.0,0.91
ladder1b,m8_lad1b_42,0,B,42,6,Y,insider,seller,300.0,200.0,1,18,0.0,199.0,1.01
ladder1b,m8_lad1b_42,0,B,42,6,Y,insider,seller,300.0,200.0,2,18,0.058823529411764705,199.0,1.01
ladder1b,m8_lad1b_42,0,B,42,6,Y,insider,seller,300.0,200.0,3,18,0.11764705882352941,199.0,1.01
ladder1b,m8_lad1b_42,0,B,42,6,Y,insider,seller,300.0,200.0,4,18,0.17647058823529413,199.0,1.01
ladder1b,m8_lad1b_42,0,B,42,6,Y,insider,seller,300.0,200.0,5,18,0.23529411764705882,199.0,1.01
ladder1b,m8_lad1b_42,0,B,42,6,Y,insider,seller,300.0,200.0,6,18,0.29411764705882354,199.0,1.01
ladder1b,m8_lad1b_42,0,B,42,6,Y,insider,seller,300.0,200.0,7,18,0.35294117647058826,199.0,1.01
ladder1b,m8_lad1b_42,0,B,42,6,Y,insider,seller,300.0,200.0,8,18,0.4117647058823529,199.0,1.01
ladder1b,m8_lad1b_42,0,B,42,6,Y,insider,seller,300.0,200.0,9,18,0.47058823529411764,199.0,1.01
ladder1b,m8_lad1b_42,0,B,42,6,Y,insider,seller,300.0,200.0,10,18,0.5294117647058824,199.0,1.01
ladder1b,m8_lad1b_42,0,B,42,6,Y,insider,seller,300.0,200.0,11,18,0.5882352941176471,199.0,1.01
ladder1b,m8_lad1b_42,0,B,42,6,Y,insider,seller,300.0,200.0,12,18,0.6470588235294118,199.0,1.01
ladder1b,m8_lad1b_42,0,B,42,6,Y,insider,seller,300.0,200.0,13,18,0.7058823529411765,199.0,1.01
ladder1b,m8_lad1b_42,0,B,42,6,Y,insider,seller,300.0,200.0,14,18,0.7647058823529411,199.0,1.01
ladder1b,m8_lad1b_42,0,B,42,6,Y,insider,seller,300.0,200.0,15,18,0.8235294117647058,199.0,1.01
ladder1b,m8_lad1b_42,0,B,42,6,Y,insider,seller,300.0,200.0,16,18,0.8823529411764706,199.0,1.01
ladder1b,m8_lad1b_42,0,B,42,6,Y,insider,seller,300.0,200.0,17,18,0.9411764705882353,199.0,1.01
ladder1b,m8_lad1b_42,0,B,42,6,Y,insider,seller,300.0,200.0,18,18,1.0,198.0,1.02
ladder1b,m8_lad1b_42,0,B,42,7,X,insider,buyer,300.0,400.0,1,10,0.0,310.0,0.1
ladder1b,m8_lad1b_42,0,B,42,7,X,insider,buyer,300.0,400.0,2,10,0.1111111111111111,340.0,0.4
ladder1b,m8_lad1b_42,0,B,42,7,X,insider,buyer,300.0,400.0,3,10,0.2222222222222222,350.0,0.5
ladder1b,m8_lad1b_42,0,B,42,7,X,insider,buyer,300.0,400.0,4,10,0.3333333333333333,350.0,0.5
ladder1b,m8_lad1b_42,0,B,42,7,X,insider,buyer,300.0,400.0,5,10,0.4444444444444444,350.0,0.5
ladder1b,m8_lad1b_42,0,B,42,7,X,insider,buyer,300.0,400.0,6,10,0.5555555555555556,350.0,0.5
ladder1b,m8_lad1b_42,0,B,42,7,X,insider,buyer,300.0,400.0,7,10,0.6666666666666666,350.0,0.5
ladder1b,m8_lad1b_42,0,B,42,7,X,insider,buyer,300.0,400.0,8,10,0.7777777777777778,351.0,0.51
ladder1b,m8_lad1b_42,0,B,42,7,X,insider,buyer,300.0,400.0,9,10,0.8888888888888888,351.0,0.51
ladder1b,m8_lad1b_42,0,B,42,7,X,insider,buyer,300.0,400.0,10,10,1.0,351.0,0.51
ladder1b,m8_lad1b_42,0,B,42,8,X,insider,buyer,300.0,400.0,1,11,0.0,300.0,0.0
ladder1b,m8_lad1b_42,0,B,42,8,X,insider,buyer,300.0,400.0,2,11,0.1,300.0,0.0
ladder1b,m8_lad1b_42,0,B,42,8,X,insider,buyer,300.0,400.0,3,11,0.2,350.0,0.5
ladder1b,m8_lad1b_42,0,B,42,8,X,insider,buyer,300.0,400.0,4,11,0.3,351.0,0.51
ladder1b,m8_lad1b_42,0,B,42,8,X,insider,buyer,300.0,400.0,5,11,0.4,352.0,0.52
ladder1b,m8_lad1b_42,0,B,42,8,X,insider,buyer,300.0,400.0,6,11,0.5,352.0,0.52
ladder1b,m8_lad1b_42,0,B,42,8,X,insider,buyer,300.0,400.0,7,11,0.6,352.0,0.52
ladder1b,m8_lad1b_42,0,B,42,8,X,insider,buyer,300.0,400.0,8,11,0.7,351.0,0.51
ladder1b,m8_lad1b_42,0,B,42,8,X,insider,buyer,300.0,400.0,9,11,0.8,351.0,0.51
ladder1b,m8_lad1b_42,0,B,42,8,X,insider,buyer,300.0,400.0,10,11,0.9,351.0,0.51
ladder1b,m8_lad1b_42,0,B,42,8,X,insider,buyer,300.0,400.0,11,11,1.0,351.0,0.51
ladder1b,m8_lad1b_42,0,B,42,9,X,insider,buyer,300.0,400.0,1,17,0.0,380.0,0.8
ladder1b,m8_lad1b_42,0,B,42,9,X,insider,buyer,300.0,400.0,2,17,0.0625,381.0,0.81
ladder1b,m8_lad1b_42,0,B,42,9,X,insider,buyer,300.0,400.0,3,17,0.125,382.0,0.82
ladder1b,m8_lad1b_42,0,B,42,9,X,insider,buyer,300.0,400.0,4,17,0.1875,385.0,0.85
ladder1b,m8_lad1b_42,0,B,42,9,X,insider,buyer,300.0,400.0,5,17,0.25,390.0,0.9
ladder1b,m8_lad1b_42,0,B,42,9,X,insider,buyer,300.0,400.0,6,17,0.3125,390.0,0.9
ladder1b,m8_lad1b_42,0,B,42,9,X,insider,buyer,300.0,400.0,7,17,0.375,390.0,0.9
ladder1b,m8_lad1b_42,0,B,42,9,X,insider,buyer,300.0,400.0,8,17,0.4375,390.0,0.9
ladder1b,m8_lad1b_42,0,B,42,9,X,insider,buyer,300.0,400.0,9,17,0.5,390.0,0.9
ladder1b,m8_lad1b_42,0,B,42,9,X,insider,buyer,300.0,400.0,10,17,0.5625,349.0,0.49
ladder1b,m8_lad1b_42,0,B,42,9,X,insider,buyer,300.0,400.0,11,17,0.625,350.0,0.5
ladder1b,m8_lad1b_42,0,B,42,9,X,insider,buyer,300.0,400.0,12,17,0.6875,380.0,0.8
ladder1b,m8_lad1b_42,0,B,42,9,X,insider,buyer,300.0,400.0,13,17,0.75,380.0,0.8
ladder1b,m8_lad1b_42,0,B,42,9,X,insider,buyer,300.0,400.0,14,17,0.8125,380.0,0.8
ladder1b,m8_lad1b_42,0,B,42,9,X,insider,buyer,300.0,400.0,15,17,0.875,351.0,0.51
ladder1b,m8_lad1b_42,0,B,42,9,X,insider,buyer,300.0,400.0,16,17,0.9375,361.0,0.61
ladder1b,m8_lad1b_42,0,B,42,9,X,insider,buyer,300.0,400.0,17,17,1.0,390.0,0.9
ladder1b,m8_lad1b_42,0,B,42,10,X,insider,buyer,300.0,400.0,1,19,0.0,399.0,0.99
ladder1b,m8_lad1b_42,0,B,42,10,X,insider,buyer,300.0,400.0,2,19,0.05555555555555555,390.0,0.9
ladder1b,m8_lad1b_42,0,B,42,10,X,insider,buyer,300.0,400.0,3,19,0.1111111111111111,390.0,0.9
ladder1b,m8_lad1b_42,0,B,42,10,X,insider,buyer,300.0,400.0,4,19,0.16666666666666666,390.0,0.9
ladder1b,m8_lad1b_42,0,B,42,10,X,insider,buyer,300.0,400.0,5,19,0.2222222222222222,390.0,0.9
ladder1b,m8_lad1b_42,0,B,42,10,X,insider,buyer,300.0,400.0,6,19,0.2777777777777778,390.0,0.9
ladder1b,m8_lad1b_42,0,B,42,10,X,insider,buyer,300.0,400.0,7,19,0.3333333333333333,390.0,0.9
ladder1b,m8_lad1b_42,0,B,42,10,X,insider,buyer,300.0,400.0,8,19,0.3888888888888889,370.0,0.7
ladder1b,m8_lad1b_42,0,B,42,10,X,insider,buyer,300.0,400.0,9,19,0.4444444444444444,351.0,0.51
ladder1b,m8_lad1b_42,0,B,42,10,X,insider,buyer,300.0,400.0,10,19,0.5,390.0,0.9
ladder1b,m8_lad1b_42,0,B,42,10,X,insider,buyer,300.0,400.0,11,19,0.5555555555555556,350.0,0.5
ladder1b,m8_lad1b_42,0,B,42,10,X,insider,buyer,300.0,400.0,12,19,0.6111111111111112,399.0,0.99
ladder1b,m8_lad1b_42,0,B,42,10,X,insider,buyer,300.0,400.0,13,19,0.6666666666666666,395.0,0.95
ladder1b,m8_lad1b_42,0,B,42,10,X,insider,buyer,300.0,400.0,14,19,0.7222222222222222,379.0,0.79
ladder1b,m8_lad1b_42,0,B,42,10,X,insider,buyer,300.0,400.0,15,19,0.7777777777777778,395.0,0.95
ladder1b,m8_lad1b_42,0,B,42,10,X,insider,buyer,300.0,400.0,16,19,0.8333333333333334,380.0,0.8
ladder1b,m8_lad1b_42,0,B,42,10,X,insider,buyer,300.0,400.0,17,19,0.8888888888888888,395.0,0.95
ladder1b,m8_lad1b_42,0,B,42,10,X,insider,buyer,300.0,400.0,18,19,0.9444444444444444,390.0,0.9
ladder1b,m8_lad1b_42,0,B,42,10,X,insider,buyer,300.0,400.0,19,19,1.0,395.0,0.95
ladder1b,m8_lad1b_42,0,B,42,11,X,insider,buyer,300.0,400.0,1,14,0.0,350.0,0.5
ladder1b,m8_lad1b_42,0,B,42,11,X,insider,buyer,300.0,400.0,2,14,0.07692307692307693,350.0,0.5
ladder1b,m8_lad1b_42,0,B,42,11,X,insider,buyer,300.0,400.0,3,14,0.15384615384615385,350.0,0.5
ladder1b,m8_lad1b_42,0,B,42,11,X,insider,buyer,300.0,400.0,4,14,0.23076923076923078,351.0,0.51
ladder1b,m8_lad1b_42,0,B,42,11,X,insider,buyer,300.0,400.0,5,14,0.3076923076923077,350.0,0.5
ladder1b,m8_lad1b_42,0,B,42,11,X,insider,buyer,300.0,400.0,6,14,0.38461538461538464,351.0,0.51
ladder1b,m8_lad1b_42,0,B,42,11,X,insider,buyer,300.0,400.0,7,14,0.46153846153846156,395.0,0.95
ladder1b,m8_lad1b_42,0,B,42,11,X,insider,buyer,300.0,400.0,8,14,0.5384615384615384,351.0,0.51
ladder1b,m8_lad1b_42,0,B,42,11,X,insider,buyer,300.0,400.0,9,14,0.6153846153846154,380.0,0.8
ladder1b,m8_lad1b_42,0,B,42,11,X,insider,buyer,300.0,400.0,10,14,0.6923076923076923,395.0,0.95
ladder1b,m8_lad1b_42,0,B,42,11,X,insider,buyer,300.0,400.0,11,14,0.7692307692307693,390.0,0.9
ladder1b,m8_lad1b_42,0,B,42,11,X,insider,buyer,300.0,400.0,12,14,0.8461538461538461,395.0,0.95
ladder1b,m8_lad1b_42,0,B,42,11,X,insider,buyer,300.0,400.0,13,14,0.9230769230769231,390.0,0.9
ladder1b,m8_lad1b_42,0,B,42,11,X,insider,buyer,300.0,400.0,14,14,1.0,397.0,0.97
ladder1b,m8_lad1b_42,0,B,42,12,X,insider,buyer,300.0,400.0,1,15,0.0,360.0,0.6
ladder1b,m8_lad1b_42,0,B,42,12,X,insider,buyer,300.0,400.0,2,15,0.07142857142857142,351.0,0.51
ladder1b,m8_lad1b_42,0,B,42,12,X,insider,buyer,300.0,400.0,3,15,0.14285714285714285,351.0,0.51
ladder1b,m8_lad1b_42,0,B,42,12,X,insider,buyer,300.0,400.0,4,15,0.21428571428571427,350.0,0.5
ladder1b,m8_lad1b_42,0,B,42,12,X,insider,buyer,300.0,400.0,5,15,0.2857142857142857,395.0,0.95
ladder1b,m8_lad1b_42,0,B,42,12,X,insider,buyer,300.0,400.0,6,15,0.35714285714285715,390.0,0.9
ladder1b,m8_lad1b_42,0,B,42,12,X,insider,buyer,300.0,400.0,7,15,0.42857142857142855,380.0,0.8
ladder1b,m8_lad1b_42,0,B,42,12,X,insider,buyer,300.0,400.0,8,15,0.5,399.0,0.99
ladder1b,m8_lad1b_42,0,B,42,12,X,insider,buyer,300.0,400.0,9,15,0.5714285714285714,395.0,0.95
ladder1b,m8_lad1b_42,0,B,42,12,X,insider,buyer,300.0,400.0,10,15,0.6428571428571429,390.0,0.9
ladder1b,m8_lad1b_42,0,B,42,12,X,insider,buyer,300.0,400.0,11,15,0.7142857142857143,380.0,0.8
ladder1b,m8_lad1b_42,0,B,42,12,X,insider,buyer,300.0,400.0,12,15,0.7857142857142857,390.0,0.9
ladder1b,m8_lad1b_42,0,B,42,12,X,insider,buyer,300.0,400.0,13,15,0.8571428571428571,390.0,0.9
ladder1b,m8_lad1b_42,0,B,42,12,X,insider,buyer,300.0,400.0,14,15,0.9285714285714286,391.0,0.91
ladder1b,m8_lad1b_42,0,B,42,12,X,insider,buyer,300.0,400.0,15,15,1.0,392.0,0.92
ladder1b,m8_lad1b_42,0,B,42,13,Y,insider,seller,300.0,200.0,1,18,0.0,200.0,1.0
ladder1b,m8_lad1b_42,0,B,42,13,Y,insider,seller,300.0,200.0,2,18,0.058823529411764705,200.0,1.0
ladder1b,m8_lad1b_42,0,B,42,13,Y,insider,seller,300.0,200.0,3,18,0.11764705882352941,200.0,1.0
ladder1b,m8_lad1b_42,0,B,42,13,Y,insider,seller,300.0,200.0,4,18,0.17647058823529413,199.0,1.01
ladder1b,m8_lad1b_42,0,B,42,13,Y,insider,seller,300.0,200.0,5,18,0.23529411764705882,200.0,1.0
ladder1b,m8_lad1b_42,0,B,42,13,Y,insider,seller,300.0,200.0,6,18,0.29411764705882354,200.0,1.0
ladder1b,m8_lad1b_42,0,B,42,13,Y,insider,seller,300.0,200.0,7,18,0.35294117647058826,201.0,0.99
ladder1b,m8_lad1b_42,0,B,42,13,Y,insider,seller,300.0,200.0,8,18,0.4117647058823529,199.0,1.01
ladder1b,m8_lad1b_42,0,B,42,13,Y,insider,seller,300.0,200.0,9,18,0.47058823529411764,199.0,1.01
ladder1b,m8_lad1b_42,0,B,42,13,Y,insider,seller,300.0,200.0,10,18,0.5294117647058824,199.0,1.01
ladder1b,m8_lad1b_42,0,B,42,13,Y,insider,seller,300.0,200.0,11,18,0.5882352941176471,199.0,1.01
ladder1b,m8_lad1b_42,0,B,42,13,Y,insider,seller,300.0,200.0,12,18,0.6470588235294118,199.0,1.01
ladder1b,m8_lad1b_42,0,B,42,13,Y,insider,seller,300.0,200.0,13,18,0.7058823529411765,199.0,1.01
ladder1b,m8_lad1b_42,0,B,42,13,Y,insider,seller,300.0,200.0,14,18,0.7647058823529411,199.0,1.01
ladder1b,m8_lad1b_42,0,B,42,13,Y,insider,seller,300.0,200.0,15,18,0.8235294117647058,199.0,1.01
ladder1b,m8_lad1b_42,0,B,42,13,Y,insider,seller,300.0,200.0,16,18,0.8823529411764706,179.0,1.21
ladder1b,m8_lad1b_42,0,B,42,13,Y,insider,seller,300.0,200.0,17,18,0.9411764705882353,180.0,1.2
ladder1b,m8_lad1b_42,0,B,42,13,Y,insider,seller,300.0,200.0,18,18,1.0,199.0,1.01
ladder2,m7_lad2_42,0,A,42,5,Y,insider,seller,260.0,160.0,1,19,0.0,170.0,0.9
ladder2,m7_lad2_42,0,A,42,5,Y,insider,seller,260.0,160.0,2,19,0.05555555555555555,170.0,0.9
ladder2,m7_lad2_42,0,A,42,5,Y,insider,seller,260.0,160.0,3,19,0.1111111111111111,170.0,0.9
ladder2,m7_lad2_42,0,A,42,5,Y,insider,seller,260.0,160.0,4,19,0.16666666666666666,160.0,1.0
ladder2,m7_lad2_42,0,A,42,5,Y,insider,seller,260.0,160.0,5,19,0.2222222222222222,159.0,1.01
ladder2,m7_lad2_42,0,A,42,5,Y,insider,seller,260.0,160.0,6,19,0.2777777777777778,159.0,1.01
ladder2,m7_lad2_42,0,A,42,5,Y,insider,seller,260.0,160.0,7,19,0.3333333333333333,160.0,1.0
ladder2,m7_lad2_42,0,A,42,5,Y,insider,seller,260.0,160.0,8,19,0.3888888888888889,158.0,1.02
ladder2,m7_lad2_42,0,A,42,5,Y,insider,seller,260.0,160.0,9,19,0.4444444444444444,158.0,1.02
ladder2,m7_lad2_42,0,A,42,5,Y,insider,seller,260.0,160.0,10,19,0.5,158.0,1.02
ladder2,m7_lad2_42,0,A,42,5,Y,insider,seller,260.0,160.0,11,19,0.5555555555555556,158.0,1.02
ladder2,m7_lad2_42,0,A,42,5,Y,insider,seller,260.0,160.0,12,19,0.6111111111111112,158.0,1.02
ladder2,m7_lad2_42,0,A,42,5,Y,insider,seller,260.0,160.0,13,19,0.6666666666666666,158.0,1.02
ladder2,m7_lad2_42,0,A,42,5,Y,insider,seller,260.0,160.0,14,19,0.7222222222222222,158.0,1.02
ladder2,m7_lad2_42,0,A,42,5,Y,insider,seller,260.0,160.0,15,19,0.7777777777777778,158.0,1.02
ladder2,m7_lad2_42,0,A,42,5,Y,insider,seller,260.0,160.0,16,19,0.8333333333333334,158.0,1.02
ladder2,m7_lad2_42,0,A,42,5,Y,insider,seller,260.0,160.0,17,19,0.8888888888888888,159.0,1.01
ladder2,m7_lad2_42,0,A,42,5,Y,insider,seller,260.0,160.0,18,19,0.9444444444444444,159.0,1.01
ladder2,m7_lad2_42,0,A,42,5,Y,insider,seller,260.0,160.0,19,19,1.0,159.0,1.01
ladder2,m7_lad2_42,0,A,42,6,X,insider,buyer,260.0,360.0,1,18,0.0,290.0,0.3
ladder2,m7_lad2_42,0,A,42,6,X,insider,buyer,260.0,360.0,2,18,0.058823529411764705,270.0,0.1
ladder2,m7_lad2_42,0,A,42,6,X,insider,buyer,260.0,360.0,3,18,0.11764705882352941,270.0,0.1
ladder2,m7_lad2_42,0,A,42,6,X,insider,buyer,260.0,360.0,4,18,0.17647058823529413,270.0,0.1
ladder2,m7_lad2_42,0,A,42,6,X,insider,buyer,260.0,360.0,5,18,0.23529411764705882,270.0,0.1
ladder2,m7_lad2_42,0,A,42,6,X,insider,buyer,260.0,360.0,6,18,0.29411764705882354,270.0,0.1
ladder2,m7_lad2_42,0,A,42,6,X,insider,buyer,260.0,360.0,7,18,0.35294117647058826,270.0,0.1
ladder2,m7_lad2_42,0,A,42,6,X,insider,buyer,260.0,360.0,8,18,0.4117647058823529,270.0,0.1
ladder2,m7_lad2_42,0,A,42,6,X,insider,buyer,260.0,360.0,9,18,0.47058823529411764,270.0,0.1
ladder2,m7_lad2_42,0,A,42,6,X,insider,buyer,260.0,360.0,10,18,0.5294117647058824,270.0,0.1
ladder2,m7_lad2_42,0,A,42,6,X,insider,buyer,260.0,360.0,11,18,0.5882352941176471,271.0,0.11
ladder2,m7_lad2_42,0,A,42,6,X,insider,buyer,260.0,360.0,12,18,0.6470588235294118,291.0,0.31
ladder2,m7_lad2_42,0,A,42,6,X,insider,buyer,260.0,360.0,13,18,0.7058823529411765,291.0,0.31
ladder2,m7_lad2_42,0,A,42,6,X,insider,buyer,260.0,360.0,14,18,0.7647058823529411,292.0,0.32
ladder2,m7_lad2_42,0,A,42,6,X,insider,buyer,260.0,360.0,15,18,0.8235294117647058,295.0,0.35
ladder2,m7_lad2_42,0,A,42,6,X,insider,buyer,260.0,360.0,16,18,0.8823529411764706,300.0,0.4
ladder2,m7_lad2_42,0,A,42,6,X,insider,buyer,260.0,360.0,17,18,0.9411764705882353,290.0,0.3
ladder2,m7_lad2_42,0,A,42,6,X,insider,buyer,260.0,360.0,18,18,1.0,300.0,0.4
ladder2,m7_lad2_42,0,A,42,7,Y,insider,seller,260.0,160.0,1,17,0.0,158.0,1.02
ladder2,m7_lad2_42,0,A,42,7,Y,insider,seller,260.0,160.0,2,17,0.0625,158.0,1.02
ladder2,m7_lad2_42,0,A,42,7,Y,insider,seller,260.0,160.0,3,17,0.125,159.0,1.01
ladder2,m7_lad2_42,0,A,42,7,Y,insider,seller,260.0,160.0,4,17,0.1875,159.0,1.01
ladder2,m7_lad2_42,0,A,42,7,Y,insider,seller,260.0,160.0,5,17,0.25,159.0,1.01
ladder2,m7_lad2_42,0,A,42,7,Y,insider,seller,260.0,160.0,6,17,0.3125,159.0,1.01
ladder2,m7_lad2_42,0,A,42,7,Y,insider,seller,260.0,160.0,7,17,0.375,158.0,1.02
ladder2,m7_lad2_42,0,A,42,7,Y,insider,seller,260.0,160.0,8,17,0.4375,158.0,1.02
ladder2,m7_lad2_42,0,A,42,7,Y,insider,seller,260.0,160.0,9,17,0.5,159.0,1.01
ladder2,m7_lad2_42,0,A,42,7,Y,insider,seller,260.0,160.0,10,17,0.5625,160.0,1.0
ladder2,m7_lad2_42,0,A,42,7,Y,insider,seller,260.0,160.0,11,17,0.625,159.0,1.01
ladder2,m7_lad2_42,0,A,42,7,Y,insider,seller,260.0,160.0,12,17,0.6875,159.0,1.01
ladder2,m7_lad2_42,0,A,42,7,Y,insider,seller,260.0,160.0,13,17,0.75,159.0,1.01
ladder2,m7_lad2_42,0,A,42,7,Y,insider,seller,260.0,160.0,14,17,0.8125,159.0,1.01
ladder2,m7_lad2_42,0,A,42,7,Y,insider,seller,260.0,160.0,15,17,0.875,159.0,1.01
ladder2,m7_lad2_42,0,A,42,7,Y,insider,seller,260.0,160.0,16,17,0.9375,159.0,1.01
ladder2,m7_lad2_42,0,A,42,7,Y,insider,seller,260.0,160.0,17,17,1.0,159.0,1.01
ladder2,m7_lad2_42,0,A,42,8,X,insider,buyer,260.0,360.0,1,16,0.0,300.0,0.4
ladder2,m7_lad2_42,0,A,42,8,X,insider,buyer,260.0,360.0,2,16,0.06666666666666667,300.0,0.4
ladder2,m7_lad2_42,0,A,42,8,X,insider,buyer,260.0,360.0,3,16,0.13333333333333333,300.0,0.4
ladder2,m7_lad2_42,0,A,42,8,X,insider,buyer,260.0,360.0,4,16,0.2,300.0,0.4
ladder2,m7_lad2_42,0,A,42,8,X,insider,buyer,260.0,360.0,5,16,0.26666666666666666,281.0,0.21
ladder2,m7_lad2_42,0,A,42,8,X,insider,buyer,260.0,360.0,6,16,0.3333333333333333,281.0,0.21
ladder2,m7_lad2_42,0,A,42,8,X,insider,buyer,260.0,360.0,7,16,0.4,281.0,0.21
ladder2,m7_lad2_42,0,A,42,8,X,insider,buyer,260.0,360.0,8,16,0.4666666666666667,281.0,0.21
ladder2,m7_lad2_42,0,A,42,8,X,insider,buyer,260.0,360.0,9,16,0.5333333333333333,281.0,0.21
ladder2,m7_lad2_42,0,A,42,8,X,insider,buyer,260.0,360.0,10,16,0.6,282.0,0.22
ladder2,m7_lad2_42,0,A,42,8,X,insider,buyer,260.0,360.0,11,16,0.6666666666666666,300.0,0.4
ladder2,m7_lad2_42,0,A,42,8,X,insider,buyer,260.0,360.0,12,16,0.7333333333333333,300.0,0.4
ladder2,m7_lad2_42,0,A,42,8,X,insider,buyer,260.0,360.0,13,16,0.8,300.0,0.4
ladder2,m7_lad2_42,0,A,42,8,X,insider,buyer,260.0,360.0,14,16,0.8666666666666667,291.0,0.31
ladder2,m7_lad2_42,0,A,42,8,X,insider,buyer,260.0,360.0,15,16,0.9333333333333333,300.0,0.4
ladder2,m7_lad2_42,0,A,42,8,X,insider,buyer,260.0,360.0,16,16,1.0,300.0,0.4
ladder2,m7_lad2_42,0,A,42,9,Y,insider,seller,260.0,160.0,1,17,0.0,160.0,1.0
ladder2,m7_lad2_42,0,A,42,9,Y,insider,seller,260.0,160.0,2,17,0.0625,159.0,1.01
ladder2,m7_lad2_42,0,A,42,9,Y,insider,seller,260.0,160.0,3,17,0.125,159.0,1.01
ladder2,m7_lad2_42,0,A,42,9,Y,insider,seller,260.0,160.0,4,17,0.1875,159.0,1.01
ladder2,m7_lad2_42,0,A,42,9,Y,insider,seller,260.0,160.0,5,17,0.25,159.0,1.01
ladder2,m7_lad2_42,0,A,42,9,Y,insider,seller,260.0,160.0,6,17,0.3125,159.0,1.01
ladder2,m7_lad2_42,0,A,42,9,Y,insider,seller,260.0,160.0,7,17,0.375,159.0,1.01
ladder2,m7_lad2_42,0,A,42,9,Y,insider,seller,260.0,160.0,8,17,0.4375,159.0,1.01
ladder2,m7_lad2_42,0,A,42,9,Y,insider,seller,260.0,160.0,9,17,0.5,159.0,1.01
ladder2,m7_lad2_42,0,A,42,9,Y,insider,seller,260.0,160.0,10,17,0.5625,159.0,1.01
ladder2,m7_lad2_42,0,A,42,9,Y,insider,seller,260.0,160.0,11,17,0.625,159.0,1.01
ladder2,m7_lad2_42,0,A,42,9,Y,insider,seller,260.0,160.0,12,17,0.6875,159.0,1.01
ladder2,m7_lad2_42,0,A,42,9,Y,insider,seller,260.0,160.0,13,17,0.75,159.0,1.01
ladder2,m7_lad2_42,0,A,42,9,Y,insider,seller,260.0,160.0,14,17,0.8125,159.0,1.01
ladder2,m7_lad2_42,0,A,42,9,Y,insider,seller,260.0,160.0,15,17,0.875,159.0,1.01
ladder2,m7_lad2_42,0,A,42,9,Y,insider,seller,260.0,160.0,16,17,0.9375,159.0,1.01
ladder2,m7_lad2_42,0,A,42,9,Y,insider,seller,260.0,160.0,17,17,1.0,160.0,1.0
ladder2,m7_lad2_42,0,A,42,10,Y,insider,seller,260.0,160.0,1,16,0.0,158.0,1.02
ladder2,m7_lad2_42,0,A,42,10,Y,insider,seller,260.0,160.0,2,16,0.06666666666666667,159.0,1.01
ladder2,m7_lad2_42,0,A,42,10,Y,insider,seller,260.0,160.0,3,16,0.13333333333333333,159.0,1.01
ladder2,m7_lad2_42,0,A,42,10,Y,insider,seller,260.0,160.0,4,16,0.2,159.0,1.01
ladder2,m7_lad2_42,0,A,42,10,Y,insider,seller,260.0,160.0,5,16,0.26666666666666666,159.0,1.01
ladder2,m7_lad2_42,0,A,42,10,Y,insider,seller,260.0,160.0,6,16,0.3333333333333333,159.0,1.01
ladder2,m7_lad2_42,0,A,42,10,Y,insider,seller,260.0,160.0,7,16,0.4,159.0,1.01
ladder2,m7_lad2_42,0,A,42,10,Y,insider,seller,260.0,160.0,8,16,0.4666666666666667,159.0,1.01
ladder2,m7_lad2_42,0,A,42,10,Y,insider,seller,260.0,160.0,9,16,0.5333333333333333,159.0,1.01
ladder2,m7_lad2_42,0,A,42,10,Y,insider,seller,260.0,160.0,10,16,0.6,159.0,1.01
ladder2,m7_lad2_42,0,A,42,10,Y,insider,seller,260.0,160.0,11,16,0.6666666666666666,159.0,1.01
ladder2,m7_lad2_42,0,A,42,10,Y,insider,seller,260.0,160.0,12,16,0.7333333333333333,159.0,1.01
ladder2,m7_lad2_42,0,A,42,10,Y,insider,seller,260.0,160.0,13,16,0.8,159.0,1.01
ladder2,m7_lad2_42,0,A,42,10,Y,insider,seller,260.0,160.0,14,16,0.8666666666666667,159.0,1.01
ladder2,m7_lad2_42,0,A,42,10,Y,insider,seller,260.0,160.0,15,16,0.9333333333333333,159.0,1.01
ladder2,m7_lad2_42,0,A,42,10,Y,insider,seller,260.0,160.0,16,16,1.0,159.0,1.01
ladder2,m7_lad2_42,0,A,42,11,X,insider,buyer,260.0,360.0,1,14,0.0,320.0,0.6
ladder2,m7_lad2_42,0,A,42,11,X,insider,buyer,260.0,360.0,2,14,0.07692307692307693,320.0,0.6
ladder2,m7_lad2_42,0,A,42,11,X,insider,buyer,260.0,360.0,3,14,0.15384615384615385,321.0,0.61
ladder2,m7_lad2_42,0,A,42,11,X,insider,buyer,260.0,360.0,4,14,0.23076923076923078,350.0,0.9
ladder2,m7_lad2_42,0,A,42,11,X,insider,buyer,260.0,360.0,5,14,0.3076923076923077,350.0,0.9
ladder2,m7_lad2_42,0,A,42,11,X,insider,buyer,260.0,360.0,6,14,0.38461538461538464,355.0,0.95
ladder2,m7_lad2_42,0,A,42,11,X,insider,buyer,260.0,360.0,7,14,0.46153846153846156,356.0,0.96
ladder2,m7_lad2_42,0,A,42,11,X,insider,buyer,260.0,360.0,8,14,0.5384615384615384,300.0,0.4
ladder2,m7_lad2_42,0,A,42,11,X,insider,buyer,260.0,360.0,9,14,0.6153846153846154,282.0,0.22
ladder2,m7_lad2_42,0,A,42,11,X,insider,buyer,260.0,360.0,10,14,0.6923076923076923,281.0,0.21
ladder2,m7_lad2_42,0,A,42,11,X,insider,buyer,260.0,360.0,11,14,0.7692307692307693,300.0,0.4
ladder2,m7_lad2_42,0,A,42,11,X,insider,buyer,260.0,360.0,12,14,0.8461538461538461,300.0,0.4
ladder2,m7_lad2_42,0,A,42,11,X,insider,buyer,260.0,360.0,13,14,0.9230769230769231,330.0,0.7
ladder2,m7_lad2_42,0,A,42,11,X,insider,buyer,260.0,360.0,14,14,1.0,330.0,0.7
ladder2,m7_lad2_42,0,A,42,12,X,insider,buyer,260.0,360.0,1,19,0.0,300.0,0.4
ladder2,m7_lad2_42,0,A,42,12,X,insider,buyer,260.0,360.0,2,19,0.05555555555555555,305.0,0.45
ladder2,m7_lad2_42,0,A,42,12,X,insider,buyer,260.0,360.0,3,19,0.1111111111111111,350.0,0.9
ladder2,m7_lad2_42,0,A,42,12,X,insider,buyer,260.0,360.0,4,19,0.16666666666666666,355.0,0.95
ladder2,m7_lad2_42,0,A,42,12,X,insider,buyer,260.0,360.0,5,19,0.2222222222222222,356.0,0.96
ladder2,m7_lad2_42,0,A,42,12,X,insider,buyer,260.0,360.0,6,19,0.2777777777777778,359.0,0.99
ladder2,m7_lad2_42,0,A,42,12,X,insider,buyer,260.0,360.0,7,19,0.3333333333333333,359.0,0.99
ladder2,m7_lad2_42,0,A,42,12,X,insider,buyer,260.0,360.0,8,19,0.3888888888888889,358.0,0.98
ladder2,m7_lad2_42,0,A,42,12,X,insider,buyer,260.0,360.0,9,19,0.4444444444444444,359.0,0.99
ladder2,m7_lad2_42,0,A,42,12,X,insider,buyer,260.0,360.0,10,19,0.5,359.0,0.99
ladder2,m7_lad2_42,0,A,42,12,X,insider,buyer,260.0,360.0,11,19,0.5555555555555556,359.0,0.99
ladder2,m7_lad2_42,0,A,42,12,X,insider,buyer,260.0,360.0,12,19,0.6111111111111112,359.0,0.99
ladder2,m7_lad2_42,0,A,42,12,X,insider,buyer,260.0,360.0,13,19,0.6666666666666666,359.0,0.99
ladder2,m7_lad2_42,0,A,42,12,X,insider,buyer,260.0,360.0,14,19,0.7222222222222222,359.0,0.99
ladder2,m7_lad2_42,0,A,42,12,X,insider,buyer,260.0,360.0,15,19,0.7777777777777778,359.0,0.99
ladder2,m7_lad2_42,0,A,42,12,X,insider,buyer,260.0,360.0,16,19,0.8333333333333334,359.0,0.99
ladder2,m7_lad2_42,0,A,42,12,X,insider,buyer,260.0,360.0,17,19,0.8888888888888888,359.0,0.99
ladder2,m7_lad2_42,0,A,42,12,X,insider,buyer,260.0,360.0,18,19,0.9444444444444444,359.0,0.99
ladder2,m7_lad2_42,0,A,42,12,X,insider,buyer,260.0,360.0,19,19,1.0,359.0,0.99
ladder2,m7_lad2_42,0,A,42,13,X,insider,buyer,260.0,360.0,1,18,0.0,300.0,0.4
ladder2,m7_lad2_42,0,A,42,13,X,insider,buyer,260.0,360.0,2,18,0.058823529411764705,310.0,0.5
ladder2,m7_lad2_42,0,A,42,13,X,insider,buyer,260.0,360.0,3,18,0.11764705882352941,315.0,0.55
ladder2,m7_lad2_42,0,A,42,13,X,insider,buyer,260.0,360.0,4,18,0.17647058823529413,340.0,0.8
ladder2,m7_lad2_42,0,A,42,13,X,insider,buyer,260.0,360.0,5,18,0.23529411764705882,350.0,0.9
ladder2,m7_lad2_42,0,A,42,13,X,insider,buyer,260.0,360.0,6,18,0.29411764705882354,350.0,0.9
ladder2,m7_lad2_42,0,A,42,13,X,insider,buyer,260.0,360.0,7,18,0.35294117647058826,350.0,0.9
ladder2,m7_lad2_42,0,A,42,13,X,insider,buyer,260.0,360.0,8,18,0.4117647058823529,350.0,0.9
ladder2,m7_lad2_42,0,A,42,13,X,insider,buyer,260.0,360.0,9,18,0.47058823529411764,359.0,0.99
ladder2,m7_lad2_42,0,A,42,13,X,insider,buyer,260.0,360.0,10,18,0.5294117647058824,350.0,0.9
ladder2,m7_lad2_42,0,A,42,13,X,insider,buyer,260.0,360.0,11,18,0.5882352941176471,350.0,0.9
ladder2,m7_lad2_42,0,A,42,13,X,insider,buyer,260.0,360.0,12,18,0.6470588235294118,359.0,0.99
ladder2,m7_lad2_42,0,A,42,13,X,insider,buyer,260.0,360.0,13,18,0.7058823529411765,359.0,0.99
ladder2,m7_lad2_42,0,A,42,13,X,insider,buyer,260.0,360.0,14,18,0.7647058823529411,359.0,0.99
ladder2,m7_lad2_42,0,A,42,13,X,insider,buyer,260.0,360.0,15,18,0.8235294117647058,359.0,0.99
ladder2,m7_lad2_42,0,A,42,13,X,insider,buyer,260.0,360.0,16,18,0.8823529411764706,359.0,0.99
ladder2,m7_lad2_42,0,A,42,13,X,insider,buyer,260.0,360.0,17,18,0.9411764705882353,359.0,0.99
ladder2,m7_lad2_42,0,A,42,13,X,insider,buyer,260.0,360.0,18,18,1.0,359.0,0.99
ladder2,m7_lad2_45,0,A,45,5,X,insider,buyer,260.0,360.0,1,12,0.0,300.0,0.4
ladder2,m7_lad2_45,0,A,45,5,X,insider,buyer,260.0,360.0,2,12,0.09090909090909091,301.0,0.41
ladder2,m7_lad2_45,0,A,45,5,X,insider,buyer,260.0,360.0,3,12,0.18181818181818182,310.0,0.5
ladder2,m7_lad2_45,0,A,45,5,X,insider,buyer,260.0,360.0,4,12,0.2727272727272727,309.0,0.49
ladder2,m7_lad2_45,0,A,45,5,X,insider,buyer,260.0,360.0,5,12,0.36363636363636365,310.0,0.5
ladder2,m7_lad2_45,0,A,45,5,X,insider,buyer,260.0,360.0,6,12,0.45454545454545453,311.0,0.51
ladder2,m7_lad2_45,0,A,45,5,X,insider,buyer,260.0,360.0,7,12,0.5454545454545454,312.0,0.52
ladder2,m7_lad2_45,0,A,45,5,X,insider,buyer,260.0,360.0,8,12,0.6363636363636364,315.0,0.55
ladder2,m7_lad2_45,0,A,45,5,X,insider,buyer,260.0,360.0,9,12,0.7272727272727273,330.0,0.7
ladder2,m7_lad2_45,0,A,45,5,X,insider,buyer,260.0,360.0,10,12,0.8181818181818182,325.0,0.65
ladder2,m7_lad2_45,0,A,45,5,X,insider,buyer,260.0,360.0,11,12,0.9090909090909091,330.0,0.7
ladder2,m7_lad2_45,0,A,45,5,X,insider,buyer,260.0,360.0,12,12,1.0,335.0,0.75
ladder2,m7_lad2_45,0,A,45,6,X,insider,buyer,260.0,360.0,1,20,0.0,320.0,0.6
ladder2,m7_lad2_45,0,A,45,6,X,insider,buyer,260.0,360.0,2,20,0.05263157894736842,325.0,0.65
ladder2,m7_lad2_45,0,A,45,6,X,insider,buyer,260.0,360.0,3,20,0.10526315789473684,325.0,0.65
ladder2,m7_lad2_45,0,A,45,6,X,insider,buyer,260.0,360.0,4,20,0.15789473684210525,330.0,0.7
ladder2,m7_lad2_45,0,A,45,6,X,insider,buyer,260.0,360.0,5,20,0.21052631578947367,330.0,0.7
ladder2,m7_lad2_45,0,A,45,6,X,insider,buyer,260.0,360.0,6,20,0.2631578947368421,335.0,0.75
ladder2,m7_lad2_45,0,A,45,6,X,insider,buyer,260.0,360.0,7,20,0.3157894736842105,340.0,0.8
ladder2,m7_lad2_45,0,A,45,6,X,insider,buyer,260.0,360.0,8,20,0.3684210526315789,340.0,0.8
ladder2,m7_lad2_45,0,A,45,6,X,insider,buyer,260.0,360.0,9,20,0.42105263157894735,340.0,0.8
ladder2,m7_lad2_45,0,A,45,6,X,insider,buyer,260.0,360.0,10,20,0.47368421052631576,345.0,0.85
ladder2,m7_lad2_45,0,A,45,6,X,insider,buyer,260.0,360.0,11,20,0.5263157894736842,350.0,0.9
ladder2,m7_lad2_45,0,A,45,6,X,insider,buyer,260.0,360.0,12,20,0.5789473684210527,345.0,0.85
ladder2,m7_lad2_45,0,A,45,6,X,insider,buyer,260.0,360.0,13,20,0.631578947368421,330.0,0.7
ladder2,m7_lad2_45,0,A,45,6,X,insider,buyer,260.0,360.0,14,20,0.6842105263157895,340.0,0.8
ladder2,m7_lad2_45,0,A,45,6,X,insider,buyer,260.0,360.0,15,20,0.7368421052631579,345.0,0.85
ladder2,m7_lad2_45,0,A,45,6,X,insider,buyer,260.0,360.0,16,20,0.7894736842105263,345.0,0.85
ladder2,m7_lad2_45,0,A,45,6,X,insider,buyer,260.0,360.0,17,20,0.8421052631578947,345.0,0.85
ladder2,m7_lad2_45,0,A,45,6,X,insider,buyer,260.0,360.0,18,20,0.8947368421052632,330.0,0.7
ladder2,m7_lad2_45,0,A,45,6,X,insider,buyer,260.0,360.0,19,20,0.9473684210526315,350.0,0.9
ladder2,m7_lad2_45,0,A,45,6,X,insider,buyer,260.0,360.0,20,20,1.0,331.0,0.71
ladder2,m7_lad2_45,0,A,45,7,Y,insider,seller,260.0,160.0,1,19,0.0,145.0,1.15
ladder2,m7_lad2_45,0,A,45,7,Y,insider,seller,260.0,160.0,2,19,0.05555555555555555,150.0,1.1
ladder2,m7_lad2_45,0,A,45,7,Y,insider,seller,260.0,160.0,3,19,0.1111111111111111,145.0,1.15
ladder2,m7_lad2_45,0,A,45,7,Y,insider,seller,260.0,160.0,4,19,0.16666666666666666,155.0,1.05
ladder2,m7_lad2_45,0,A,45,7,Y,insider,seller,260.0,160.0,5,19,0.2222222222222222,150.0,1.1
ladder2,m7_lad2_45,0,A,45,7,Y,insider,seller,260.0,160.0,6,19,0.2777777777777778,158.0,1.02
ladder2,m7_lad2_45,0,A,45,7,Y,insider,seller,260.0,160.0,7,19,0.3333333333333333,158.0,1.02
ladder2,m7_lad2_45,0,A,45,7,Y,insider,seller,260.0,160.0,8,19,0.3888888888888889,158.0,1.02
ladder2,m7_lad2_45,0,A,45,7,Y,insider,seller,260.0,160.0,9,19,0.4444444444444444,158.0,1.02
ladder2,m7_lad2_45,0,A,45,7,Y,insider,seller,260.0,160.0,10,19,0.5,160.0,1.0
ladder2,m7_lad2_45,0,A,45,7,Y,insider,seller,260.0,160.0,11,19,0.5555555555555556,158.0,1.02
ladder2,m7_lad2_45,0,A,45,7,Y,insider,seller,260.0,160.0,12,19,0.6111111111111112,155.0,1.05
ladder2,m7_lad2_45,0,A,45,7,Y,insider,seller,260.0,160.0,13,19,0.6666666666666666,155.0,1.05
ladder2,m7_lad2_45,0,A,45,7,Y,insider,seller,260.0,160.0,14,19,0.7222222222222222,158.0,1.02
ladder2,m7_lad2_45,0,A,45,7,Y,insider,seller,260.0,160.0,15,19,0.7777777777777778,158.0,1.02
ladder2,m7_lad2_45,0,A,45,7,Y,insider,seller,260.0,160.0,16,19,0.8333333333333334,158.0,1.02
ladder2,m7_lad2_45,0,A,45,7,Y,insider,seller,260.0,160.0,17,19,0.8888888888888888,158.0,1.02
ladder2,m7_lad2_45,0,A,45,7,Y,insider,seller,260.0,160.0,18,19,0.9444444444444444,158.0,1.02
ladder2,m7_lad2_45,0,A,45,7,Y,insider,seller,260.0,160.0,19,19,1.0,160.0,1.0
ladder2,m7_lad2_45,0,A,45,8,X,insider,buyer,260.0,360.0,1,16,0.0,340.0,0.8
ladder2,m7_lad2_45,0,A,45,8,X,insider,buyer,260.0,360.0,2,16,0.06666666666666667,340.0,0.8
ladder2,m7_lad2_45,0,A,45,8,X,insider,buyer,260.0,360.0,3,16,0.13333333333333333,340.0,0.8
ladder2,m7_lad2_45,0,A,45,8,X,insider,buyer,260.0,360.0,4,16,0.2,340.0,0.8
ladder2,m7_lad2_45,0,A,45,8,X,insider,buyer,260.0,360.0,5,16,0.26666666666666666,340.0,0.8
ladder2,m7_lad2_45,0,A,45,8,X,insider,buyer,260.0,360.0,6,16,0.3333333333333333,340.0,0.8
ladder2,m7_lad2_45,0,A,45,8,X,insider,buyer,260.0,360.0,7,16,0.4,340.0,0.8
ladder2,m7_lad2_45,0,A,45,8,X,insider,buyer,260.0,360.0,8,16,0.4666666666666667,340.0,0.8
ladder2,m7_lad2_45,0,A,45,8,X,insider,buyer,260.0,360.0,9,16,0.5333333333333333,340.0,0.8
ladder2,m7_lad2_45,0,A,45,8,X,insider,buyer,260.0,360.0,10,16,0.6,341.0,0.81
ladder2,m7_lad2_45,0,A,45,8,X,insider,buyer,260.0,360.0,11,16,0.6666666666666666,345.0,0.85
ladder2,m7_lad2_45,0,A,45,8,X,insider,buyer,260.0,360.0,12,16,0.7333333333333333,345.0,0.85
ladder2,m7_lad2_45,0,A,45,8,X,insider,buyer,260.0,360.0,13,16,0.8,345.0,0.85
ladder2,m7_lad2_45,0,A,45,8,X,insider,buyer,260.0,360.0,14,16,0.8666666666666667,345.0,0.85
ladder2,m7_lad2_45,0,A,45,8,X,insider,buyer,260.0,360.0,15,16,0.9333333333333333,348.0,0.88
ladder2,m7_lad2_45,0,A,45,8,X,insider,buyer,260.0,360.0,16,16,1.0,355.0,0.95
ladder2,m7_lad2_45,0,A,45,9,Y,insider,seller,260.0,160.0,1,16,0.0,159.0,1.01
ladder2,m7_lad2_45,0,A,45,9,Y,insider,seller,260.0,160.0,2,16,0.06666666666666667,159.0,1.01
ladder2,m7_lad2_45,0,A,45,9,Y,insider,seller,260.0,160.0,3,16,0.13333333333333333,159.0,1.01
ladder2,m7_lad2_45,0,A,45,9,Y,insider,seller,260.0,160.0,4,16,0.2,159.0,1.01
ladder2,m7_lad2_45,0,A,45,9,Y,insider,seller,260.0,160.0,5,16,0.26666666666666666,159.0,1.01
ladder2,m7_lad2_45,0,A,45,9,Y,insider,seller,260.0,160.0,6,16,0.3333333333333333,159.0,1.01
ladder2,m7_lad2_45,0,A,45,9,Y,insider,seller,260.0,160.0,7,16,0.4,159.0,1.01
ladder2,m7_lad2_45,0,A,45,9,Y,insider,seller,260.0,160.0,8,16,0.4666666666666667,159.0,1.01
ladder2,m7_lad2_45,0,A,45,9,Y,insider,seller,260.0,160.0,9,16,0.5333333333333333,159.0,1.01
ladder2,m7_lad2_45,0,A,45,9,Y,insider,seller,260.0,160.0,10,16,0.6,159.0,1.01
ladder2,m7_lad2_45,0,A,45,9,Y,insider,seller,260.0,160.0,11,16,0.6666666666666666,159.0,1.01
ladder2,m7_lad2_45,0,A,45,9,Y,insider,seller,260.0,160.0,12,16,0.7333333333333333,159.0,1.01
ladder2,m7_lad2_45,0,A,45,9,Y,insider,seller,260.0,160.0,13,16,0.8,159.0,1.01
ladder2,m7_lad2_45,0,A,45,9,Y,insider,seller,260.0,160.0,14,16,0.8666666666666667,159.0,1.01
ladder2,m7_lad2_45,0,A,45,9,Y,insider,seller,260.0,160.0,15,16,0.9333333333333333,159.0,1.01
ladder2,m7_lad2_45,0,A,45,9,Y,insider,seller,260.0,160.0,16,16,1.0,160.0,1.0
ladder2,m7_lad2_45,0,A,45,10,Y,insider,seller,260.0,160.0,1,16,0.0,159.0,1.01
ladder2,m7_lad2_45,0,A,45,10,Y,insider,seller,260.0,160.0,2,16,0.06666666666666667,159.0,1.01
ladder2,m7_lad2_45,0,A,45,10,Y,insider,seller,260.0,160.0,3,16,0.13333333333333333,159.0,1.01
ladder2,m7_lad2_45,0,A,45,10,Y,insider,seller,260.0,160.0,4,16,0.2,159.0,1.01
ladder2,m7_lad2_45,0,A,45,10,Y,insider,seller,260.0,160.0,5,16,0.26666666666666666,159.0,1.01
ladder2,m7_lad2_45,0,A,45,10,Y,insider,seller,260.0,160.0,6,16,0.3333333333333333,159.0,1.01
ladder2,m7_lad2_45,0,A,45,10,Y,insider,seller,260.0,160.0,7,16,0.4,159.0,1.01
ladder2,m7_lad2_45,0,A,45,10,Y,insider,seller,260.0,160.0,8,16,0.4666666666666667,159.0,1.01
ladder2,m7_lad2_45,0,A,45,10,Y,insider,seller,260.0,160.0,9,16,0.5333333333333333,159.0,1.01
ladder2,m7_lad2_45,0,A,45,10,Y,insider,seller,260.0,160.0,10,16,0.6,159.0,1.01
ladder2,m7_lad2_45,0,A,45,10,Y,insider,seller,260.0,160.0,11,16,0.6666666666666666,159.0,1.01
ladder2,m7_lad2_45,0,A,45,10,Y,insider,seller,260.0,160.0,12,16,0.7333333333333333,159.0,1.01
ladder2,m7_lad2_45,0,A,45,10,Y,insider,seller,260.0,160.0,13,16,0.8,159.0,1.01
ladder2,m7_lad2_45,0,A,45,10,Y,insider,seller,260.0,160.0,14,16,0.8666666666666667,159.0,1.01
ladder2,m7_lad2_45,0,A,45,10,Y,insider,seller,260.0,160.0,15,16,0.9333333333333333,159.0,1.01
ladder2,m7_lad2_45,0,A,45,10,Y,insider,seller,260.0,160.0,16,16,1.0,159.0,1.01
ladder2,m7_lad2_45,0,A,45,11,Y,insider,seller,260.0,160.0,1,16,0.0,159.0,1.01
ladder2,m7_lad2_45,0,A,45,11,Y,insider,seller,260.0,160.0,2,16,0.06666666666666667,159.0,1.01
ladder2,m7_lad2_45,0,A,45,11,Y,insider,seller,260.0,160.0,3,16,0.13333333333333333,159.0,1.01
ladder2,m7_lad2_45,0,A,45,11,Y,insider,seller,260.0,160.0,4,16,0.2,159.0,1.01
ladder2,m7_lad2_45,0,A,45,11,Y,insider,seller,260.0,160.0,5,16,0.26666666666666666,159.0,1.01
ladder2,m7_lad2_45,0,A,45,11,Y,insider,seller,260.0,160.0,6,16,0.3333333333333333,159.0,1.01
ladder2,m7_lad2_45,0,A,45,11,Y,insider,seller,260.0,160.0,7,16,0.4,159.0,1.01
ladder2,m7_lad2_45,0,A,45,11,Y,insider,seller,260.0,160.0,8,16,0.4666666666666667,159.0,1.01
ladder2,m7_lad2_45,0,A,45,11,Y,insider,seller,260.0,160.0,9,16,0.5333333333333333,159.0,1.01
ladder2,m7_lad2_45,0,A,45,11,Y,insider,seller,260.0,160.0,10,16,0.6,159.0,1.01
ladder2,m7_lad2_45,0,A,45,11,Y,insider,seller,260.0,160.0,11,16,0.6666666666666666,159.0,1.01
ladder2,m7_lad2_45,0,A,45,11,Y,insider,seller,260.0,160.0,12,16,0.7333333333333333,159.0,1.01
ladder2,m7_lad2_45,0,A,45,11,Y,insider,seller,260.0,160.0,13,16,0.8,159.0,1.01
ladder2,m7_lad2_45,0,A,45,11,Y,insider,seller,260.0,160.0,14,16,0.8666666666666667,159.0,1.01
ladder2,m7_lad2_45,0,A,45,11,Y,insider,seller,260.0,160.0,15,16,0.9333333333333333,159.0,1.01
ladder2,m7_lad2_45,0,A,45,11,Y,insider,seller,260.0,160.0,16,16,1.0,159.0,1.01
ladder2,m7_lad2_45,0,A,45,12,Y,insider,seller,260.0,160.0,1,16,0.0,159.0,1.01
ladder2,m7_lad2_45,0,A,45,12,Y,insider,seller,260.0,160.0,2,16,0.06666666666666667,159.0,1.01
ladder2,m7_lad2_45,0,A,45,12,Y,insider,seller,260.0,160.0,3,16,0.13333333333333333,159.0,1.01
ladder2,m7_lad2_45,0,A,45,12,Y,insider,seller,260.0,160.0,4,16,0.2,159.0,1.01
ladder2,m7_lad2_45,0,A,45,12,Y,insider,seller,260.0,160.0,5,16,0.26666666666666666,159.0,1.01
ladder2,m7_lad2_45,0,A,45,12,Y,insider,seller,260.0,160.0,6,16,0.3333333333333333,159.0,1.01
ladder2,m7_lad2_45,0,A,45,12,Y,insider,seller,260.0,160.0,7,16,0.4,159.0,1.01
ladder2,m7_lad2_45,0,A,45,12,Y,insider,seller,260.0,160.0,8,16,0.4666666666666667,159.0,1.01
ladder2,m7_lad2_45,0,A,45,12,Y,insider,seller,260.0,160.0,9,16,0.5333333333333333,159.0,1.01
ladder2,m7_lad2_45,0,A,45,12,Y,insider,seller,260.0,160.0,10,16,0.6,159.0,1.01
ladder2,m7_lad2_45,0,A,45,12,Y,insider,seller,260.0,160.0,11,16,0.6666666666666666,159.0,1.01
ladder2,m7_lad2_45,0,A,45,12,Y,insider,seller,260.0,160.0,12,16,0.7333333333333333,159.0,1.01
ladder2,m7_lad2_45,0,A,45,12,Y,insider,seller,260.0,160.0,13,16,0.8,159.0,1.01
ladder2,m7_lad2_45,0,A,45,12,Y,insider,seller,260.0,160.0,14,16,0.8666666666666667,159.0,1.01
ladder2,m7_lad2_45,0,A,45,12,Y,insider,seller,260.0,160.0,15,16,0.9333333333333333,159.0,1.01
ladder2,m7_lad2_45,0,A,45,12,Y,insider,seller,260.0,160.0,16,16,1.0,159.0,1.01
ladder2,m7_lad2_45,0,A,45,13,X,insider,buyer,260.0,360.0,1,18,0.0,350.0,0.9
ladder2,m7_lad2_45,0,A,45,13,X,insider,buyer,260.0,360.0,2,18,0.058823529411764705,350.0,0.9
ladder2,m7_lad2_45,0,A,45,13,X,insider,buyer,260.0,360.0,3,18,0.11764705882352941,355.0,0.95
ladder2,m7_lad2_45,0,A,45,13,X,insider,buyer,260.0,360.0,4,18,0.17647058823529413,359.0,0.99
ladder2,m7_lad2_45,0,A,45,13,X,insider,buyer,260.0,360.0,5,18,0.23529411764705882,355.0,0.95
ladder2,m7_lad2_45,0,A,45,13,X,insider,buyer,260.0,360.0,6,18,0.29411764705882354,359.0,0.99
ladder2,m7_lad2_45,0,A,45,13,X,insider,buyer,260.0,360.0,7,18,0.35294117647058826,359.0,0.99
ladder2,m7_lad2_45,0,A,45,13,X,insider,buyer,260.0,360.0,8,18,0.4117647058823529,355.0,0.95
ladder2,m7_lad2_45,0,A,45,13,X,insider,buyer,260.0,360.0,9,18,0.47058823529411764,359.0,0.99
ladder2,m7_lad2_45,0,A,45,13,X,insider,buyer,260.0,360.0,10,18,0.5294117647058824,359.0,0.99
ladder2,m7_lad2_45,0,A,45,13,X,insider,buyer,260.0,360.0,11,18,0.5882352941176471,359.0,0.99
ladder2,m7_lad2_45,0,A,45,13,X,insider,buyer,260.0,360.0,12,18,0.6470588235294118,359.0,0.99
ladder2,m7_lad2_45,0,A,45,13,X,insider,buyer,260.0,360.0,13,18,0.7058823529411765,359.0,0.99
ladder2,m7_lad2_45,0,A,45,13,X,insider,buyer,260.0,360.0,14,18,0.7647058823529411,359.0,0.99
ladder2,m7_lad2_45,0,A,45,13,X,insider,buyer,260.0,360.0,15,18,0.8235294117647058,359.0,0.99
ladder2,m7_lad2_45,0,A,45,13,X,insider,buyer,260.0,360.0,16,18,0.8823529411764706,359.0,0.99
ladder2,m7_lad2_45,0,A,45,13,X,insider,buyer,260.0,360.0,17,18,0.9411764705882353,359.0,0.99
ladder2,m7_lad2_45,0,A,45,13,X,insider,buyer,260.0,360.0,18,18,1.0,359.0,0.99
ladder2,m8_lad2_42,0,B,42,6,Y,insider,seller,300.0,200.0,1,26,0.0,181.0,1.19
ladder2,m8_lad2_42,0,B,42,6,Y,insider,seller,300.0,200.0,2,26,0.04,181.0,1.19
ladder2,m8_lad2_42,0,B,42,6,Y,insider,seller,300.0,200.0,3,26,0.08,181.0,1.19
ladder2,m8_lad2_42,0,B,42,6,Y,insider,seller,300.0,200.0,4,26,0.12,181.0,1.19
ladder2,m8_lad2_42,0,B,42,6,Y,insider,seller,300.0,200.0,5,26,0.16,209.0,0.91
ladder2,m8_lad2_42,0,B,42,6,Y,insider,seller,300.0,200.0,6,26,0.2,210.0,0.9
ladder2,m8_lad2_42,0,B,42,6,Y,insider,seller,300.0,200.0,7,26,0.24,210.0,0.9
ladder2,m8_lad2_42,0,B,42,6,Y,insider,seller,300.0,200.0,8,26,0.28,210.0,0.9
ladder2,m8_lad2_42,0,B,42,6,Y,insider,seller,300.0,200.0,9,26,0.32,210.0,0.9
ladder2,m8_lad2_42,0,B,42,6,Y,insider,seller,300.0,200.0,10,26,0.36,211.0,0.89
ladder2,m8_lad2_42,0,B,42,6,Y,insider,seller,300.0,200.0,11,26,0.4,212.0,0.88
ladder2,m8_lad2_42,0,B,42,6,Y,insider,seller,300.0,200.0,12,26,0.44,212.0,0.88
ladder2,m8_lad2_42,0,B,42,6,Y,insider,seller,300.0,200.0,13,26,0.48,211.0,0.89
ladder2,m8_lad2_42,0,B,42,6,Y,insider,seller,300.0,200.0,14,26,0.52,210.0,0.9
ladder2,m8_lad2_42,0,B,42,6,Y,insider,seller,300.0,200.0,15,26,0.56,210.0,0.9
ladder2,m8_lad2_42,0,B,42,6,Y,insider,seller,300.0,200.0,16,26,0.6,210.0,0.9
ladder2,m8_lad2_42,0,B,42,6,Y,insider,seller,300.0,200.0,17,26,0.64,211.0,0.89
ladder2,m8_lad2_42,0,B,42,6,Y,insider,seller,300.0,200.0,18,26,0.68,210.0,0.9
ladder2,m8_lad2_42,0,B,42,6,Y,insider,seller,300.0,200.0,19,26,0.72,210.0,0.9
ladder2,m8_lad2_42,0,B,42,6,Y,insider,seller,300.0,200.0,20,26,0.76,210.0,0.9
ladder2,m8_lad2_42,0,B,42,6,Y,insider,seller,300.0,200.0,21,26,0.8,210.0,0.9
ladder2,m8_lad2_42,0,B,42,6,Y,insider,seller,300.0,200.0,22,26,0.84,212.0,0.88
ladder2,m8_lad2_42,0,B,42,6,Y,insider,seller,300.0,200.0,23,26,0.88,210.0,0.9
ladder2,m8_lad2_42,0,B,42,6,Y,insider,seller,300.0,200.0,24,26,0.92,210.0,0.9
ladder2,m8_lad2_42,0,B,42,6,Y,insider,seller,300.0,200.0,25,26,0.96,210.0,0.9
ladder2,m8_lad2_42,0,B,42,6,Y,insider,seller,300.0,200.0,26,26,1.0,210.0,0.9
ladder2,m8_lad2_42,0,B,42,7,X,insider,buyer,300.0,400.0,1,20,0.0,350.0,0.5
ladder2,m8_lad2_42,0,B,42,7,X,insider,buyer,300.0,400.0,2,20,0.05263157894736842,351.0,0.51
ladder2,m8_lad2_42,0,B,42,7,X,insider,buyer,300.0,400.0,3,20,0.10526315789473684,350.0,0.5
ladder2,m8_lad2_42,0,B,42,7,X,insider,buyer,300.0,400.0,4,20,0.15789473684210525,352.0,0.52
ladder2,m8_lad2_42,0,B,42,7,X,insider,buyer,300.0,400.0,5,20,0.21052631578947367,353.0,0.53
ladder2,m8_lad2_42,0,B,42,7,X,insider,buyer,300.0,400.0,6,20,0.2631578947368421,354.0,0.54
ladder2,m8_lad2_42,0,B,42,7,X,insider,buyer,300.0,400.0,7,20,0.3157894736842105,355.0,0.55
ladder2,m8_lad2_42,0,B,42,7,X,insider,buyer,300.0,400.0,8,20,0.3684210526315789,350.0,0.5
ladder2,m8_lad2_42,0,B,42,7,X,insider,buyer,300.0,400.0,9,20,0.42105263157894735,350.0,0.5
ladder2,m8_lad2_42,0,B,42,7,X,insider,buyer,300.0,400.0,10,20,0.47368421052631576,360.0,0.6
ladder2,m8_lad2_42,0,B,42,7,X,insider,buyer,300.0,400.0,11,20,0.5263157894736842,361.0,0.61
ladder2,m8_lad2_42,0,B,42,7,X,insider,buyer,300.0,400.0,12,20,0.5789473684210527,362.0,0.62
ladder2,m8_lad2_42,0,B,42,7,X,insider,buyer,300.0,400.0,13,20,0.631578947368421,363.0,0.63
ladder2,m8_lad2_42,0,B,42,7,X,insider,buyer,300.0,400.0,14,20,0.6842105263157895,363.0,0.63
ladder2,m8_lad2_42,0,B,42,7,X,insider,buyer,300.0,400.0,15,20,0.7368421052631579,364.0,0.64
ladder2,m8_lad2_42,0,B,42,7,X,insider,buyer,300.0,400.0,16,20,0.7894736842105263,365.0,0.65
ladder2,m8_lad2_42,0,B,42,7,X,insider,buyer,300.0,400.0,17,20,0.8421052631578947,370.0,0.7
ladder2,m8_lad2_42,0,B,42,7,X,insider,buyer,300.0,400.0,18,20,0.8947368421052632,371.0,0.71
ladder2,m8_lad2_42,0,B,42,7,X,insider,buyer,300.0,400.0,19,20,0.9473684210526315,371.0,0.71
ladder2,m8_lad2_42,0,B,42,7,X,insider,buyer,300.0,400.0,20,20,1.0,373.0,0.73
ladder2,m8_lad2_42,0,B,42,8,X,insider,buyer,300.0,400.0,1,21,0.0,300.0,0.0
ladder2,m8_lad2_42,0,B,42,8,X,insider,buyer,300.0,400.0,2,21,0.05,300.0,0.0
ladder2,m8_lad2_42,0,B,42,8,X,insider,buyer,300.0,400.0,3,21,0.1,350.0,0.5
ladder2,m8_lad2_42,0,B,42,8,X,insider,buyer,300.0,400.0,4,21,0.15,360.0,0.6
ladder2,m8_lad2_42,0,B,42,8,X,insider,buyer,300.0,400.0,5,21,0.2,375.0,0.75
ladder2,m8_lad2_42,0,B,42,8,X,insider,buyer,300.0,400.0,6,21,0.25,380.0,0.8
ladder2,m8_lad2_42,0,B,42,8,X,insider,buyer,300.0,400.0,7,21,0.3,350.0,0.5
ladder2,m8_lad2_42,0,B,42,8,X,insider,buyer,300.0,400.0,8,21,0.35,360.0,0.6
ladder2,m8_lad2_42,0,B,42,8,X,insider,buyer,300.0,400.0,9,21,0.4,390.0,0.9
ladder2,m8_lad2_42,0,B,42,8,X,insider,buyer,300.0,400.0,10,21,0.45,390.0,0.9
ladder2,m8_lad2_42,0,B,42,8,X,insider,buyer,300.0,400.0,11,21,0.5,390.0,0.9
ladder2,m8_lad2_42,0,B,42,8,X,insider,buyer,300.0,400.0,12,21,0.55,390.0,0.9
ladder2,m8_lad2_42,0,B,42,8,X,insider,buyer,300.0,400.0,13,21,0.6,350.0,0.5
ladder2,m8_lad2_42,0,B,42,8,X,insider,buyer,300.0,400.0,14,21,0.65,350.0,0.5
ladder2,m8_lad2_42,0,B,42,8,X,insider,buyer,300.0,400.0,15,21,0.7,360.0,0.6
ladder2,m8_lad2_42,0,B,42,8,X,insider,buyer,300.0,400.0,16,21,0.75,375.0,0.75
ladder2,m8_lad2_42,0,B,42,8,X,insider,buyer,300.0,400.0,17,21,0.8,378.0,0.78
ladder2,m8_lad2_42,0,B,42,8,X,insider,buyer,300.0,400.0,18,21,0.85,379.0,0.79
ladder2,m8_lad2_42,0,B,42,8,X,insider,buyer,300.0,400.0,19,21,0.9,380.0,0.8
ladder2,m8_lad2_42,0,B,42,8,X,insider,buyer,300.0,400.0,20,21,0.95,395.0,0.95
ladder2,m8_lad2_42,0,B,42,8,X,insider,buyer,300.0,400.0,21,21,1.0,380.0,0.8
ladder2,m8_lad2_42,0,B,42,9,X,insider,buyer,300.0,400.0,1,20,0.0,350.0,0.5
ladder2,m8_lad2_42,0,B,42,9,X,insider,buyer,300.0,400.0,2,20,0.05263157894736842,360.0,0.6
ladder2,m8_lad2_42,0,B,42,9,X,insider,buyer,300.0,400.0,3,20,0.10526315789473684,370.0,0.7
ladder2,m8_lad2_42,0,B,42,9,X,insider,buyer,300.0,400.0,4,20,0.15789473684210525,380.0,0.8
ladder2,m8_lad2_42,0,B,42,9,X,insider,buyer,300.0,400.0,5,20,0.21052631578947367,390.0,0.9
ladder2,m8_lad2_42,0,B,42,9,X,insider,buyer,300.0,400.0,6,20,0.2631578947368421,379.0,0.79
ladder2,m8_lad2_42,0,B,42,9,X,insider,buyer,300.0,400.0,7,20,0.3157894736842105,369.0,0.69
ladder2,m8_lad2_42,0,B,42,9,X,insider,buyer,300.0,400.0,8,20,0.3684210526315789,385.0,0.85
ladder2,m8_lad2_42,0,B,42,9,X,insider,buyer,300.0,400.0,9,20,0.42105263157894735,390.0,0.9
ladder2,m8_lad2_42,0,B,42,9,X,insider,buyer,300.0,400.0,10,20,0.47368421052631576,385.0,0.85
ladder2,m8_lad2_42,0,B,42,9,X,insider,buyer,300.0,400.0,11,20,0.5263157894736842,385.0,0.85
ladder2,m8_lad2_42,0,B,42,9,X,insider,buyer,300.0,400.0,12,20,0.5789473684210527,380.0,0.8
ladder2,m8_lad2_42,0,B,42,9,X,insider,buyer,300.0,400.0,13,20,0.631578947368421,390.0,0.9
ladder2,m8_lad2_42,0,B,42,9,X,insider,buyer,300.0,400.0,14,20,0.6842105263157895,390.0,0.9
ladder2,m8_lad2_42,0,B,42,9,X,insider,buyer,300.0,400.0,15,20,0.7368421052631579,370.0,0.7
ladder2,m8_lad2_42,0,B,42,9,X,insider,buyer,300.0,400.0,16,20,0.7894736842105263,380.0,0.8
ladder2,m8_lad2_42,0,B,42,9,X,insider,buyer,300.0,400.0,17,20,0.8421052631578947,380.0,0.8
ladder2,m8_lad2_42,0,B,42,9,X,insider,buyer,300.0,400.0,18,20,0.8947368421052632,371.0,0.71
ladder2,m8_lad2_42,0,B,42,9,X,insider,buyer,300.0,400.0,19,20,0.9473684210526315,390.0,0.9
ladder2,m8_lad2_42,0,B,42,9,X,insider,buyer,300.0,400.0,20,20,1.0,390.0,0.9
ladder2,m8_lad2_42,0,B,42,10,X,insider,buyer,300.0,400.0,1,20,0.0,370.0,0.7
ladder2,m8_lad2_42,0,B,42,10,X,insider,buyer,300.0,400.0,2,20,0.05263157894736842,390.0,0.9
ladder2,m8_lad2_42,0,B,42,10,X,insider,buyer,300.0,400.0,3,20,0.10526315789473684,398.0,0.98
ladder2,m8_lad2_42,0,B,42,10,X,insider,buyer,300.0,400.0,4,20,0.15789473684210525,399.0,0.99
ladder2,m8_lad2_42,0,B,42,10,X,insider,buyer,300.0,400.0,5,20,0.21052631578947367,399.0,0.99
ladder2,m8_lad2_42,0,B,42,10,X,insider,buyer,300.0,400.0,6,20,0.2631578947368421,399.0,0.99
ladder2,m8_lad2_42,0,B,42,10,X,insider,buyer,300.0,400.0,7,20,0.3157894736842105,399.0,0.99
ladder2,m8_lad2_42,0,B,42,10,X,insider,buyer,300.0,400.0,8,20,0.3684210526315789,399.0,0.99
ladder2,m8_lad2_42,0,B,42,10,X,insider,buyer,300.0,400.0,9,20,0.42105263157894735,399.0,0.99
ladder2,m8_lad2_42,0,B,42,10,X,insider,buyer,300.0,400.0,10,20,0.47368421052631576,399.0,0.99
ladder2,m8_lad2_42,0,B,42,10,X,insider,buyer,300.0,400.0,11,20,0.5263157894736842,399.0,0.99
ladder2,m8_lad2_42,0,B,42,10,X,insider,buyer,300.0,400.0,12,20,0.5789473684210527,399.0,0.99
ladder2,m8_lad2_42,0,B,42,10,X,insider,buyer,300.0,400.0,13,20,0.631578947368421,399.0,0.99
ladder2,m8_lad2_42,0,B,42,10,X,insider,buyer,300.0,400.0,14,20,0.6842105263157895,399.0,0.99
ladder2,m8_lad2_42,0,B,42,10,X,insider,buyer,300.0,400.0,15,20,0.7368421052631579,399.0,0.99
ladder2,m8_lad2_42,0,B,42,10,X,insider,buyer,300.0,400.0,16,20,0.7894736842105263,399.0,0.99
ladder2,m8_lad2_42,0,B,42,10,X,insider,buyer,300.0,400.0,17,20,0.8421052631578947,379.0,0.79
ladder2,m8_lad2_42,0,B,42,10,X,insider,buyer,300.0,400.0,18,20,0.8947368421052632,399.0,0.99
ladder2,m8_lad2_42,0,B,42,10,X,insider,buyer,300.0,400.0,19,20,0.9473684210526315,399.0,0.99
ladder2,m8_lad2_42,0,B,42,10,X,insider,buyer,300.0,400.0,20,20,1.0,380.0,0.8
ladder2,m8_lad2_42,0,B,42,11,X,insider,buyer,300.0,400.0,1,25,0.0,395.0,0.95
ladder2,m8_lad2_42,0,B,42,11,X,insider,buyer,300.0,400.0,2,25,0.041666666666666664,395.0,0.95
ladder2,m8_lad2_42,0,B,42,11,X,insider,buyer,300.0,400.0,3,25,0.08333333333333333,350.0,0.5
ladder2,m8_lad2_42,0,B,42,11,X,insider,buyer,300.0,400.0,4,25,0.125,399.0,0.99
ladder2,m8_lad2_42,0,B,42,11,X,insider,buyer,300.0,400.0,5,25,0.16666666666666666,399.0,0.99
ladder2,m8_lad2_42,0,B,42,11,X,insider,buyer,300.0,400.0,6,25,0.20833333333333334,398.0,0.98
ladder2,m8_lad2_42,0,B,42,11,X,insider,buyer,300.0,400.0,7,25,0.25,399.0,0.99
ladder2,m8_lad2_42,0,B,42,11,X,insider,buyer,300.0,400.0,8,25,0.2916666666666667,399.0,0.99
ladder2,m8_lad2_42,0,B,42,11,X,insider,buyer,300.0,400.0,9,25,0.3333333333333333,399.0,0.99
ladder2,m8_lad2_42,0,B,42,11,X,insider,buyer,300.0,400.0,10,25,0.375,399.0,0.99
ladder2,m8_lad2_42,0,B,42,11,X,insider,buyer,300.0,400.0,11,25,0.4166666666666667,399.0,0.99
ladder2,m8_lad2_42,0,B,42,11,X,insider,buyer,300.0,400.0,12,25,0.4583333333333333,399.0,0.99
ladder2,m8_lad2_42,0,B,42,11,X,insider,buyer,300.0,400.0,13,25,0.5,399.0,0.99
ladder2,m8_lad2_42,0,B,42,11,X,insider,buyer,300.0,400.0,14,25,0.5416666666666666,399.0,0.99
ladder2,m8_lad2_42,0,B,42,11,X,insider,buyer,300.0,400.0,15,25,0.5833333333333334,351.0,0.51
ladder2,m8_lad2_42,0,B,42,11,X,insider,buyer,300.0,400.0,16,25,0.625,399.0,0.99
ladder2,m8_lad2_42,0,B,42,11,X,insider,buyer,300.0,400.0,17,25,0.6666666666666666,379.0,0.79
ladder2,m8_lad2_42,0,B,42,11,X,insider,buyer,300.0,400.0,18,25,0.7083333333333334,351.0,0.51
ladder2,m8_lad2_42,0,B,42,11,X,insider,buyer,300.0,400.0,19,25,0.75,350.0,0.5
ladder2,m8_lad2_42,0,B,42,11,X,insider,buyer,300.0,400.0,20,25,0.7916666666666666,350.0,0.5
ladder2,m8_lad2_42,0,B,42,11,X,insider,buyer,300.0,400.0,21,25,0.8333333333333334,349.0,0.49
ladder2,m8_lad2_42,0,B,42,11,X,insider,buyer,300.0,400.0,22,25,0.875,399.0,0.99
ladder2,m8_lad2_42,0,B,42,11,X,insider,buyer,300.0,400.0,23,25,0.9166666666666666,349.0,0.49
ladder2,m8_lad2_42,0,B,42,11,X,insider,buyer,300.0,400.0,24,25,0.9583333333333334,399.0,0.99
ladder2,m8_lad2_42,0,B,42,11,X,insider,buyer,300.0,400.0,25,25,1.0,399.0,0.99
ladder2,m8_lad2_42,0,B,42,12,X,insider,buyer,300.0,400.0,1,13,0.0,349.0,0.49
ladder2,m8_lad2_42,0,B,42,12,X,insider,buyer,300.0,400.0,2,13,0.08333333333333333,349.0,0.49
ladder2,m8_lad2_42,0,B,42,12,X,insider,buyer,300.0,400.0,3,13,0.16666666666666666,349.0,0.49
ladder2,m8_lad2_42,0,B,42,12,X,insider,buyer,300.0,400.0,4,13,0.25,350.0,0.5
ladder2,m8_lad2_42,0,B,42,12,X,insider,buyer,300.0,400.0,5,13,0.3333333333333333,350.0,0.5
ladder2,m8_lad2_42,0,B,42,12,X,insider,buyer,300.0,400.0,6,13,0.4166666666666667,351.0,0.51
ladder2,m8_lad2_42,0,B,42,12,X,insider,buyer,300.0,400.0,7,13,0.5,352.0,0.52
ladder2,m8_lad2_42,0,B,42,12,X,insider,buyer,300.0,400.0,8,13,0.5833333333333334,353.0,0.53
ladder2,m8_lad2_42,0,B,42,12,X,insider,buyer,300.0,400.0,9,13,0.6666666666666666,354.0,0.54
ladder2,m8_lad2_42,0,B,42,12,X,insider,buyer,300.0,400.0,10,13,0.75,358.0,0.58
ladder2,m8_lad2_42,0,B,42,12,X,insider,buyer,300.0,400.0,11,13,0.8333333333333334,367.0,0.67
ladder2,m8_lad2_42,0,B,42,12,X,insider,buyer,300.0,400.0,12,13,0.9166666666666666,369.0,0.69
ladder2,m8_lad2_42,0,B,42,12,X,insider,buyer,300.0,400.0,13,13,1.0,380.0,0.8
ladder2,m8_lad2_42,0,B,42,13,Y,insider,seller,300.0,200.0,1,13,0.0,250.0,0.5
ladder2,m8_lad2_42,0,B,42,13,Y,insider,seller,300.0,200.0,2,13,0.08333333333333333,200.0,1.0
ladder2,m8_lad2_42,0,B,42,13,Y,insider,seller,300.0,200.0,3,13,0.16666666666666666,200.0,1.0
ladder2,m8_lad2_42,0,B,42,13,Y,insider,seller,300.0,200.0,4,13,0.25,208.0,0.92
ladder2,m8_lad2_42,0,B,42,13,Y,insider,seller,300.0,200.0,5,13,0.3333333333333333,210.0,0.9
ladder2,m8_lad2_42,0,B,42,13,Y,insider,seller,300.0,200.0,6,13,0.4166666666666667,200.0,1.0
ladder2,m8_lad2_42,0,B,42,13,Y,insider,seller,300.0,200.0,7,13,0.5,179.0,1.21
ladder2,m8_lad2_42,0,B,42,13,Y,insider,seller,300.0,200.0,8,13,0.5833333333333334,207.0,0.93
ladder2,m8_lad2_42,0,B,42,13,Y,insider,seller,300.0,200.0,9,13,0.6666666666666666,200.0,1.0
ladder2,m8_lad2_42,0,B,42,13,Y,insider,seller,300.0,200.0,10,13,0.75,200.0,1.0
ladder2,m8_lad2_42,0,B,42,13,Y,insider,seller,300.0,200.0,11,13,0.8333333333333334,205.0,0.95
ladder2,m8_lad2_42,0,B,42,13,Y,insider,seller,300.0,200.0,12,13,0.9166666666666666,204.0,0.96
ladder2,m8_lad2_42,0,B,42,13,Y,insider,seller,300.0,200.0,13,13,1.0,204.0,0.96
ladder2,m8_lad2_44,0,B,44,5,X,insider,buyer,300.0,400.0,1,26,0.0,300.0,0.0
ladder2,m8_lad2_44,0,B,44,5,X,insider,buyer,300.0,400.0,2,26,0.04,305.0,0.05
ladder2,m8_lad2_44,0,B,44,5,X,insider,buyer,300.0,400.0,3,26,0.08,305.0,0.05
ladder2,m8_lad2_44,0,B,44,5,X,insider,buyer,300.0,400.0,4,26,0.12,310.0,0.1
ladder2,m8_lad2_44,0,B,44,5,X,insider,buyer,300.0,400.0,5,26,0.16,350.0,0.5
ladder2,m8_lad2_44,0,B,44,5,X,insider,buyer,300.0,400.0,6,26,0.2,360.0,0.6
ladder2,m8_lad2_44,0,B,44,5,X,insider,buyer,300.0,400.0,7,26,0.24,360.0,0.6
ladder2,m8_lad2_44,0,B,44,5,X,insider,buyer,300.0,400.0,8,26,0.28,350.0,0.5
ladder2,m8_lad2_44,0,B,44,5,X,insider,buyer,300.0,400.0,9,26,0.32,350.0,0.5
ladder2,m8_lad2_44,0,B,44,5,X,insider,buyer,300.0,400.0,10,26,0.36,360.0,0.6
ladder2,m8_lad2_44,0,B,44,5,X,insider,buyer,300.0,400.0,11,26,0.4,350.0,0.5
ladder2,m8_lad2_44,0,B,44,5,X,insider,buyer,300.0,400.0,12,26,0.44,350.0,0.5
ladder2,m8_lad2_44,0,B,44,5,X,insider,buyer,300.0,400.0,13,26,0.48,350.0,0.5
ladder2,m8_lad2_44,0,B,44,5,X,insider,buyer,300.0,400.0,14,26,0.52,341.0,0.41
ladder2,m8_lad2_44,0,B,44,5,X,insider,buyer,300.0,400.0,15,26,0.56,350.0,0.5
ladder2,m8_lad2_44,0,B,44,5,X,insider,buyer,300.0,400.0,16,26,0.6,340.0,0.4
ladder2,m8_lad2_44,0,B,44,5,X,insider,buyer,300.0,400.0,17,26,0.64,350.0,0.5
ladder2,m8_lad2_44,0,B,44,5,X,insider,buyer,300.0,400.0,18,26,0.68,370.0,0.7
ladder2,m8_lad2_44,0,B,44,5,X,insider,buyer,300.0,400.0,19,26,0.72,380.0,0.8
ladder2,m8_lad2_44,0,B,44,5,X,insider,buyer,300.0,400.0,20,26,0.76,380.0,0.8
ladder2,m8_lad2_44,0,B,44,5,X,insider,buyer,300.0,400.0,21,26,0.8,380.0,0.8
ladder2,m8_lad2_44,0,B,44,5,X,insider,buyer,300.0,400.0,22,26,0.84,380.0,0.8
ladder2,m8_lad2_44,0,B,44,5,X,insider,buyer,300.0,400.0,23,26,0.88,380.0,0.8
ladder2,m8_lad2_44,0,B,44,5,X,insider,buyer,300.0,400.0,24,26,0.92,381.0,0.81
ladder2,m8_lad2_44,0,B,44,5,X,insider,buyer,300.0,400.0,25,26,0.96,381.0,0.81
ladder2,m8_lad2_44,0,B,44,5,X,insider,buyer,300.0,400.0,26,26,1.0,382.0,0.82
ladder2,m8_lad2_44,0,B,44,6,Y,insider,seller,300.0,200.0,1,18,0.0,150.0,1.5
ladder2,m8_lad2_44,0,B,44,6,Y,insider,seller,300.0,200.0,2,18,0.058823529411764705,199.0,1.01
ladder2,m8_lad2_44,0,B,44,6,Y,insider,seller,300.0,200.0,3,18,0.11764705882352941,199.0,1.01
ladder2,m8_lad2_44,0,B,44,6,Y,insider,seller,300.0,200.0,4,18,0.17647058823529413,200.0,1.0
ladder2,m8_lad2_44,0,B,44,6,Y,insider,seller,300.0,200.0,5,18,0.23529411764705882,199.0,1.01
ladder2,m8_lad2_44,0,B,44,6,Y,insider,seller,300.0,200.0,6,18,0.29411764705882354,199.0,1.01
ladder2,m8_lad2_44,0,B,44,6,Y,insider,seller,300.0,200.0,7,18,0.35294117647058826,179.0,1.21
ladder2,m8_lad2_44,0,B,44,6,Y,insider,seller,300.0,200.0,8,18,0.4117647058823529,199.0,1.01
ladder2,m8_lad2_44,0,B,44,6,Y,insider,seller,300.0,200.0,9,18,0.47058823529411764,199.0,1.01
ladder2,m8_lad2_44,0,B,44,6,Y,insider,seller,300.0,200.0,10,18,0.5294117647058824,199.0,1.01
ladder2,m8_lad2_44,0,B,44,6,Y,insider,seller,300.0,200.0,11,18,0.5882352941176471,199.0,1.01
ladder2,m8_lad2_44,0,B,44,6,Y,insider,seller,300.0,200.0,12,18,0.6470588235294118,199.0,1.01
ladder2,m8_lad2_44,0,B,44,6,Y,insider,seller,300.0,200.0,13,18,0.7058823529411765,200.0,1.0
ladder2,m8_lad2_44,0,B,44,6,Y,insider,seller,300.0,200.0,14,18,0.7647058823529411,199.0,1.01
ladder2,m8_lad2_44,0,B,44,6,Y,insider,seller,300.0,200.0,15,18,0.8235294117647058,199.0,1.01
ladder2,m8_lad2_44,0,B,44,6,Y,insider,seller,300.0,200.0,16,18,0.8823529411764706,179.0,1.21
ladder2,m8_lad2_44,0,B,44,6,Y,insider,seller,300.0,200.0,17,18,0.9411764705882353,199.0,1.01
ladder2,m8_lad2_44,0,B,44,6,Y,insider,seller,300.0,200.0,18,18,1.0,199.0,1.01
ladder2,m8_lad2_44,0,B,44,7,Y,insider,seller,300.0,200.0,1,17,0.0,199.0,1.01
ladder2,m8_lad2_44,0,B,44,7,Y,insider,seller,300.0,200.0,2,17,0.0625,199.0,1.01
ladder2,m8_lad2_44,0,B,44,7,Y,insider,seller,300.0,200.0,3,17,0.125,199.0,1.01
ladder2,m8_lad2_44,0,B,44,7,Y,insider,seller,300.0,200.0,4,17,0.1875,199.0,1.01
ladder2,m8_lad2_44,0,B,44,7,Y,insider,seller,300.0,200.0,5,17,0.25,199.0,1.01
ladder2,m8_lad2_44,0,B,44,7,Y,insider,seller,300.0,200.0,6,17,0.3125,199.0,1.01
ladder2,m8_lad2_44,0,B,44,7,Y,insider,seller,300.0,200.0,7,17,0.375,199.0,1.01
ladder2,m8_lad2_44,0,B,44,7,Y,insider,seller,300.0,200.0,8,17,0.4375,199.0,1.01
ladder2,m8_lad2_44,0,B,44,7,Y,insider,seller,300.0,200.0,9,17,0.5,199.0,1.01
ladder2,m8_lad2_44,0,B,44,7,Y,insider,seller,300.0,200.0,10,17,0.5625,199.0,1.01
ladder2,m8_lad2_44,0,B,44,7,Y,insider,seller,300.0,200.0,11,17,0.625,199.0,1.01
ladder2,m8_lad2_44,0,B,44,7,Y,insider,seller,300.0,200.0,12,17,0.6875,199.0,1.01
ladder2,m8_lad2_44,0,B,44,7,Y,insider,seller,300.0,200.0,13,17,0.75,199.0,1.01
ladder2,m8_lad2_44,0,B,44,7,Y,insider,seller,300.0,200.0,14,17,0.8125,199.0,1.01
ladder2,m8_lad2_44,0,B,44,7,Y,insider,seller,300.0,200.0,15,17,0.875,199.0,1.01
ladder2,m8_lad2_44,0,B,44,7,Y,insider,seller,300.0,200.0,16,17,0.9375,199.0,1.01
ladder2,m8_lad2_44,0,B,44,7,Y,insider,seller,300.0,200.0,17,17,1.0,199.0,1.01
ladder2,m8_lad2_44,0,B,44,8,Y,insider,seller,300.0,200.0,1,16,0.0,199.0,1.01
ladder2,m8_lad2_44,0,B,44,8,Y,insider,seller,300.0,200.0,2,16,0.06666666666666667,199.0,1.01
ladder2,m8_lad2_44,0,B,44,8,Y,insider,seller,300.0,200.0,3,16,0.13333333333333333,199.0,1.01
ladder2,m8_lad2_44,0,B,44,8,Y,insider,seller,300.0,200.0,4,16,0.2,199.0,1.01
ladder2,m8_lad2_44,0,B,44,8,Y,insider,seller,300.0,200.0,5,16,0.26666666666666666,199.0,1.01
ladder2,m8_lad2_44,0,B,44,8,Y,insider,seller,300.0,200.0,6,16,0.3333333333333333,199.0,1.01
ladder2,m8_lad2_44,0,B,44,8,Y,insider,seller,300.0,200.0,7,16,0.4,199.0,1.01
ladder2,m8_lad2_44,0,B,44,8,Y,insider,seller,300.0,200.0,8,16,0.4666666666666667,199.0,1.01
ladder2,m8_lad2_44,0,B,44,8,Y,insider,seller,300.0,200.0,9,16,0.5333333333333333,199.0,1.01
ladder2,m8_lad2_44,0,B,44,8,Y,insider,seller,300.0,200.0,10,16,0.6,199.0,1.01
ladder2,m8_lad2_44,0,B,44,8,Y,insider,seller,300.0,200.0,11,16,0.6666666666666666,199.0,1.01
ladder2,m8_lad2_44,0,B,44,8,Y,insider,seller,300.0,200.0,12,16,0.7333333333333333,199.0,1.01
ladder2,m8_lad2_44,0,B,44,8,Y,insider,seller,300.0,200.0,13,16,0.8,199.0,1.01
ladder2,m8_lad2_44,0,B,44,8,Y,insider,seller,300.0,200.0,14,16,0.8666666666666667,199.0,1.01
ladder2,m8_lad2_44,0,B,44,8,Y,insider,seller,300.0,200.0,15,16,0.9333333333333333,199.0,1.01
ladder2,m8_lad2_44,0,B,44,8,Y,insider,seller,300.0,200.0,16,16,1.0,199.0,1.01
ladder2,m8_lad2_44,0,B,44,9,X,insider,buyer,300.0,400.0,1,20,0.0,380.0,0.8
ladder2,m8_lad2_44,0,B,44,9,X,insider,buyer,300.0,400.0,2,20,0.05263157894736842,380.0,0.8
ladder2,m8_lad2_44,0,B,44,9,X,insider,buyer,300.0,400.0,3,20,0.10526315789473684,380.0,0.8
ladder2,m8_lad2_44,0,B,44,9,X,insider,buyer,300.0,400.0,4,20,0.15789473684210525,380.0,0.8
ladder2,m8_lad2_44,0,B,44,9,X,insider,buyer,300.0,400.0,5,20,0.21052631578947367,380.0,0.8
ladder2,m8_lad2_44,0,B,44,9,X,insider,buyer,300.0,400.0,6,20,0.2631578947368421,380.0,0.8
ladder2,m8_lad2_44,0,B,44,9,X,insider,buyer,300.0,400.0,7,20,0.3157894736842105,379.0,0.79
ladder2,m8_lad2_44,0,B,44,9,X,insider,buyer,300.0,400.0,8,20,0.3684210526315789,379.0,0.79
ladder2,m8_lad2_44,0,B,44,9,X,insider,buyer,300.0,400.0,9,20,0.42105263157894735,380.0,0.8
ladder2,m8_lad2_44,0,B,44,9,X,insider,buyer,300.0,400.0,10,20,0.47368421052631576,380.0,0.8
ladder2,m8_lad2_44,0,B,44,9,X,insider,buyer,300.0,400.0,11,20,0.5263157894736842,380.0,0.8
ladder2,m8_lad2_44,0,B,44,9,X,insider,buyer,300.0,400.0,12,20,0.5789473684210527,380.0,0.8
ladder2,m8_lad2_44,0,B,44,9,X,insider,buyer,300.0,400.0,13,20,0.631578947368421,379.0,0.79
ladder2,m8_lad2_44,0,B,44,9,X,insider,buyer,300.0,400.0,14,20,0.6842105263157895,381.0,0.81
ladder2,m8_lad2_44,0,B,44,9,X,insider,buyer,300.0,400.0,15,20,0.7368421052631579,381.0,0.81
ladder2,m8_lad2_44,0,B,44,9,X,insider,buyer,300.0,400.0,16,20,0.7894736842105263,380.0,0.8
ladder2,m8_lad2_44,0,B,44,9,X,insider,buyer,300.0,400.0,17,20,0.8421052631578947,381.0,0.81
ladder2,m8_lad2_44,0,B,44,9,X,insider,buyer,300.0,400.0,18,20,0.8947368421052632,381.0,0.81
ladder2,m8_lad2_44,0,B,44,9,X,insider,buyer,300.0,400.0,19,20,0.9473684210526315,381.0,0.81
ladder2,m8_lad2_44,0,B,44,9,X,insider,buyer,300.0,400.0,20,20,1.0,381.0,0.81
ladder2,m8_lad2_44,0,B,44,10,Y,insider,seller,300.0,200.0,1,16,0.0,199.0,1.01
ladder2,m8_lad2_44,0,B,44,10,Y,insider,seller,300.0,200.0,2,16,0.06666666666666667,200.0,1.0
ladder2,m8_lad2_44,0,B,44,10,Y,insider,seller,300.0,200.0,3,16,0.13333333333333333,199.0,1.01
ladder2,m8_lad2_44,0,B,44,10,Y,insider,seller,300.0,200.0,4,16,0.2,199.0,1.01
ladder2,m8_lad2_44,0,B,44,10,Y,insider,seller,300.0,200.0,5,16,0.26666666666666666,199.0,1.01
ladder2,m8_lad2_44,0,B,44,10,Y,insider,seller,300.0,200.0,6,16,0.3333333333333333,199.0,1.01
ladder2,m8_lad2_44,0,B,44,10,Y,insider,seller,300.0,200.0,7,16,0.4,199.0,1.01
ladder2,m8_lad2_44,0,B,44,10,Y,insider,seller,300.0,200.0,8,16,0.4666666666666667,199.0,1.01
ladder2,m8_lad2_44,0,B,44,10,Y,insider,seller,300.0,200.0,9,16,0.5333333333333333,199.0,1.01
ladder2,m8_lad2_44,0,B,44,10,Y,insider,seller,300.0,200.0,10,16,0.6,199.0,1.01
ladder2,m8_lad2_44,0,B,44,10,Y,insider,seller,300.0,200.0,11,16,0.6666666666666666,199.0,1.01
ladder2,m8_lad2_44,0,B,44,10,Y,insider,seller,300.0,200.0,12,16,0.7333333333333333,199.0,1.01
ladder2,m8_lad2_44,0,B,44,10,Y,insider,seller,300.0,200.0,13,16,0.8,199.0,1.01
ladder2,m8_lad2_44,0,B,44,10,Y,insider,seller,300.0,200.0,14,16,0.8666666666666667,199.0,1.01
ladder2,m8_lad2_44,0,B,44,10,Y,insider,seller,300.0,200.0,15,16,0.9333333333333333,199.0,1.01
ladder2,m8_lad2_44,0,B,44,10,Y,insider,seller,300.0,200.0,16,16,1.0,199.0,1.01
ladder2,m8_lad2_44,0,B,44,11,X,insider,buyer,300.0,400.0,1,18,0.0,381.0,0.81
ladder2,m8_lad2_44,0,B,44,11,X,insider,buyer,300.0,400.0,2,18,0.058823529411764705,382.0,0.82
ladder2,m8_lad2_44,0,B,44,11,X,insider,buyer,300.0,400.0,3,18,0.11764705882352941,382.0,0.82
ladder2,m8_lad2_44,0,B,44,11,X,insider,buyer,300.0,400.0,4,18,0.17647058823529413,382.0,0.82
ladder2,m8_lad2_44,0,B,44,11,X,insider,buyer,300.0,400.0,5,18,0.23529411764705882,382.0,0.82
ladder2,m8_lad2_44,0,B,44,11,X,insider,buyer,300.0,400.0,6,18,0.29411764705882354,382.0,0.82
ladder2,m8_lad2_44,0,B,44,11,X,insider,buyer,300.0,400.0,7,18,0.35294117647058826,382.0,0.82
ladder2,m8_lad2_44,0,B,44,11,X,insider,buyer,300.0,400.0,8,18,0.4117647058823529,382.0,0.82
ladder2,m8_lad2_44,0,B,44,11,X,insider,buyer,300.0,400.0,9,18,0.47058823529411764,382.0,0.82
ladder2,m8_lad2_44,0,B,44,11,X,insider,buyer,300.0,400.0,10,18,0.5294117647058824,382.0,0.82
ladder2,m8_lad2_44,0,B,44,11,X,insider,buyer,300.0,400.0,11,18,0.5882352941176471,383.0,0.83
ladder2,m8_lad2_44,0,B,44,11,X,insider,buyer,300.0,400.0,12,18,0.6470588235294118,382.0,0.82
ladder2,m8_lad2_44,0,B,44,11,X,insider,buyer,300.0,400.0,13,18,0.7058823529411765,379.0,0.79
ladder2,m8_lad2_44,0,B,44,11,X,insider,buyer,300.0,400.0,14,18,0.7647058823529411,379.0,0.79
ladder2,m8_lad2_44,0,B,44,11,X,insider,buyer,300.0,400.0,15,18,0.8235294117647058,381.0,0.81
ladder2,m8_lad2_44,0,B,44,11,X,insider,buyer,300.0,400.0,16,18,0.8823529411764706,383.0,0.83
ladder2,m8_lad2_44,0,B,44,11,X,insider,buyer,300.0,400.0,17,18,0.9411764705882353,383.0,0.83
ladder2,m8_lad2_44,0,B,44,11,X,insider,buyer,300.0,400.0,18,18,1.0,382.0,0.82
ladder2,m8_lad2_44,0,B,44,12,Y,insider,seller,300.0,200.0,1,16,0.0,199.0,1.01
ladder2,m8_lad2_44,0,B,44,12,Y,insider,seller,300.0,200.0,2,16,0.06666666666666667,199.0,1.01
ladder2,m8_lad2_44,0,B,44,12,Y,insider,seller,300.0,200.0,3,16,0.13333333333333333,199.0,1.01
ladder2,m8_lad2_44,0,B,44,12,Y,insider,seller,300.0,200.0,4,16,0.2,199.0,1.01
ladder2,m8_lad2_44,0,B,44,12,Y,insider,seller,300.0,200.0,5,16,0.26666666666666666,199.0,1.01
ladder2,m8_lad2_44,0,B,44,12,Y,insider,seller,300.0,200.0,6,16,0.3333333333333333,199.0,1.01
ladder2,m8_lad2_44,0,B,44,12,Y,insider,seller,300.0,200.0,7,16,0.4,199.0,1.01
ladder2,m8_lad2_44,0,B,44,12,Y,insider,seller,300.0,200.0,8,16,0.4666666666666667,199.0,1.01
ladder2,m8_lad2_44,0,B,44,12,Y,insider,seller,300.0,200.0,9,16,0.5333333333333333,199.0,1.01
ladder2,m8_lad2_44,0,B,44,12,Y,insider,seller,300.0,200.0,10,16,0.6,199.0,1.01
ladder2,m8_lad2_44,0,B,44,12,Y,insider,seller,300.0,200.0,11,16,0.6666666666666666,199.0,1.01
ladder2,m8_lad2_44,0,B,44,12,Y,insider,seller,300.0,200.0,12,16,0.7333333333333333,199.0,1.01
ladder2,m8_lad2_44,0,B,44,12,Y,insider,seller,300.0,200.0,13,16,0.8,199.0,1.01
ladder2,m8_lad2_44,0,B,44,12,Y,insider,seller,300.0,200.0,14,16,0.8666666666666667,199.0,1.01
ladder2,m8_lad2_44,0,B,44,12,Y,insider,seller,300.0,200.0,15,16,0.9333333333333333,199.0,1.01
ladder2,m8_lad2_44,0,B,44,12,Y,insider,seller,300.0,200.0,16,16,1.0,199.0,1.01
ladder2,m8_lad2_44,0,B,44,13,Y,insider,seller,300.0,200.0,1,17,0.0,199.0,1.01
ladder2,m8_lad2_44,0,B,44,13,Y,insider,seller,300.0,200.0,2,17,0.0625,199.0,1.01
ladder2,m8_lad2_44,0,B,44,13,Y,insider,seller,300.0,200.0,3,17,0.125,199.0,1.01
ladder2,m8_lad2_44,0,B,44,13,Y,insider,seller,300.0,200.0,4,17,0.1875,199.0,1.01
ladder2,m8_lad2_44,0,B,44,13,Y,insider,seller,300.0,200.0,5,17,0.25,199.0,1.01
ladder2,m8_lad2_44,0,B,44,13,Y,insider,seller,300.0,200.0,6,17,0.3125,199.0,1.01
ladder2,m8_lad2_44,0,B,44,13,Y,insider,seller,300.0,200.0,7,17,0.375,199.0,1.01
ladder2,m8_lad2_44,0,B,44,13,Y,insider,seller,300.0,200.0,8,17,0.4375,199.0,1.01
ladder2,m8_lad2_44,0,B,44,13,Y,insider,seller,300.0,200.0,9,17,0.5,199.0,1.01
ladder2,m8_lad2_44,0,B,44,13,Y,insider,seller,300.0,200.0,10,17,0.5625,199.0,1.01
ladder2,m8_lad2_44,0,B,44,13,Y,insider,seller,300.0,200.0,11,17,0.625,199.0,1.01
ladder2,m8_lad2_44,0,B,44,13,Y,insider,seller,300.0,200.0,12,17,0.6875,199.0,1.01
ladder2,m8_lad2_44,0,B,44,13,Y,insider,seller,300.0,200.0,13,17,0.75,199.0,1.01
ladder2,m8_lad2_44,0,B,44,13,Y,insider,seller,300.0,200.0,14,17,0.8125,199.0,1.01
ladder2,m8_lad2_44,0,B,44,13,Y,insider,seller,300.0,200.0,15,17,0.875,199.0,1.01
ladder2,m8_lad2_44,0,B,44,13,Y,insider,seller,300.0,200.0,16,17,0.9375,199.0,1.01
ladder2,m8_lad2_44,0,B,44,13,Y,insider,seller,300.0,200.0,17,17,1.0,199.0,1.01
ladder3,m7_lad3_42,0,A,42,5,Y,insider,seller,260.0,160.0,1,15,0.0,160.0,1.0
ladder3,m7_lad3_42,0,A,42,5,Y,insider,seller,260.0,160.0,2,15,0.07142857142857142,160.0,1.0
ladder3,m7_lad3_42,0,A,42,5,Y,insider,seller,260.0,160.0,3,15,0.14285714285714285,159.0,1.01
ladder3,m7_lad3_42,0,A,42,5,Y,insider,seller,260.0,160.0,4,15,0.21428571428571427,160.0,1.0
ladder3,m7_lad3_42,0,A,42,5,Y,insider,seller,260.0,160.0,5,15,0.2857142857142857,159.0,1.01
ladder3,m7_lad3_42,0,A,42,5,Y,insider,seller,260.0,160.0,6,15,0.35714285714285715,159.0,1.01
ladder3,m7_lad3_42,0,A,42,5,Y,insider,seller,260.0,160.0,7,15,0.42857142857142855,159.0,1.01
ladder3,m7_lad3_42,0,A,42,5,Y,insider,seller,260.0,160.0,8,15,0.5,159.0,1.01
ladder3,m7_lad3_42,0,A,42,5,Y,insider,seller,260.0,160.0,9,15,0.5714285714285714,159.0,1.01
ladder3,m7_lad3_42,0,A,42,5,Y,insider,seller,260.0,160.0,10,15,0.6428571428571429,159.0,1.01
ladder3,m7_lad3_42,0,A,42,5,Y,insider,seller,260.0,160.0,11,15,0.7142857142857143,159.0,1.01
ladder3,m7_lad3_42,0,A,42,5,Y,insider,seller,260.0,160.0,12,15,0.7857142857142857,159.0,1.01
ladder3,m7_lad3_42,0,A,42,5,Y,insider,seller,260.0,160.0,13,15,0.8571428571428571,159.0,1.01
ladder3,m7_lad3_42,0,A,42,5,Y,insider,seller,260.0,160.0,14,15,0.9285714285714286,159.0,1.01
ladder3,m7_lad3_42,0,A,42,5,Y,insider,seller,260.0,160.0,15,15,1.0,159.0,1.01
ladder3,m7_lad3_42,0,A,42,6,X,insider,buyer,260.0,360.0,1,17,0.0,359.0,0.99
ladder3,m7_lad3_42,0,A,42,6,X,insider,buyer,260.0,360.0,2,17,0.0625,359.0,0.99
ladder3,m7_lad3_42,0,A,42,6,X,insider,buyer,260.0,360.0,3,17,0.125,359.0,0.99
ladder3,m7_lad3_42,0,A,42,6,X,insider,buyer,260.0,360.0,4,17,0.1875,359.0,0.99
ladder3,m7_lad3_42,0,A,42,6,X,insider,buyer,260.0,360.0,5,17,0.25,357.0,0.97
ladder3,m7_lad3_42,0,A,42,6,X,insider,buyer,260.0,360.0,6,17,0.3125,359.0,0.99
ladder3,m7_lad3_42,0,A,42,6,X,insider,buyer,260.0,360.0,7,17,0.375,359.0,0.99
ladder3,m7_lad3_42,0,A,42,6,X,insider,buyer,260.0,360.0,8,17,0.4375,359.0,0.99
ladder3,m7_lad3_42,0,A,42,6,X,insider,buyer,260.0,360.0,9,17,0.5,359.0,0.99
ladder3,m7_lad3_42,0,A,42,6,X,insider,buyer,260.0,360.0,10,17,0.5625,359.0,0.99
ladder3,m7_lad3_42,0,A,42,6,X,insider,buyer,260.0,360.0,11,17,0.625,359.0,0.99
ladder3,m7_lad3_42,0,A,42,6,X,insider,buyer,260.0,360.0,12,17,0.6875,359.0,0.99
ladder3,m7_lad3_42,0,A,42,6,X,insider,buyer,260.0,360.0,13,17,0.75,359.0,0.99
ladder3,m7_lad3_42,0,A,42,6,X,insider,buyer,260.0,360.0,14,17,0.8125,359.0,0.99
ladder3,m7_lad3_42,0,A,42,6,X,insider,buyer,260.0,360.0,15,17,0.875,359.0,0.99
ladder3,m7_lad3_42,0,A,42,6,X,insider,buyer,260.0,360.0,16,17,0.9375,359.0,0.99
ladder3,m7_lad3_42,0,A,42,6,X,insider,buyer,260.0,360.0,17,17,1.0,359.0,0.99
ladder3,m7_lad3_42,0,A,42,7,Y,insider,seller,260.0,160.0,1,18,0.0,159.0,1.01
ladder3,m7_lad3_42,0,A,42,7,Y,insider,seller,260.0,160.0,2,18,0.058823529411764705,159.0,1.01
ladder3,m7_lad3_42,0,A,42,7,Y,insider,seller,260.0,160.0,3,18,0.11764705882352941,159.0,1.01
ladder3,m7_lad3_42,0,A,42,7,Y,insider,seller,260.0,160.0,4,18,0.17647058823529413,159.0,1.01
ladder3,m7_lad3_42,0,A,42,7,Y,insider,seller,260.0,160.0,5,18,0.23529411764705882,159.0,1.01
ladder3,m7_lad3_42,0,A,42,7,Y,insider,seller,260.0,160.0,6,18,0.29411764705882354,159.0,1.01
ladder3,m7_lad3_42,0,A,42,7,Y,insider,seller,260.0,160.0,7,18,0.35294117647058826,159.0,1.01
ladder3,m7_lad3_42,0,A,42,7,Y,insider,seller,260.0,160.0,8,18,0.4117647058823529,159.0,1.01
ladder3,m7_lad3_42,0,A,42,7,Y,insider,seller,260.0,160.0,9,18,0.47058823529411764,159.0,1.01
ladder3,m7_lad3_42,0,A,42,7,Y,insider,seller,260.0,160.0,10,18,0.5294117647058824,159.0,1.01
ladder3,m7_lad3_42,0,A,42,7,Y,insider,seller,260.0,160.0,11,18,0.5882352941176471,159.0,1.01
ladder3,m7_lad3_42,0,A,42,7,Y,insider,seller,260.0,160.0,12,18,0.6470588235294118,159.0,1.01
ladder3,m7_lad3_42,0,A,42,7,Y,insider,seller,260.0,160.0,13,18,0.7058823529411765,159.0,1.01
ladder3,m7_lad3_42,0,A,42,7,Y,insider,seller,260.0,160.0,14,18,0.7647058823529411,159.0,1.01
ladder3,m7_lad3_42,0,A,42,7,Y,insider,seller,260.0,160.0,15,18,0.8235294117647058,159.0,1.01
ladder3,m7_lad3_42,0,A,42,7,Y,insider,seller,260.0,160.0,16,18,0.8823529411764706,159.0,1.01
ladder3,m7_lad3_42,0,A,42,7,Y,insider,seller,260.0,160.0,17,18,0.9411764705882353,159.0,1.01
ladder3,m7_lad3_42,0,A,42,7,Y,insider,seller,260.0,160.0,18,18,1.0,159.0,1.01
ladder3,m7_lad3_42,0,A,42,8,X,insider,buyer,260.0,360.0,1,18,0.0,159.0,-1.01
ladder3,m7_lad3_42,0,A,42,8,X,insider,buyer,260.0,360.0,2,18,0.058823529411764705,359.0,0.99
ladder3,m7_lad3_42,0,A,42,8,X,insider,buyer,260.0,360.0,3,18,0.11764705882352941,359.0,0.99
ladder3,m7_lad3_42,0,A,42,8,X,insider,buyer,260.0,360.0,4,18,0.17647058823529413,359.0,0.99
ladder3,m7_lad3_42,0,A,42,8,X,insider,buyer,260.0,360.0,5,18,0.23529411764705882,358.0,0.98
ladder3,m7_lad3_42,0,A,42,8,X,insider,buyer,260.0,360.0,6,18,0.29411764705882354,359.0,0.99
ladder3,m7_lad3_42,0,A,42,8,X,insider,buyer,260.0,360.0,7,18,0.35294117647058826,359.0,0.99
ladder3,m7_lad3_42,0,A,42,8,X,insider,buyer,260.0,360.0,8,18,0.4117647058823529,359.0,0.99
ladder3,m7_lad3_42,0,A,42,8,X,insider,buyer,260.0,360.0,9,18,0.47058823529411764,359.0,0.99
ladder3,m7_lad3_42,0,A,42,8,X,insider,buyer,260.0,360.0,10,18,0.5294117647058824,359.0,0.99
ladder3,m7_lad3_42,0,A,42,8,X,insider,buyer,260.0,360.0,11,18,0.5882352941176471,359.0,0.99
ladder3,m7_lad3_42,0,A,42,8,X,insider,buyer,260.0,360.0,12,18,0.6470588235294118,359.0,0.99
ladder3,m7_lad3_42,0,A,42,8,X,insider,buyer,260.0,360.0,13,18,0.7058823529411765,359.0,0.99
ladder3,m7_lad3_42,0,A,42,8,X,insider,buyer,260.0,360.0,14,18,0.7647058823529411,359.0,0.99
ladder3,m7_lad3_42,0,A,42,8,X,insider,buyer,260.0,360.0,15,18,0.8235294117647058,359.0,0.99
ladder3,m7_lad3_42,0,A,42,8,X,insider,buyer,260.0,360.0,16,18,0.8823529411764706,359.0,0.99
ladder3,m7_lad3_42,0,A,42,8,X,insider,buyer,260.0,360.0,17,18,0.9411764705882353,359.0,0.99
ladder3,m7_lad3_42,0,A,42,8,X,insider,buyer,260.0,360.0,18,18,1.0,359.0,0.99
ladder3,m7_lad3_42,0,A,42,9,Y,insider,seller,260.0,160.0,1,17,0.0,159.0,1.01
ladder3,m7_lad3_42,0,A,42,9,Y,insider,seller,260.0,160.0,2,17,0.0625,159.0,1.01
ladder3,m7_lad3_42,0,A,42,9,Y,insider,seller,260.0,160.0,3,17,0.125,159.0,1.01
ladder3,m7_lad3_42,0,A,42,9,Y,insider,seller,260.0,160.0,4,17,0.1875,159.0,1.01
ladder3,m7_lad3_42,0,A,42,9,Y,insider,seller,260.0,160.0,5,17,0.25,159.0,1.01
ladder3,m7_lad3_42,0,A,42,9,Y,insider,seller,260.0,160.0,6,17,0.3125,159.0,1.01
ladder3,m7_lad3_42,0,A,42,9,Y,insider,seller,260.0,160.0,7,17,0.375,159.0,1.01
ladder3,m7_lad3_42,0,A,42,9,Y,insider,seller,260.0,160.0,8,17,0.4375,159.0,1.01
ladder3,m7_lad3_42,0,A,42,9,Y,insider,seller,260.0,160.0,9,17,0.5,159.0,1.01
ladder3,m7_lad3_42,0,A,42,9,Y,insider,seller,260.0,160.0,10,17,0.5625,159.0,1.01
ladder3,m7_lad3_42,0,A,42,9,Y,insider,seller,260.0,160.0,11,17,0.625,159.0,1.01
ladder3,m7_lad3_42,0,A,42,9,Y,insider,seller,260.0,160.0,12,17,0.6875,159.0,1.01
ladder3,m7_lad3_42,0,A,42,9,Y,insider,seller,260.0,160.0,13,17,0.75,159.0,1.01
ladder3,m7_lad3_42,0,A,42,9,Y,insider,seller,260.0,160.0,14,17,0.8125,159.0,1.01
ladder3,m7_lad3_42,0,A,42,9,Y,insider,seller,260.0,160.0,15,17,0.875,159.0,1.01
ladder3,m7_lad3_42,0,A,42,9,Y,insider,seller,260.0,160.0,16,17,0.9375,159.0,1.01
ladder3,m7_lad3_42,0,A,42,9,Y,insider,seller,260.0,160.0,17,17,1.0,159.0,1.01
ladder3,m7_lad3_42,0,A,42,10,Y,insider,seller,260.0,160.0,1,16,0.0,159.0,1.01
ladder3,m7_lad3_42,0,A,42,10,Y,insider,seller,260.0,160.0,2,16,0.06666666666666667,159.0,1.01
ladder3,m7_lad3_42,0,A,42,10,Y,insider,seller,260.0,160.0,3,16,0.13333333333333333,159.0,1.01
ladder3,m7_lad3_42,0,A,42,10,Y,insider,seller,260.0,160.0,4,16,0.2,159.0,1.01
ladder3,m7_lad3_42,0,A,42,10,Y,insider,seller,260.0,160.0,5,16,0.26666666666666666,159.0,1.01
ladder3,m7_lad3_42,0,A,42,10,Y,insider,seller,260.0,160.0,6,16,0.3333333333333333,159.0,1.01
ladder3,m7_lad3_42,0,A,42,10,Y,insider,seller,260.0,160.0,7,16,0.4,159.0,1.01
ladder3,m7_lad3_42,0,A,42,10,Y,insider,seller,260.0,160.0,8,16,0.4666666666666667,159.0,1.01
ladder3,m7_lad3_42,0,A,42,10,Y,insider,seller,260.0,160.0,9,16,0.5333333333333333,159.0,1.01
ladder3,m7_lad3_42,0,A,42,10,Y,insider,seller,260.0,160.0,10,16,0.6,159.0,1.01
ladder3,m7_lad3_42,0,A,42,10,Y,insider,seller,260.0,160.0,11,16,0.6666666666666666,159.0,1.01
ladder3,m7_lad3_42,0,A,42,10,Y,insider,seller,260.0,160.0,12,16,0.7333333333333333,159.0,1.01
ladder3,m7_lad3_42,0,A,42,10,Y,insider,seller,260.0,160.0,13,16,0.8,159.0,1.01
ladder3,m7_lad3_42,0,A,42,10,Y,insider,seller,260.0,160.0,14,16,0.8666666666666667,159.0,1.01
ladder3,m7_lad3_42,0,A,42,10,Y,insider,seller,260.0,160.0,15,16,0.9333333333333333,159.0,1.01
ladder3,m7_lad3_42,0,A,42,10,Y,insider,seller,260.0,160.0,16,16,1.0,159.0,1.01
ladder3,m7_lad3_42,0,A,42,11,X,insider,buyer,260.0,360.0,1,17,0.0,359.0,0.99
ladder3,m7_lad3_42,0,A,42,11,X,insider,buyer,260.0,360.0,2,17,0.0625,359.0,0.99
ladder3,m7_lad3_42,0,A,42,11,X,insider,buyer,260.0,360.0,3,17,0.125,359.0,0.99
ladder3,m7_lad3_42,0,A,42,11,X,insider,buyer,260.0,360.0,4,17,0.1875,359.0,0.99
ladder3,m7_lad3_42,0,A,42,11,X,insider,buyer,260.0,360.0,5,17,0.25,359.0,0.99
ladder3,m7_lad3_42,0,A,42,11,X,insider,buyer,260.0,360.0,6,17,0.3125,359.0,0.99
ladder3,m7_lad3_42,0,A,42,11,X,insider,buyer,260.0,360.0,7,17,0.375,359.0,0.99
ladder3,m7_lad3_42,0,A,42,11,X,insider,buyer,260.0,360.0,8,17,0.4375,359.0,0.99
ladder3,m7_lad3_42,0,A,42,11,X,insider,buyer,260.0,360.0,9,17,0.5,359.0,0.99
ladder3,m7_lad3_42,0,A,42,11,X,insider,buyer,260.0,360.0,10,17,0.5625,359.0,0.99
ladder3,m7_lad3_42,0,A,42,11,X,insider,buyer,260.0,360.0,11,17,0.625,359.0,0.99
ladder3,m7_lad3_42,0,A,42,11,X,insider,buyer,260.0,360.0,12,17,0.6875,359.0,0.99
ladder3,m7_lad3_42,0,A,42,11,X,insider,buyer,260.0,360.0,13,17,0.75,359.0,0.99
ladder3,m7_lad3_42,0,A,42,11,X,insider,buyer,260.0,360.0,14,17,0.8125,359.0,0.99
ladder3,m7_lad3_42,0,A,42,11,X,insider,buyer,260.0,360.0,15,17,0.875,359.0,0.99
ladder3,m7_lad3_42,0,A,42,11,X,insider,buyer,260.0,360.0,16,17,0.9375,359.0,0.99
ladder3,m7_lad3_42,0,A,42,11,X,insider,buyer,260.0,360.0,17,17,1.0,359.0,0.99
ladder3,m7_lad3_42,0,A,42,12,X,insider,buyer,260.0,360.0,1,16,0.0,359.0,0.99
ladder3,m7_lad3_42,0,A,42,12,X,insider,buyer,260.0,360.0,2,16,0.06666666666666667,359.0,0.99
ladder3,m7_lad3_42,0,A,42,12,X,insider,buyer,260.0,360.0,3,16,0.13333333333333333,359.0,0.99
ladder3,m7_lad3_42,0,A,42,12,X,insider,buyer,260.0,360.0,4,16,0.2,359.0,0.99
ladder3,m7_lad3_42,0,A,42,12,X,insider,buyer,260.0,360.0,5,16,0.26666666666666666,359.0,0.99
ladder3,m7_lad3_42,0,A,42,12,X,insider,buyer,260.0,360.0,6,16,0.3333333333333333,359.0,0.99
ladder3,m7_lad3_42,0,A,42,12,X,insider,buyer,260.0,360.0,7,16,0.4,359.0,0.99
ladder3,m7_lad3_42,0,A,42,12,X,insider,buyer,260.0,360.0,8,16,0.4666666666666667,359.0,0.99
ladder3,m7_lad3_42,0,A,42,12,X,insider,buyer,260.0,360.0,9,16,0.5333333333333333,359.0,0.99
ladder3,m7_lad3_42,0,A,42,12,X,insider,buyer,260.0,360.0,10,16,0.6,359.0,0.99
ladder3,m7_lad3_42,0,A,42,12,X,insider,buyer,260.0,360.0,11,16,0.6666666666666666,359.0,0.99
ladder3,m7_lad3_42,0,A,42,12,X,insider,buyer,260.0,360.0,12,16,0.7333333333333333,359.0,0.99
ladder3,m7_lad3_42,0,A,42,12,X,insider,buyer,260.0,360.0,13,16,0.8,359.0,0.99
ladder3,m7_lad3_42,0,A,42,12,X,insider,buyer,260.0,360.0,14,16,0.8666666666666667,359.0,0.99
ladder3,m7_lad3_42,0,A,42,12,X,insider,buyer,260.0,360.0,15,16,0.9333333333333333,359.0,0.99
ladder3,m7_lad3_42,0,A,42,12,X,insider,buyer,260.0,360.0,16,16,1.0,359.0,0.99
ladder3,m7_lad3_42,0,A,42,13,X,insider,buyer,260.0,360.0,1,16,0.0,359.0,0.99
ladder3,m7_lad3_42,0,A,42,13,X,insider,buyer,260.0,360.0,2,16,0.06666666666666667,359.0,0.99
ladder3,m7_lad3_42,0,A,42,13,X,insider,buyer,260.0,360.0,3,16,0.13333333333333333,359.0,0.99
ladder3,m7_lad3_42,0,A,42,13,X,insider,buyer,260.0,360.0,4,16,0.2,359.0,0.99
ladder3,m7_lad3_42,0,A,42,13,X,insider,buyer,260.0,360.0,5,16,0.26666666666666666,359.0,0.99
ladder3,m7_lad3_42,0,A,42,13,X,insider,buyer,260.0,360.0,6,16,0.3333333333333333,359.0,0.99
ladder3,m7_lad3_42,0,A,42,13,X,insider,buyer,260.0,360.0,7,16,0.4,359.0,0.99
ladder3,m7_lad3_42,0,A,42,13,X,insider,buyer,260.0,360.0,8,16,0.4666666666666667,359.0,0.99
ladder3,m7_lad3_42,0,A,42,13,X,insider,buyer,260.0,360.0,9,16,0.5333333333333333,359.0,0.99
ladder3,m7_lad3_42,0,A,42,13,X,insider,buyer,260.0,360.0,10,16,0.6,359.0,0.99
ladder3,m7_lad3_42,0,A,42,13,X,insider,buyer,260.0,360.0,11,16,0.6666666666666666,359.0,0.99
ladder3,m7_lad3_42,0,A,42,13,X,insider,buyer,260.0,360.0,12,16,0.7333333333333333,359.0,0.99
ladder3,m7_lad3_42,0,A,42,13,X,insider,buyer,260.0,360.0,13,16,0.8,359.0,0.99
ladder3,m7_lad3_42,0,A,42,13,X,insider,buyer,260.0,360.0,14,16,0.8666666666666667,359.0,0.99
ladder3,m7_lad3_42,0,A,42,13,X,insider,buyer,260.0,360.0,15,16,0.9333333333333333,359.0,0.99
ladder3,m7_lad3_42,0,A,42,13,X,insider,buyer,260.0,360.0,16,16,1.0,359.0,0.99
ladder3,m7_lad3_45,0,A,45,5,X,insider,buyer,260.0,360.0,1,23,0.0,260.0,0.0
ladder3,m7_lad3_45,0,A,45,5,X,insider,buyer,260.0,360.0,2,23,0.045454545454545456,270.0,0.1
ladder3,m7_lad3_45,0,A,45,5,X,insider,buyer,260.0,360.0,3,23,0.09090909090909091,289.0,0.29
ladder3,m7_lad3_45,0,A,45,5,X,insider,buyer,260.0,360.0,4,23,0.13636363636363635,289.0,0.29
ladder3,m7_lad3_45,0,A,45,5,X,insider,buyer,260.0,360.0,5,23,0.18181818181818182,290.0,0.3
ladder3,m7_lad3_45,0,A,45,5,X,insider,buyer,260.0,360.0,6,23,0.22727272727272727,300.0,0.4
ladder3,m7_lad3_45,0,A,45,5,X,insider,buyer,260.0,360.0,7,23,0.2727272727272727,290.0,0.3
ladder3,m7_lad3_45,0,A,45,5,X,insider,buyer,260.0,360.0,8,23,0.3181818181818182,300.0,0.4
ladder3,m7_lad3_45,0,A,45,5,X,insider,buyer,260.0,360.0,9,23,0.36363636363636365,300.0,0.4
ladder3,m7_lad3_45,0,A,45,5,X,insider,buyer,260.0,360.0,10,23,0.4090909090909091,301.0,0.41
ladder3,m7_lad3_45,0,A,45,5,X,insider,buyer,260.0,360.0,11,23,0.45454545454545453,281.0,0.21
ladder3,m7_lad3_45,0,A,45,5,X,insider,buyer,260.0,360.0,12,23,0.5,300.0,0.4
ladder3,m7_lad3_45,0,A,45,5,X,insider,buyer,260.0,360.0,13,23,0.5454545454545454,281.0,0.21
ladder3,m7_lad3_45,0,A,45,5,X,insider,buyer,260.0,360.0,14,23,0.5909090909090909,290.0,0.3
ladder3,m7_lad3_45,0,A,45,5,X,insider,buyer,260.0,360.0,15,23,0.6363636363636364,290.0,0.3
ladder3,m7_lad3_45,0,A,45,5,X,insider,buyer,260.0,360.0,16,23,0.6818181818181818,281.0,0.21
ladder3,m7_lad3_45,0,A,45,5,X,insider,buyer,260.0,360.0,17,23,0.7272727272727273,281.0,0.21
ladder3,m7_lad3_45,0,A,45,5,X,insider,buyer,260.0,360.0,18,23,0.7727272727272727,290.0,0.3
ladder3,m7_lad3_45,0,A,45,5,X,insider,buyer,260.0,360.0,19,23,0.8181818181818182,295.0,0.35
ladder3,m7_lad3_45,0,A,45,5,X,insider,buyer,260.0,360.0,20,23,0.8636363636363636,300.0,0.4
ladder3,m7_lad3_45,0,A,45,5,X,insider,buyer,260.0,360.0,21,23,0.9090909090909091,295.0,0.35
ladder3,m7_lad3_45,0,A,45,5,X,insider,buyer,260.0,360.0,22,23,0.9545454545454546,295.0,0.35
ladder3,m7_lad3_45,0,A,45,5,X,insider,buyer,260.0,360.0,23,23,1.0,291.0,0.31
ladder3,m7_lad3_45,0,A,45,6,X,insider,buyer,260.0,360.0,1,19,0.0,290.0,0.3
ladder3,m7_lad3_45,0,A,45,6,X,insider,buyer,260.0,360.0,2,19,0.05555555555555555,295.0,0.35
ladder3,m7_lad3_45,0,A,45,6,X,insider,buyer,260.0,360.0,3,19,0.1111111111111111,296.0,0.36
ladder3,m7_lad3_45,0,A,45,6,X,insider,buyer,260.0,360.0,4,19,0.16666666666666666,350.0,0.9
ladder3,m7_lad3_45,0,A,45,6,X,insider,buyer,260.0,360.0,5,19,0.2222222222222222,300.0,0.4
ladder3,m7_lad3_45,0,A,45,6,X,insider,buyer,260.0,360.0,6,19,0.2777777777777778,310.0,0.5
ladder3,m7_lad3_45,0,A,45,6,X,insider,buyer,260.0,360.0,7,19,0.3333333333333333,305.0,0.45
ladder3,m7_lad3_45,0,A,45,6,X,insider,buyer,260.0,360.0,8,19,0.3888888888888889,310.0,0.5
ladder3,m7_lad3_45,0,A,45,6,X,insider,buyer,260.0,360.0,9,19,0.4444444444444444,330.0,0.7
ladder3,m7_lad3_45,0,A,45,6,X,insider,buyer,260.0,360.0,10,19,0.5,330.0,0.7
ladder3,m7_lad3_45,0,A,45,6,X,insider,buyer,260.0,360.0,11,19,0.5555555555555556,329.0,0.69
ladder3,m7_lad3_45,0,A,45,6,X,insider,buyer,260.0,360.0,12,19,0.6111111111111112,321.0,0.61
ladder3,m7_lad3_45,0,A,45,6,X,insider,buyer,260.0,360.0,13,19,0.6666666666666666,340.0,0.8
ladder3,m7_lad3_45,0,A,45,6,X,insider,buyer,260.0,360.0,14,19,0.7222222222222222,330.0,0.7
ladder3,m7_lad3_45,0,A,45,6,X,insider,buyer,260.0,360.0,15,19,0.7777777777777778,335.0,0.75
ladder3,m7_lad3_45,0,A,45,6,X,insider,buyer,260.0,360.0,16,19,0.8333333333333334,340.0,0.8
ladder3,m7_lad3_45,0,A,45,6,X,insider,buyer,260.0,360.0,17,19,0.8888888888888888,340.0,0.8
ladder3,m7_lad3_45,0,A,45,6,X,insider,buyer,260.0,360.0,18,19,0.9444444444444444,340.0,0.8
ladder3,m7_lad3_45,0,A,45,6,X,insider,buyer,260.0,360.0,19,19,1.0,335.0,0.75
ladder3,m7_lad3_45,0,A,45,7,Y,insider,seller,260.0,160.0,1,24,0.0,300.0,-0.4
ladder3,m7_lad3_45,0,A,45,7,Y,insider,seller,260.0,160.0,2,24,0.043478260869565216,310.0,-0.5
ladder3,m7_lad3_45,0,A,45,7,Y,insider,seller,260.0,160.0,3,24,0.08695652173913043,320.0,-0.6
ladder3,m7_lad3_45,0,A,45,7,Y,insider,seller,260.0,160.0,4,24,0.13043478260869565,319.0,-0.59
ladder3,m7_lad3_45,0,A,45,7,Y,insider,seller,260.0,160.0,5,24,0.17391304347826086,319.0,-0.59
ladder3,m7_lad3_45,0,A,45,7,Y,insider,seller,260.0,160.0,6,24,0.21739130434782608,320.0,-0.6
ladder3,m7_lad3_45,0,A,45,7,Y,insider,seller,260.0,160.0,7,24,0.2608695652173913,320.0,-0.6
ladder3,m7_lad3_45,0,A,45,7,Y,insider,seller,260.0,160.0,8,24,0.30434782608695654,322.0,-0.62
ladder3,m7_lad3_45,0,A,45,7,Y,insider,seller,260.0,160.0,9,24,0.34782608695652173,320.0,-0.6
ladder3,m7_lad3_45,0,A,45,7,Y,insider,seller,260.0,160.0,10,24,0.391304347826087,320.0,-0.6
ladder3,m7_lad3_45,0,A,45,7,Y,insider,seller,260.0,160.0,11,24,0.43478260869565216,320.0,-0.6
ladder3,m7_lad3_45,0,A,45,7,Y,insider,seller,260.0,160.0,12,24,0.4782608695652174,320.0,-0.6
ladder3,m7_lad3_45,0,A,45,7,Y,insider,seller,260.0,160.0,13,24,0.5217391304347826,330.0,-0.7
ladder3,m7_lad3_45,0,A,45,7,Y,insider,seller,260.0,160.0,14,24,0.5652173913043478,331.0,-0.71
ladder3,m7_lad3_45,0,A,45,7,Y,insider,seller,260.0,160.0,15,24,0.6086956521739131,330.0,-0.7
ladder3,m7_lad3_45,0,A,45,7,Y,insider,seller,260.0,160.0,16,24,0.6521739130434783,320.0,-0.6
ladder3,m7_lad3_45,0,A,45,7,Y,insider,seller,260.0,160.0,17,24,0.6956521739130435,331.0,-0.71
ladder3,m7_lad3_45,0,A,45,7,Y,insider,seller,260.0,160.0,18,24,0.7391304347826086,332.0,-0.72
ladder3,m7_lad3_45,0,A,45,7,Y,insider,seller,260.0,160.0,19,24,0.782608695652174,330.0,-0.7
ladder3,m7_lad3_45,0,A,45,7,Y,insider,seller,260.0,160.0,20,24,0.8260869565217391,330.0,-0.7
ladder3,m7_lad3_45,0,A,45,7,Y,insider,seller,260.0,160.0,21,24,0.8695652173913043,331.0,-0.71
ladder3,m7_lad3_45,0,A,45,7,Y,insider,seller,260.0,160.0,22,24,0.9130434782608695,331.0,-0.71
ladder3,m7_lad3_45,0,A,45,7,Y,insider,seller,260.0,160.0,23,24,0.9565217391304348,331.0,-0.71
ladder3,m7_lad3_45,0,A,45,7,Y,insider,seller,260.0,160.0,24,24,1.0,332.0,-0.72
ladder3,m7_lad3_45,0,A,45,8,X,insider,buyer,260.0,360.0,1,21,0.0,340.0,0.8
ladder3,m7_lad3_45,0,A,45,8,X,insider,buyer,260.0,360.0,2,21,0.05,340.0,0.8
ladder3,m7_lad3_45,0,A,45,8,X,insider,buyer,260.0,360.0,3,21,0.1,340.0,0.8
ladder3,m7_lad3_45,0,A,45,8,X,insider,buyer,260.0,360.0,4,21,0.15,340.0,0.8
ladder3,m7_lad3_45,0,A,45,8,X,insider,buyer,260.0,360.0,5,21,0.2,340.0,0.8
ladder3,m7_lad3_45,0,A,45,8,X,insider,buyer,260.0,360.0,6,21,0.25,350.0,0.9
ladder3,m7_lad3_45,0,A,45,8,X,insider,buyer,260.0,360.0,7,21,0.3,340.0,0.8
ladder3,m7_lad3_45,0,A,45,8,X,insider,buyer,260.0,360.0,8,21,0.35,340.0,0.8
ladder3,m7_lad3_45,0,A,45,8,X,insider,buyer,260.0,360.0,9,21,0.4,350.0,0.9
ladder3,m7_lad3_45,0,A,45,8,X,insider,buyer,260.0,360.0,10,21,0.45,340.0,0.8
ladder3,m7_lad3_45,0,A,45,8,X,insider,buyer,260.0,360.0,11,21,0.5,340.0,0.8
ladder3,m7_lad3_45,0,A,45,8,X,insider,buyer,260.0,360.0,12,21,0.55,340.0,0.8
ladder3,m7_lad3_45,0,A,45,8,X,insider,buyer,260.0,360.0,13,21,0.6,350.0,0.9
ladder3,m7_lad3_45,0,A,45,8,X,insider,buyer,260.0,360.0,14,21,0.65,350.0,0.9
ladder3,m7_lad3_45,0,A,45,8,X,insider,buyer,260.0,360.0,15,21,0.7,350.0,0.9
ladder3,m7_lad3_45,0,A,45,8,X,insider,buyer,260.0,360.0,16,21,0.75,350.0,0.9
ladder3,m7_lad3_45,0,A,45,8,X,insider,buyer,260.0,360.0,17,21,0.8,350.0,0.9
ladder3,m7_lad3_45,0,A,45,8,X,insider,buyer,260.0,360.0,18,21,0.85,350.0,0.9
ladder3,m7_lad3_45,0,A,45,8,X,insider,buyer,260.0,360.0,19,21,0.9,350.0,0.9
ladder3,m7_lad3_45,0,A,45,8,X,insider,buyer,260.0,360.0,20,21,0.95,329.0,0.69
ladder3,m7_lad3_45,0,A,45,8,X,insider,buyer,260.0,360.0,21,21,1.0,330.0,0.7
ladder3,m7_lad3_45,0,A,45,9,Y,insider,seller,260.0,160.0,1,22,0.0,299.0,-0.39
ladder3,m7_lad3_45,0,A,45,9,Y,insider,seller,260.0,160.0,2,22,0.047619047619047616,299.0,-0.39
ladder3,m7_lad3_45,0,A,45,9,Y,insider,seller,260.0,160.0,3,22,0.09523809523809523,300.0,-0.4
ladder3,m7_lad3_45,0,A,45,9,Y,insider,seller,260.0,160.0,4,22,0.14285714285714285,300.0,-0.4
ladder3,m7_lad3_45,0,A,45,9,Y,insider,seller,260.0,160.0,5,22,0.19047619047619047,300.0,-0.4
ladder3,m7_lad3_45,0,A,45,9,Y,insider,seller,260.0,160.0,6,22,0.23809523809523808,300.0,-0.4
ladder3,m7_lad3_45,0,A,45,9,Y,insider,seller,260.0,160.0,7,22,0.2857142857142857,300.0,-0.4
ladder3,m7_lad3_45,0,A,45,9,Y,insider,seller,260.0,160.0,8,22,0.3333333333333333,300.0,-0.4
ladder3,m7_lad3_45,0,A,45,9,Y,insider,seller,260.0,160.0,9,22,0.38095238095238093,300.0,-0.4
ladder3,m7_lad3_45,0,A,45,9,Y,insider,seller,260.0,160.0,10,22,0.42857142857142855,300.0,-0.4
ladder3,m7_lad3_45,0,A,45,9,Y,insider,seller,260.0,160.0,11,22,0.47619047619047616,300.0,-0.4
ladder3,m7_lad3_45,0,A,45,9,Y,insider,seller,260.0,160.0,12,22,0.5238095238095238,300.0,-0.4
ladder3,m7_lad3_45,0,A,45,9,Y,insider,seller,260.0,160.0,13,22,0.5714285714285714,300.0,-0.4
ladder3,m7_lad3_45,0,A,45,9,Y,insider,seller,260.0,160.0,14,22,0.6190476190476191,300.0,-0.4
ladder3,m7_lad3_45,0,A,45,9,Y,insider,seller,260.0,160.0,15,22,0.6666666666666666,300.0,-0.4
ladder3,m7_lad3_45,0,A,45,9,Y,insider,seller,260.0,160.0,16,22,0.7142857142857143,300.0,-0.4
ladder3,m7_lad3_45,0,A,45,9,Y,insider,seller,260.0,160.0,17,22,0.7619047619047619,300.0,-0.4
ladder3,m7_lad3_45,0,A,45,9,Y,insider,seller,260.0,160.0,18,22,0.8095238095238095,300.0,-0.4
ladder3,m7_lad3_45,0,A,45,9,Y,insider,seller,260.0,160.0,19,22,0.8571428571428571,300.0,-0.4
ladder3,m7_lad3_45,0,A,45,9,Y,insider,seller,260.0,160.0,20,22,0.9047619047619048,300.0,-0.4
ladder3,m7_lad3_45,0,A,45,9,Y,insider,seller,260.0,160.0,21,22,0.9523809523809523,300.0,-0.4
ladder3,m7_lad3_45,0,A,45,9,Y,insider,seller,260.0,160.0,22,22,1.0,301.0,-0.41
ladder3,m7_lad3_45,0,A,45,11,Y,insider,seller,260.0,160.0,1,19,0.0,161.0,0.99
ladder3,m7_lad3_45,0,A,45,11,Y,insider,seller,260.0,160.0,2,19,0.05555555555555555,161.0,0.99
ladder3,m7_lad3_45,0,A,45,11,Y,insider,seller,260.0,160.0,3,19,0.1111111111111111,160.0,1.0
ladder3,m7_lad3_45,0,A,45,11,Y,insider,seller,260.0,160.0,4,19,0.16666666666666666,160.0,1.0
ladder3,m7_lad3_45,0,A,45,11,Y,insider,seller,260.0,160.0,5,19,0.2222222222222222,160.0,1.0
ladder3,m7_lad3_45,0,A,45,11,Y,insider,seller,260.0,160.0,6,19,0.2777777777777778,160.0,1.0
ladder3,m7_lad3_45,0,A,45,11,Y,insider,seller,260.0,160.0,7,19,0.3333333333333333,160.0,1.0
ladder3,m7_lad3_45,0,A,45,11,Y,insider,seller,260.0,160.0,8,19,0.3888888888888889,160.0,1.0
ladder3,m7_lad3_45,0,A,45,11,Y,insider,seller,260.0,160.0,9,19,0.4444444444444444,159.0,1.01
ladder3,m7_lad3_45,0,A,45,11,Y,insider,seller,260.0,160.0,10,19,0.5,159.0,1.01
ladder3,m7_lad3_45,0,A,45,11,Y,insider,seller,260.0,160.0,11,19,0.5555555555555556,159.0,1.01
ladder3,m7_lad3_45,0,A,45,11,Y,insider,seller,260.0,160.0,12,19,0.6111111111111112,159.0,1.01
ladder3,m7_lad3_45,0,A,45,11,Y,insider,seller,260.0,160.0,13,19,0.6666666666666666,159.0,1.01
ladder3,m7_lad3_45,0,A,45,11,Y,insider,seller,260.0,160.0,14,19,0.7222222222222222,159.0,1.01
ladder3,m7_lad3_45,0,A,45,11,Y,insider,seller,260.0,160.0,15,19,0.7777777777777778,159.0,1.01
ladder3,m7_lad3_45,0,A,45,11,Y,insider,seller,260.0,160.0,16,19,0.8333333333333334,159.0,1.01
ladder3,m7_lad3_45,0,A,45,11,Y,insider,seller,260.0,160.0,17,19,0.8888888888888888,160.0,1.0
ladder3,m7_lad3_45,0,A,45,11,Y,insider,seller,260.0,160.0,18,19,0.9444444444444444,161.0,0.99
ladder3,m7_lad3_45,0,A,45,11,Y,insider,seller,260.0,160.0,19,19,1.0,160.0,1.0
ladder3,m7_lad3_45,0,A,45,12,Y,insider,seller,260.0,160.0,1,18,0.0,159.0,1.01
ladder3,m7_lad3_45,0,A,45,12,Y,insider,seller,260.0,160.0,2,18,0.058823529411764705,159.0,1.01
ladder3,m7_lad3_45,0,A,45,12,Y,insider,seller,260.0,160.0,3,18,0.11764705882352941,160.0,1.0
ladder3,m7_lad3_45,0,A,45,12,Y,insider,seller,260.0,160.0,4,18,0.17647058823529413,160.0,1.0
ladder3,m7_lad3_45,0,A,45,12,Y,insider,seller,260.0,160.0,5,18,0.23529411764705882,160.0,1.0
ladder3,m7_lad3_45,0,A,45,12,Y,insider,seller,260.0,160.0,6,18,0.29411764705882354,159.0,1.01
ladder3,m7_lad3_45,0,A,45,12,Y,insider,seller,260.0,160.0,7,18,0.35294117647058826,159.0,1.01
ladder3,m7_lad3_45,0,A,45,12,Y,insider,seller,260.0,160.0,8,18,0.4117647058823529,159.0,1.01
ladder3,m7_lad3_45,0,A,45,12,Y,insider,seller,260.0,160.0,9,18,0.47058823529411764,159.0,1.01
ladder3,m7_lad3_45,0,A,45,12,Y,insider,seller,260.0,160.0,10,18,0.5294117647058824,159.0,1.01
ladder3,m7_lad3_45,0,A,45,12,Y,insider,seller,260.0,160.0,11,18,0.5882352941176471,159.0,1.01
ladder3,m7_lad3_45,0,A,45,12,Y,insider,seller,260.0,160.0,12,18,0.6470588235294118,159.0,1.01
ladder3,m7_lad3_45,0,A,45,12,Y,insider,seller,260.0,160.0,13,18,0.7058823529411765,159.0,1.01
ladder3,m7_lad3_45,0,A,45,12,Y,insider,seller,260.0,160.0,14,18,0.7647058823529411,159.0,1.01
ladder3,m7_lad3_45,0,A,45,12,Y,insider,seller,260.0,160.0,15,18,0.8235294117647058,159.0,1.01
ladder3,m7_lad3_45,0,A,45,12,Y,insider,seller,260.0,160.0,16,18,0.8823529411764706,159.0,1.01
ladder3,m7_lad3_45,0,A,45,12,Y,insider,seller,260.0,160.0,17,18,0.9411764705882353,160.0,1.0
ladder3,m7_lad3_45,0,A,45,12,Y,insider,seller,260.0,160.0,18,18,1.0,159.0,1.01
ladder3,m7_lad3_45,0,A,45,13,X,insider,buyer,260.0,360.0,1,20,0.0,350.0,0.9
ladder3,m7_lad3_45,0,A,45,13,X,insider,buyer,260.0,360.0,2,20,0.05263157894736842,350.0,0.9
ladder3,m7_lad3_45,0,A,45,13,X,insider,buyer,260.0,360.0,3,20,0.10526315789473684,350.0,0.9
ladder3,m7_lad3_45,0,A,45,13,X,insider,buyer,260.0,360.0,4,20,0.15789473684210525,350.0,0.9
ladder3,m7_lad3_45,0,A,45,13,X,insider,buyer,260.0,360.0,5,20,0.21052631578947367,355.0,0.95
ladder3,m7_lad3_45,0,A,45,13,X,insider,buyer,260.0,360.0,6,20,0.2631578947368421,359.0,0.99
ladder3,m7_lad3_45,0,A,45,13,X,insider,buyer,260.0,360.0,7,20,0.3157894736842105,359.0,0.99
ladder3,m7_lad3_45,0,A,45,13,X,insider,buyer,260.0,360.0,8,20,0.3684210526315789,359.0,0.99
ladder3,m7_lad3_45,0,A,45,13,X,insider,buyer,260.0,360.0,9,20,0.42105263157894735,359.0,0.99
ladder3,m7_lad3_45,0,A,45,13,X,insider,buyer,260.0,360.0,10,20,0.47368421052631576,359.0,0.99
ladder3,m7_lad3_45,0,A,45,13,X,insider,buyer,260.0,360.0,11,20,0.5263157894736842,359.0,0.99
ladder3,m7_lad3_45,0,A,45,13,X,insider,buyer,260.0,360.0,12,20,0.5789473684210527,359.0,0.99
ladder3,m7_lad3_45,0,A,45,13,X,insider,buyer,260.0,360.0,13,20,0.631578947368421,359.0,0.99
ladder3,m7_lad3_45,0,A,45,13,X,insider,buyer,260.0,360.0,14,20,0.6842105263157895,359.0,0.99
ladder3,m7_lad3_45,0,A,45,13,X,insider,buyer,260.0,360.0,15,20,0.7368421052631579,359.0,0.99
ladder3,m7_lad3_45,0,A,45,13,X,insider,buyer,260.0,360.0,16,20,0.7894736842105263,359.0,0.99
ladder3,m7_lad3_45,0,A,45,13,X,insider,buyer,260.0,360.0,17,20,0.8421052631578947,359.0,0.99
ladder3,m7_lad3_45,0,A,45,13,X,insider,buyer,260.0,360.0,18,20,0.8947368421052632,359.0,0.99
ladder3,m7_lad3_45,0,A,45,13,X,insider,buyer,260.0,360.0,19,20,0.9473684210526315,359.0,0.99
ladder3,m7_lad3_45,0,A,45,13,X,insider,buyer,260.0,360.0,20,20,1.0,359.0,0.99
ladder3,m8_lad3_42,0,B,42,5,Y,insider,seller,300.0,200.0,1,6,0.0,280.0,0.2
ladder3,m8_lad3_42,0,B,42,5,Y,insider,seller,300.0,200.0,2,6,0.2,280.0,0.2
ladder3,m8_lad3_42,0,B,42,5,Y,insider,seller,300.0,200.0,3,6,0.4,280.0,0.2
ladder3,m8_lad3_42,0,B,42,5,Y,insider,seller,300.0,200.0,4,6,0.6,200.0,1.0
ladder3,m8_lad3_42,0,B,42,5,Y,insider,seller,300.0,200.0,5,6,0.8,200.0,1.0
ladder3,m8_lad3_42,0,B,42,5,Y,insider,seller,300.0,200.0,6,6,1.0,199.0,1.01
ladder3,m8_lad3_42,0,B,42,6,Y,insider,seller,300.0,200.0,1,17,0.0,199.0,1.01
ladder3,m8_lad3_42,0,B,42,6,Y,insider,seller,300.0,200.0,2,17,0.0625,199.0,1.01
ladder3,m8_lad3_42,0,B,42,6,Y,insider,seller,300.0,200.0,3,17,0.125,199.0,1.01
ladder3,m8_lad3_42,0,B,42,6,Y,insider,seller,300.0,200.0,4,17,0.1875,199.0,1.01
ladder3,m8_lad3_42,0,B,42,6,Y,insider,seller,300.0,200.0,5,17,0.25,200.0,1.0
ladder3,m8_lad3_42,0,B,42,6,Y,insider,seller,300.0,200.0,6,17,0.3125,200.0,1.0
ladder3,m8_lad3_42,0,B,42,6,Y,insider,seller,300.0,200.0,7,17,0.375,200.0,1.0
ladder3,m8_lad3_42,0,B,42,6,Y,insider,seller,300.0,200.0,8,17,0.4375,199.0,1.01
ladder3,m8_lad3_42,0,B,42,6,Y,insider,seller,300.0,200.0,9,17,0.5,200.0,1.0
ladder3,m8_lad3_42,0,B,42,6,Y,insider,seller,300.0,200.0,10,17,0.5625,200.0,1.0
ladder3,m8_lad3_42,0,B,42,6,Y,insider,seller,300.0,200.0,11,17,0.625,200.0,1.0
ladder3,m8_lad3_42,0,B,42,6,Y,insider,seller,300.0,200.0,12,17,0.6875,200.0,1.0
ladder3,m8_lad3_42,0,B,42,6,Y,insider,seller,300.0,200.0,13,17,0.75,200.0,1.0
ladder3,m8_lad3_42,0,B,42,6,Y,insider,seller,300.0,200.0,14,17,0.8125,199.0,1.01
ladder3,m8_lad3_42,0,B,42,6,Y,insider,seller,300.0,200.0,15,17,0.875,199.0,1.01
ladder3,m8_lad3_42,0,B,42,6,Y,insider,seller,300.0,200.0,16,17,0.9375,199.0,1.01
ladder3,m8_lad3_42,0,B,42,6,Y,insider,seller,300.0,200.0,17,17,1.0,199.0,1.01
ladder3,m8_lad3_42,0,B,42,7,X,insider,buyer,300.0,400.0,1,23,0.0,300.0,0.0
ladder3,m8_lad3_42,0,B,42,7,X,insider,buyer,300.0,400.0,2,23,0.045454545454545456,350.0,0.5
ladder3,m8_lad3_42,0,B,42,7,X,insider,buyer,300.0,400.0,3,23,0.09090909090909091,360.0,0.6
ladder3,m8_lad3_42,0,B,42,7,X,insider,buyer,300.0,400.0,4,23,0.13636363636363635,360.0,0.6
ladder3,m8_lad3_42,0,B,42,7,X,insider,buyer,300.0,400.0,5,23,0.18181818181818182,360.0,0.6
ladder3,m8_lad3_42,0,B,42,7,X,insider,buyer,300.0,400.0,6,23,0.22727272727272727,360.0,0.6
ladder3,m8_lad3_42,0,B,42,7,X,insider,buyer,300.0,400.0,7,23,0.2727272727272727,360.0,0.6
ladder3,m8_lad3_42,0,B,42,7,X,insider,buyer,300.0,400.0,8,23,0.3181818181818182,360.0,0.6
ladder3,m8_lad3_42,0,B,42,7,X,insider,buyer,300.0,400.0,9,23,0.36363636363636365,360.0,0.6
ladder3,m8_lad3_42,0,B,42,7,X,insider,buyer,300.0,400.0,10,23,0.4090909090909091,360.0,0.6
ladder3,m8_lad3_42,0,B,42,7,X,insider,buyer,300.0,400.0,11,23,0.45454545454545453,340.0,0.4
ladder3,m8_lad3_42,0,B,42,7,X,insider,buyer,300.0,400.0,12,23,0.5,349.0,0.49
ladder3,m8_lad3_42,0,B,42,7,X,insider,buyer,300.0,400.0,13,23,0.5454545454545454,350.0,0.5
ladder3,m8_lad3_42,0,B,42,7,X,insider,buyer,300.0,400.0,14,23,0.5909090909090909,360.0,0.6
ladder3,m8_lad3_42,0,B,42,7,X,insider,buyer,300.0,400.0,15,23,0.6363636363636364,360.0,0.6
ladder3,m8_lad3_42,0,B,42,7,X,insider,buyer,300.0,400.0,16,23,0.6818181818181818,360.0,0.6
ladder3,m8_lad3_42,0,B,42,7,X,insider,buyer,300.0,400.0,17,23,0.7272727272727273,390.0,0.9
ladder3,m8_lad3_42,0,B,42,7,X,insider,buyer,300.0,400.0,18,23,0.7727272727272727,395.0,0.95
ladder3,m8_lad3_42,0,B,42,7,X,insider,buyer,300.0,400.0,19,23,0.8181818181818182,399.0,0.99
ladder3,m8_lad3_42,0,B,42,7,X,insider,buyer,300.0,400.0,20,23,0.8636363636363636,399.0,0.99
ladder3,m8_lad3_42,0,B,42,7,X,insider,buyer,300.0,400.0,21,23,0.9090909090909091,399.0,0.99
ladder3,m8_lad3_42,0,B,42,7,X,insider,buyer,300.0,400.0,22,23,0.9545454545454546,380.0,0.8
ladder3,m8_lad3_42,0,B,42,7,X,insider,buyer,300.0,400.0,23,23,1.0,399.0,0.99
ladder3,m8_lad3_42,0,B,42,8,X,insider,buyer,300.0,400.0,1,23,0.0,399.0,0.99
ladder3,m8_lad3_42,0,B,42,8,X,insider,buyer,300.0,400.0,2,23,0.045454545454545456,399.0,0.99
ladder3,m8_lad3_42,0,B,42,8,X,insider,buyer,300.0,400.0,3,23,0.09090909090909091,399.0,0.99
ladder3,m8_lad3_42,0,B,42,8,X,insider,buyer,300.0,400.0,4,23,0.13636363636363635,399.0,0.99
ladder3,m8_lad3_42,0,B,42,8,X,insider,buyer,300.0,400.0,5,23,0.18181818181818182,399.0,0.99
ladder3,m8_lad3_42,0,B,42,8,X,insider,buyer,300.0,400.0,6,23,0.22727272727272727,399.0,0.99
ladder3,m8_lad3_42,0,B,42,8,X,insider,buyer,300.0,400.0,7,23,0.2727272727272727,399.0,0.99
ladder3,m8_lad3_42,0,B,42,8,X,insider,buyer,300.0,400.0,8,23,0.3181818181818182,399.0,0.99
ladder3,m8_lad3_42,0,B,42,8,X,insider,buyer,300.0,400.0,9,23,0.36363636363636365,399.0,0.99
ladder3,m8_lad3_42,0,B,42,8,X,insider,buyer,300.0,400.0,10,23,0.4090909090909091,399.0,0.99
ladder3,m8_lad3_42,0,B,42,8,X,insider,buyer,300.0,400.0,11,23,0.45454545454545453,399.0,0.99
ladder3,m8_lad3_42,0,B,42,8,X,insider,buyer,300.0,400.0,12,23,0.5,379.0,0.79
ladder3,m8_lad3_42,0,B,42,8,X,insider,buyer,300.0,400.0,13,23,0.5454545454545454,399.0,0.99
ladder3,m8_lad3_42,0,B,42,8,X,insider,buyer,300.0,400.0,14,23,0.5909090909090909,399.0,0.99
ladder3,m8_lad3_42,0,B,42,8,X,insider,buyer,300.0,400.0,15,23,0.6363636363636364,399.0,0.99
ladder3,m8_lad3_42,0,B,42,8,X,insider,buyer,300.0,400.0,16,23,0.6818181818181818,399.0,0.99
ladder3,m8_lad3_42,0,B,42,8,X,insider,buyer,300.0,400.0,17,23,0.7272727272727273,399.0,0.99
ladder3,m8_lad3_42,0,B,42,8,X,insider,buyer,300.0,400.0,18,23,0.7727272727272727,399.0,0.99
ladder3,m8_lad3_42,0,B,42,8,X,insider,buyer,300.0,400.0,19,23,0.8181818181818182,399.0,0.99
ladder3,m8_lad3_42,0,B,42,8,X,insider,buyer,300.0,400.0,20,23,0.8636363636363636,399.0,0.99
ladder3,m8_lad3_42,0,B,42,8,X,insider,buyer,300.0,400.0,21,23,0.9090909090909091,350.0,0.5
ladder3,m8_lad3_42,0,B,42,8,X,insider,buyer,300.0,400.0,22,23,0.9545454545454546,352.0,0.52
ladder3,m8_lad3_42,0,B,42,8,X,insider,buyer,300.0,400.0,23,23,1.0,399.0,0.99
ladder3,m8_lad3_42,0,B,42,9,X,insider,buyer,300.0,400.0,1,16,0.0,399.0,0.99
ladder3,m8_lad3_42,0,B,42,9,X,insider,buyer,300.0,400.0,2,16,0.06666666666666667,399.0,0.99
ladder3,m8_lad3_42,0,B,42,9,X,insider,buyer,300.0,400.0,3,16,0.13333333333333333,399.0,0.99
ladder3,m8_lad3_42,0,B,42,9,X,insider,buyer,300.0,400.0,4,16,0.2,399.0,0.99
ladder3,m8_lad3_42,0,B,42,9,X,insider,buyer,300.0,400.0,5,16,0.26666666666666666,399.0,0.99
ladder3,m8_lad3_42,0,B,42,9,X,insider,buyer,300.0,400.0,6,16,0.3333333333333333,399.0,0.99
ladder3,m8_lad3_42,0,B,42,9,X,insider,buyer,300.0,400.0,7,16,0.4,399.0,0.99
ladder3,m8_lad3_42,0,B,42,9,X,insider,buyer,300.0,400.0,8,16,0.4666666666666667,399.0,0.99
ladder3,m8_lad3_42,0,B,42,9,X,insider,buyer,300.0,400.0,9,16,0.5333333333333333,399.0,0.99
ladder3,m8_lad3_42,0,B,42,9,X,insider,buyer,300.0,400.0,10,16,0.6,399.0,0.99
ladder3,m8_lad3_42,0,B,42,9,X,insider,buyer,300.0,400.0,11,16,0.6666666666666666,399.0,0.99
ladder3,m8_lad3_42,0,B,42,9,X,insider,buyer,300.0,400.0,12,16,0.7333333333333333,399.0,0.99
ladder3,m8_lad3_42,0,B,42,9,X,insider,buyer,300.0,400.0,13,16,0.8,399.0,0.99
ladder3,m8_lad3_42,0,B,42,9,X,insider,buyer,300.0,400.0,14,16,0.8666666666666667,399.0,0.99
ladder3,m8_lad3_42,0,B,42,9,X,insider,buyer,300.0,400.0,15,16,0.9333333333333333,399.0,0.99
ladder3,m8_lad3_42,0,B,42,9,X,insider,buyer,300.0,400.0,16,16,1.0,399.0,0.99
ladder3,m8_lad3_42,0,B,42,10,X,insider,buyer,300.0,400.0,1,20,0.0,399.0,0.99
ladder3,m8_lad3_42,0,B,42,10,X,insider,buyer,300.0,400.0,2,20,0.05263157894736842,399.0,0.99
ladder3,m8_lad3_42,0,B,42,10,X,insider,buyer,300.0,400.0,3,20,0.10526315789473684,399.0,0.99
ladder3,m8_lad3_42,0,B,42,10,X,insider,buyer,300.0,400.0,4,20,0.15789473684210525,399.0,0.99
ladder3,m8_lad3_42,0,B,42,10,X,insider,buyer,300.0,400.0,5,20,0.21052631578947367,399.0,0.99
ladder3,m8_lad3_42,0,B,42,10,X,insider,buyer,300.0,400.0,6,20,0.2631578947368421,399.0,0.99
ladder3,m8_lad3_42,0,B,42,10,X,insider,buyer,300.0,400.0,7,20,0.3157894736842105,399.0,0.99
ladder3,m8_lad3_42,0,B,42,10,X,insider,buyer,300.0,400.0,8,20,0.3684210526315789,399.0,0.99
ladder3,m8_lad3_42,0,B,42,10,X,insider,buyer,300.0,400.0,9,20,0.42105263157894735,399.0,0.99
ladder3,m8_lad3_42,0,B,42,10,X,insider,buyer,300.0,400.0,10,20,0.47368421052631576,399.0,0.99
ladder3,m8_lad3_42,0,B,42,10,X,insider,buyer,300.0,400.0,11,20,0.5263157894736842,399.0,0.99
ladder3,m8_lad3_42,0,B,42,10,X,insider,buyer,300.0,400.0,12,20,0.5789473684210527,399.0,0.99
ladder3,m8_lad3_42,0,B,42,10,X,insider,buyer,300.0,400.0,13,20,0.631578947368421,399.0,0.99
ladder3,m8_lad3_42,0,B,42,10,X,insider,buyer,300.0,400.0,14,20,0.6842105263157895,399.0,0.99
ladder3,m8_lad3_42,0,B,42,10,X,insider,buyer,300.0,400.0,15,20,0.7368421052631579,399.0,0.99
ladder3,m8_lad3_42,0,B,42,10,X,insider,buyer,300.0,400.0,16,20,0.7894736842105263,399.0,0.99
ladder3,m8_lad3_42,0,B,42,10,X,insider,buyer,300.0,400.0,17,20,0.8421052631578947,381.0,0.81
ladder3,m8_lad3_42,0,B,42,10,X,insider,buyer,300.0,400.0,18,20,0.8947368421052632,381.0,0.81
ladder3,m8_lad3_42,0,B,42,10,X,insider,buyer,300.0,400.0,19,20,0.9473684210526315,381.0,0.81
ladder3,m8_lad3_42,0,B,42,10,X,insider,buyer,300.0,400.0,20,20,1.0,380.0,0.8
ladder3,m8_lad3_42,0,B,42,11,X,insider,buyer,300.0,400.0,1,16,0.0,399.0,0.99
ladder3,m8_lad3_42,0,B,42,11,X,insider,buyer,300.0,400.0,2,16,0.06666666666666667,399.0,0.99
ladder3,m8_lad3_42,0,B,42,11,X,insider,buyer,300.0,400.0,3,16,0.13333333333333333,399.0,0.99
ladder3,m8_lad3_42,0,B,42,11,X,insider,buyer,300.0,400.0,4,16,0.2,399.0,0.99
ladder3,m8_lad3_42,0,B,42,11,X,insider,buyer,300.0,400.0,5,16,0.26666666666666666,399.0,0.99
ladder3,m8_lad3_42,0,B,42,11,X,insider,buyer,300.0,400.0,6,16,0.3333333333333333,399.0,0.99
ladder3,m8_lad3_42,0,B,42,11,X,insider,buyer,300.0,400.0,7,16,0.4,399.0,0.99
ladder3,m8_lad3_42,0,B,42,11,X,insider,buyer,300.0,400.0,8,16,0.4666666666666667,399.0,0.99
ladder3,m8_lad3_42,0,B,42,11,X,insider,buyer,300.0,400.0,9,16,0.5333333333333333,399.0,0.99
ladder3,m8_lad3_42,0,B,42,11,X,insider,buyer,300.0,400.0,10,16,0.6,399.0,0.99
ladder3,m8_lad3_42,0,B,42,11,X,insider,buyer,300.0,400.0,11,16,0.6666666666666666,399.0,0.99
ladder3,m8_lad3_42,0,B,42,11,X,insider,buyer,300.0,400.0,12,16,0.7333333333333333,399.0,0.99
ladder3,m8_lad3_42,0,B,42,11,X,insider,buyer,300.0,400.0,13,16,0.8,399.0,0.99
ladder3,m8_lad3_42,0,B,42,11,X,insider,buyer,300.0,400.0,14,16,0.8666666666666667,399.0,0.99
ladder3,m8_lad3_42,0,B,42,11,X,insider,buyer,300.0,400.0,15,16,0.9333333333333333,399.0,0.99
ladder3,m8_lad3_42,0,B,42,11,X,insider,buyer,300.0,400.0,16,16,1.0,399.0,0.99
ladder3,m8_lad3_42,0,B,42,12,X,insider,buyer,300.0,400.0,1,20,0.0,399.0,0.99
ladder3,m8_lad3_42,0,B,42,12,X,insider,buyer,300.0,400.0,2,20,0.05263157894736842,399.0,0.99
ladder3,m8_lad3_42,0,B,42,12,X,insider,buyer,300.0,400.0,3,20,0.10526315789473684,399.0,0.99
ladder3,m8_lad3_42,0,B,42,12,X,insider,buyer,300.0,400.0,4,20,0.15789473684210525,399.0,0.99
ladder3,m8_lad3_42,0,B,42,12,X,insider,buyer,300.0,400.0,5,20,0.21052631578947367,399.0,0.99
ladder3,m8_lad3_42,0,B,42,12,X,insider,buyer,300.0,400.0,6,20,0.2631578947368421,399.0,0.99
ladder3,m8_lad3_42,0,B,42,12,X,insider,buyer,300.0,400.0,7,20,0.3157894736842105,399.0,0.99
ladder3,m8_lad3_42,0,B,42,12,X,insider,buyer,300.0,400.0,8,20,0.3684210526315789,399.0,0.99
ladder3,m8_lad3_42,0,B,42,12,X,insider,buyer,300.0,400.0,9,20,0.42105263157894735,399.0,0.99
ladder3,m8_lad3_42,0,B,42,12,X,insider,buyer,300.0,400.0,10,20,0.47368421052631576,399.0,0.99
ladder3,m8_lad3_42,0,B,42,12,X,insider,buyer,300.0,400.0,11,20,0.5263157894736842,399.0,0.99
ladder3,m8_lad3_42,0,B,42,12,X,insider,buyer,300.0,400.0,12,20,0.5789473684210527,399.0,0.99
ladder3,m8_lad3_42,0,B,42,12,X,insider,buyer,300.0,400.0,13,20,0.631578947368421,399.0,0.99
ladder3,m8_lad3_42,0,B,42,12,X,insider,buyer,300.0,400.0,14,20,0.6842105263157895,399.0,0.99
ladder3,m8_lad3_42,0,B,42,12,X,insider,buyer,300.0,400.0,15,20,0.7368421052631579,399.0,0.99
ladder3,m8_lad3_42,0,B,42,12,X,insider,buyer,300.0,400.0,16,20,0.7894736842105263,399.0,0.99
ladder3,m8_lad3_42,0,B,42,12,X,insider,buyer,300.0,400.0,17,20,0.8421052631578947,399.0,0.99
ladder3,m8_lad3_42,0,B,42,12,X,insider,buyer,300.0,400.0,18,20,0.8947368421052632,400.0,1.0
ladder3,m8_lad3_42,0,B,42,12,X,insider,buyer,300.0,400.0,19,20,0.9473684210526315,400.0,1.0
ladder3,m8_lad3_42,0,B,42,12,X,insider,buyer,300.0,400.0,20,20,1.0,400.0,1.0
ladder3,m8_lad3_42,0,B,42,13,Y,insider,seller,300.0,200.0,1,23,0.0,400.0,-1.0
ladder3,m8_lad3_42,0,B,42,13,Y,insider,seller,300.0,200.0,2,23,0.045454545454545456,399.0,-0.99
ladder3,m8_lad3_42,0,B,42,13,Y,insider,seller,300.0,200.0,3,23,0.09090909090909091,399.0,-0.99
ladder3,m8_lad3_42,0,B,42,13,Y,insider,seller,300.0,200.0,4,23,0.13636363636363635,400.0,-1.0
ladder3,m8_lad3_42,0,B,42,13,Y,insider,seller,300.0,200.0,5,23,0.18181818181818182,399.0,-0.99
ladder3,m8_lad3_42,0,B,42,13,Y,insider,seller,300.0,200.0,6,23,0.22727272727272727,399.0,-0.99
ladder3,m8_lad3_42,0,B,42,13,Y,insider,seller,300.0,200.0,7,23,0.2727272727272727,399.0,-0.99
ladder3,m8_lad3_42,0,B,42,13,Y,insider,seller,300.0,200.0,8,23,0.3181818181818182,200.0,1.0
ladder3,m8_lad3_42,0,B,42,13,Y,insider,seller,300.0,200.0,9,23,0.36363636363636365,200.0,1.0
ladder3,m8_lad3_42,0,B,42,13,Y,insider,seller,300.0,200.0,10,23,0.4090909090909091,199.0,1.01
ladder3,m8_lad3_42,0,B,42,13,Y,insider,seller,300.0,200.0,11,23,0.45454545454545453,200.0,1.0
ladder3,m8_lad3_42,0,B,42,13,Y,insider,seller,300.0,200.0,12,23,0.5,200.0,1.0
ladder3,m8_lad3_42,0,B,42,13,Y,insider,seller,300.0,200.0,13,23,0.5454545454545454,199.0,1.01
ladder3,m8_lad3_42,0,B,42,13,Y,insider,seller,300.0,200.0,14,23,0.5909090909090909,199.0,1.01
ladder3,m8_lad3_42,0,B,42,13,Y,insider,seller,300.0,200.0,15,23,0.6363636363636364,199.0,1.01
ladder3,m8_lad3_42,0,B,42,13,Y,insider,seller,300.0,200.0,16,23,0.6818181818181818,199.0,1.01
ladder3,m8_lad3_42,0,B,42,13,Y,insider,seller,300.0,200.0,17,23,0.7272727272727273,199.0,1.01
ladder3,m8_lad3_42,0,B,42,13,Y,insider,seller,300.0,200.0,18,23,0.7727272727272727,200.0,1.0
ladder3,m8_lad3_42,0,B,42,13,Y,insider,seller,300.0,200.0,19,23,0.8181818181818182,200.0,1.0
ladder3,m8_lad3_42,0,B,42,13,Y,insider,seller,300.0,200.0,20,23,0.8636363636363636,200.0,1.0
ladder3,m8_lad3_42,0,B,42,13,Y,insider,seller,300.0,200.0,21,23,0.9090909090909091,199.0,1.01
ladder3,m8_lad3_42,0,B,42,13,Y,insider,seller,300.0,200.0,22,23,0.9545454545454546,199.0,1.01
ladder3,m8_lad3_42,0,B,42,13,Y,insider,seller,300.0,200.0,23,23,1.0,199.0,1.01
ladder3,m8_lad3_44,0,B,44,5,X,insider,buyer,300.0,400.0,1,21,0.0,300.0,0.0
ladder3,m8_lad3_44,0,B,44,5,X,insider,buyer,300.0,400.0,2,21,0.05,300.0,0.0
ladder3,m8_lad3_44,0,B,44,5,X,insider,buyer,300.0,400.0,3,21,0.1,350.0,0.5
ladder3,m8_lad3_44,0,B,44,5,X,insider,buyer,300.0,400.0,4,21,0.15,350.0,0.5
ladder3,m8_lad3_44,0,B,44,5,X,insider,buyer,300.0,400.0,5,21,0.2,360.0,0.6
ladder3,m8_lad3_44,0,B,44,5,X,insider,buyer,300.0,400.0,6,21,0.25,340.0,0.4
ladder3,m8_lad3_44,0,B,44,5,X,insider,buyer,300.0,400.0,7,21,0.3,360.0,0.6
ladder3,m8_lad3_44,0,B,44,5,X,insider,buyer,300.0,400.0,8,21,0.35,360.0,0.6
ladder3,m8_lad3_44,0,B,44,5,X,insider,buyer,300.0,400.0,9,21,0.4,360.0,0.6
ladder3,m8_lad3_44,0,B,44,5,X,insider,buyer,300.0,400.0,10,21,0.45,360.0,0.6
ladder3,m8_lad3_44,0,B,44,5,X,insider,buyer,300.0,400.0,11,21,0.5,360.0,0.6
ladder3,m8_lad3_44,0,B,44,5,X,insider,buyer,300.0,400.0,12,21,0.55,360.0,0.6
ladder3,m8_lad3_44,0,B,44,5,X,insider,buyer,300.0,400.0,13,21,0.6,370.0,0.7
ladder3,m8_lad3_44,0,B,44,5,X,insider,buyer,300.0,400.0,14,21,0.65,370.0,0.7
ladder3,m8_lad3_44,0,B,44,5,X,insider,buyer,300.0,400.0,15,21,0.7,370.0,0.7
ladder3,m8_lad3_44,0,B,44,5,X,insider,buyer,300.0,400.0,16,21,0.75,380.0,0.8
ladder3,m8_lad3_44,0,B,44,5,X,insider,buyer,300.0,400.0,17,21,0.8,380.0,0.8
ladder3,m8_lad3_44,0,B,44,5,X,insider,buyer,300.0,400.0,18,21,0.85,373.0,0.73
ladder3,m8_lad3_44,0,B,44,5,X,insider,buyer,300.0,400.0,19,21,0.9,373.0,0.73
ladder3,m8_lad3_44,0,B,44,5,X,insider,buyer,300.0,400.0,20,21,0.95,373.0,0.73
ladder3,m8_lad3_44,0,B,44,5,X,insider,buyer,300.0,400.0,21,21,1.0,373.0,0.73
ladder3,m8_lad3_44,0,B,44,6,Y,insider,seller,300.0,200.0,1,18,0.0,290.0,0.1
ladder3,m8_lad3_44,0,B,44,6,Y,insider,seller,300.0,200.0,2,18,0.058823529411764705,289.0,0.11
ladder3,m8_lad3_44,0,B,44,6,Y,insider,seller,300.0,200.0,3,18,0.11764705882352941,200.0,1.0
ladder3,m8_lad3_44,0,B,44,6,Y,insider,seller,300.0,200.0,4,18,0.17647058823529413,199.0,1.01
ladder3,m8_lad3_44,0,B,44,6,Y,insider,seller,300.0,200.0,5,18,0.23529411764705882,190.0,1.1
ladder3,m8_lad3_44,0,B,44,6,Y,insider,seller,300.0,200.0,6,18,0.29411764705882354,190.0,1.1
ladder3,m8_lad3_44,0,B,44,6,Y,insider,seller,300.0,200.0,7,18,0.35294117647058826,190.0,1.1
ladder3,m8_lad3_44,0,B,44,6,Y,insider,seller,300.0,200.0,8,18,0.4117647058823529,190.0,1.1
ladder3,m8_lad3_44,0,B,44,6,Y,insider,seller,300.0,200.0,9,18,0.47058823529411764,190.0,1.1
ladder3,m8_lad3_44,0,B,44,6,Y,insider,seller,300.0,200.0,10,18,0.5294117647058824,190.0,1.1
ladder3,m8_lad3_44,0,B,44,6,Y,insider,seller,300.0,200.0,11,18,0.5882352941176471,199.0,1.01
ladder3,m8_lad3_44,0,B,44,6,Y,insider,seller,300.0,200.0,12,18,0.6470588235294118,190.0,1.1
ladder3,m8_lad3_44,0,B,44,6,Y,insider,seller,300.0,200.0,13,18,0.7058823529411765,200.0,1.0
ladder3,m8_lad3_44,0,B,44,6,Y,insider,seller,300.0,200.0,14,18,0.7647058823529411,199.0,1.01
ladder3,m8_lad3_44,0,B,44,6,Y,insider,seller,300.0,200.0,15,18,0.8235294117647058,199.0,1.01
ladder3,m8_lad3_44,0,B,44,6,Y,insider,seller,300.0,200.0,16,18,0.8823529411764706,190.0,1.1
ladder3,m8_lad3_44,0,B,44,6,Y,insider,seller,300.0,200.0,17,18,0.9411764705882353,199.0,1.01
ladder3,m8_lad3_44,0,B,44,6,Y,insider,seller,300.0,200.0,18,18,1.0,199.0,1.01
ladder3,m8_lad3_44,0,B,44,7,Y,insider,seller,300.0,200.0,1,16,0.0,199.0,1.01
ladder3,m8_lad3_44,0,B,44,7,Y,insider,seller,300.0,200.0,2,16,0.06666666666666667,199.0,1.01
ladder3,m8_lad3_44,0,B,44,7,Y,insider,seller,300.0,200.0,3,16,0.13333333333333333,199.0,1.01
ladder3,m8_lad3_44,0,B,44,7,Y,insider,seller,300.0,200.0,4,16,0.2,199.0,1.01
ladder3,m8_lad3_44,0,B,44,7,Y,insider,seller,300.0,200.0,5,16,0.26666666666666666,199.0,1.01
ladder3,m8_lad3_44,0,B,44,7,Y,insider,seller,300.0,200.0,6,16,0.3333333333333333,199.0,1.01
ladder3,m8_lad3_44,0,B,44,7,Y,insider,seller,300.0,200.0,7,16,0.4,199.0,1.01
ladder3,m8_lad3_44,0,B,44,7,Y,insider,seller,300.0,200.0,8,16,0.4666666666666667,199.0,1.01
ladder3,m8_lad3_44,0,B,44,7,Y,insider,seller,300.0,200.0,9,16,0.5333333333333333,199.0,1.01
ladder3,m8_lad3_44,0,B,44,7,Y,insider,seller,300.0,200.0,10,16,0.6,199.0,1.01
ladder3,m8_lad3_44,0,B,44,7,Y,insider,seller,300.0,200.0,11,16,0.6666666666666666,199.0,1.01
ladder3,m8_lad3_44,0,B,44,7,Y,insider,seller,300.0,200.0,12,16,0.7333333333333333,199.0,1.01
ladder3,m8_lad3_44,0,B,44,7,Y,insider,seller,300.0,200.0,13,16,0.8,199.0,1.01
ladder3,m8_lad3_44,0,B,44,7,Y,insider,seller,300.0,200.0,14,16,0.8666666666666667,199.0,1.01
ladder3,m8_lad3_44,0,B,44,7,Y,insider,seller,300.0,200.0,15,16,0.9333333333333333,199.0,1.01
ladder3,m8_lad3_44,0,B,44,7,Y,insider,seller,300.0,200.0,16,16,1.0,199.0,1.01
ladder3,m8_lad3_44,0,B,44,8,Y,insider,seller,300.0,200.0,1,16,0.0,199.0,1.01
ladder3,m8_lad3_44,0,B,44,8,Y,insider,seller,300.0,200.0,2,16,0.06666666666666667,199.0,1.01
ladder3,m8_lad3_44,0,B,44,8,Y,insider,seller,300.0,200.0,3,16,0.13333333333333333,199.0,1.01
ladder3,m8_lad3_44,0,B,44,8,Y,insider,seller,300.0,200.0,4,16,0.2,199.0,1.01
ladder3,m8_lad3_44,0,B,44,8,Y,insider,seller,300.0,200.0,5,16,0.26666666666666666,199.0,1.01
ladder3,m8_lad3_44,0,B,44,8,Y,insider,seller,300.0,200.0,6,16,0.3333333333333333,199.0,1.01
ladder3,m8_lad3_44,0,B,44,8,Y,insider,seller,300.0,200.0,7,16,0.4,199.0,1.01
ladder3,m8_lad3_44,0,B,44,8,Y,insider,seller,300.0,200.0,8,16,0.4666666666666667,199.0,1.01
ladder3,m8_lad3_44,0,B,44,8,Y,insider,seller,300.0,200.0,9,16,0.5333333333333333,199.0,1.01
ladder3,m8_lad3_44,0,B,44,8,Y,insider,seller,300.0,200.0,10,16,0.6,199.0,1.01
ladder3,m8_lad3_44,0,B,44,8,Y,insider,seller,300.0,200.0,11,16,0.6666666666666666,199.0,1.01
ladder3,m8_lad3_44,0,B,44,8,Y,insider,seller,300.0,200.0,12,16,0.7333333333333333,199.0,1.01
ladder3,m8_lad3_44,0,B,44,8,Y,insider,seller,300.0,200.0,13,16,0.8,199.0,1.01
ladder3,m8_lad3_44,0,B,44,8,Y,insider,seller,300.0,200.0,14,16,0.8666666666666667,199.0,1.01
ladder3,m8_lad3_44,0,B,44,8,Y,insider,seller,300.0,200.0,15,16,0.9333333333333333,199.0,1.01
ladder3,m8_lad3_44,0,B,44,8,Y,insider,seller,300.0,200.0,16,16,1.0,199.0,1.01
ladder3,m8_lad3_44,0,B,44,9,X,insider,buyer,300.0,400.0,1,20,0.0,370.0,0.7
ladder3,m8_lad3_44,0,B,44,9,X,insider,buyer,300.0,400.0,2,20,0.05263157894736842,370.0,0.7
ladder3,m8_lad3_44,0,B,44,9,X,insider,buyer,300.0,400.0,3,20,0.10526315789473684,371.0,0.71
ladder3,m8_lad3_44,0,B,44,9,X,insider,buyer,300.0,400.0,4,20,0.15789473684210525,372.0,0.72
ladder3,m8_lad3_44,0,B,44,9,X,insider,buyer,300.0,400.0,5,20,0.21052631578947367,372.0,0.72
ladder3,m8_lad3_44,0,B,44,9,X,insider,buyer,300.0,400.0,6,20,0.2631578947368421,372.0,0.72
ladder3,m8_lad3_44,0,B,44,9,X,insider,buyer,300.0,400.0,7,20,0.3157894736842105,375.0,0.75
ladder3,m8_lad3_44,0,B,44,9,X,insider,buyer,300.0,400.0,8,20,0.3684210526315789,376.0,0.76
ladder3,m8_lad3_44,0,B,44,9,X,insider,buyer,300.0,400.0,9,20,0.42105263157894735,377.0,0.77
ladder3,m8_lad3_44,0,B,44,9,X,insider,buyer,300.0,400.0,10,20,0.47368421052631576,378.0,0.78
ladder3,m8_lad3_44,0,B,44,9,X,insider,buyer,300.0,400.0,11,20,0.5263157894736842,380.0,0.8
ladder3,m8_lad3_44,0,B,44,9,X,insider,buyer,300.0,400.0,12,20,0.5789473684210527,381.0,0.81
ladder3,m8_lad3_44,0,B,44,9,X,insider,buyer,300.0,400.0,13,20,0.631578947368421,381.0,0.81
ladder3,m8_lad3_44,0,B,44,9,X,insider,buyer,300.0,400.0,14,20,0.6842105263157895,381.0,0.81
ladder3,m8_lad3_44,0,B,44,9,X,insider,buyer,300.0,400.0,15,20,0.7368421052631579,381.0,0.81
ladder3,m8_lad3_44,0,B,44,9,X,insider,buyer,300.0,400.0,16,20,0.7894736842105263,381.0,0.81
ladder3,m8_lad3_44,0,B,44,9,X,insider,buyer,300.0,400.0,17,20,0.8421052631578947,381.0,0.81
ladder3,m8_lad3_44,0,B,44,9,X,insider,buyer,300.0,400.0,18,20,0.8947368421052632,381.0,0.81
ladder3,m8_lad3_44,0,B,44,9,X,insider,buyer,300.0,400.0,19,20,0.9473684210526315,381.0,0.81
ladder3,m8_lad3_44,0,B,44,9,X,insider,buyer,300.0,400.0,20,20,1.0,381.0,0.81
ladder3,m8_lad3_44,0,B,44,10,Y,insider,seller,300.0,200.0,1,16,0.0,199.0,1.01
ladder3,m8_lad3_44,0,B,44,10,Y,insider,seller,300.0,200.0,2,16,0.06666666666666667,199.0,1.01
ladder3,m8_lad3_44,0,B,44,10,Y,insider,seller,300.0,200.0,3,16,0.13333333333333333,199.0,1.01
ladder3,m8_lad3_44,0,B,44,10,Y,insider,seller,300.0,200.0,4,16,0.2,199.0,1.01
ladder3,m8_lad3_44,0,B,44,10,Y,insider,seller,300.0,200.0,5,16,0.26666666666666666,199.0,1.01
ladder3,m8_lad3_44,0,B,44,10,Y,insider,seller,300.0,200.0,6,16,0.3333333333333333,199.0,1.01
ladder3,m8_lad3_44,0,B,44,10,Y,insider,seller,300.0,200.0,7,16,0.4,199.0,1.01
ladder3,m8_lad3_44,0,B,44,10,Y,insider,seller,300.0,200.0,8,16,0.4666666666666667,199.0,1.01
ladder3,m8_lad3_44,0,B,44,10,Y,insider,seller,300.0,200.0,9,16,0.5333333333333333,199.0,1.01
ladder3,m8_lad3_44,0,B,44,10,Y,insider,seller,300.0,200.0,10,16,0.6,199.0,1.01
ladder3,m8_lad3_44,0,B,44,10,Y,insider,seller,300.0,200.0,11,16,0.6666666666666666,199.0,1.01
ladder3,m8_lad3_44,0,B,44,10,Y,insider,seller,300.0,200.0,12,16,0.7333333333333333,199.0,1.01
ladder3,m8_lad3_44,0,B,44,10,Y,insider,seller,300.0,200.0,13,16,0.8,199.0,1.01
ladder3,m8_lad3_44,0,B,44,10,Y,insider,seller,300.0,200.0,14,16,0.8666666666666667,199.0,1.01
ladder3,m8_lad3_44,0,B,44,10,Y,insider,seller,300.0,200.0,15,16,0.9333333333333333,199.0,1.01
ladder3,m8_lad3_44,0,B,44,10,Y,insider,seller,300.0,200.0,16,16,1.0,199.0,1.01
ladder3,m8_lad3_44,0,B,44,11,X,insider,buyer,300.0,400.0,1,17,0.0,370.0,0.7
ladder3,m8_lad3_44,0,B,44,11,X,insider,buyer,300.0,400.0,2,17,0.0625,380.0,0.8
ladder3,m8_lad3_44,0,B,44,11,X,insider,buyer,300.0,400.0,3,17,0.125,381.0,0.81
ladder3,m8_lad3_44,0,B,44,11,X,insider,buyer,300.0,400.0,4,17,0.1875,382.0,0.82
ladder3,m8_lad3_44,0,B,44,11,X,insider,buyer,300.0,400.0,5,17,0.25,383.0,0.83
ladder3,m8_lad3_44,0,B,44,11,X,insider,buyer,300.0,400.0,6,17,0.3125,384.0,0.84
ladder3,m8_lad3_44,0,B,44,11,X,insider,buyer,300.0,400.0,7,17,0.375,385.0,0.85
ladder3,m8_lad3_44,0,B,44,11,X,insider,buyer,300.0,400.0,8,17,0.4375,386.0,0.86
ladder3,m8_lad3_44,0,B,44,11,X,insider,buyer,300.0,400.0,9,17,0.5,385.0,0.85
ladder3,m8_lad3_44,0,B,44,11,X,insider,buyer,300.0,400.0,10,17,0.5625,381.0,0.81
ladder3,m8_lad3_44,0,B,44,11,X,insider,buyer,300.0,400.0,11,17,0.625,382.0,0.82
ladder3,m8_lad3_44,0,B,44,11,X,insider,buyer,300.0,400.0,12,17,0.6875,386.0,0.86
ladder3,m8_lad3_44,0,B,44,11,X,insider,buyer,300.0,400.0,13,17,0.75,382.0,0.82
ladder3,m8_lad3_44,0,B,44,11,X,insider,buyer,300.0,400.0,14,17,0.8125,385.0,0.85
ladder3,m8_lad3_44,0,B,44,11,X,insider,buyer,300.0,400.0,15,17,0.875,381.0,0.81
ladder3,m8_lad3_44,0,B,44,11,X,insider,buyer,300.0,400.0,16,17,0.9375,382.0,0.82
ladder3,m8_lad3_44,0,B,44,11,X,insider,buyer,300.0,400.0,17,17,1.0,382.0,0.82
ladder3,m8_lad3_44,0,B,44,12,Y,insider,seller,300.0,200.0,1,16,0.0,199.0,1.01
ladder3,m8_lad3_44,0,B,44,12,Y,insider,seller,300.0,200.0,2,16,0.06666666666666667,199.0,1.01
ladder3,m8_lad3_44,0,B,44,12,Y,insider,seller,300.0,200.0,3,16,0.13333333333333333,199.0,1.01
ladder3,m8_lad3_44,0,B,44,12,Y,insider,seller,300.0,200.0,4,16,0.2,199.0,1.01
ladder3,m8_lad3_44,0,B,44,12,Y,insider,seller,300.0,200.0,5,16,0.26666666666666666,199.0,1.01
ladder3,m8_lad3_44,0,B,44,12,Y,insider,seller,300.0,200.0,6,16,0.3333333333333333,199.0,1.01
ladder3,m8_lad3_44,0,B,44,12,Y,insider,seller,300.0,200.0,7,16,0.4,199.0,1.01
ladder3,m8_lad3_44,0,B,44,12,Y,insider,seller,300.0,200.0,8,16,0.4666666666666667,199.0,1.01
ladder3,m8_lad3_44,0,B,44,12,Y,insider,seller,300.0,200.0,9,16,0.5333333333333333,199.0,1.01
ladder3,m8_lad3_44,0,B,44,12,Y,insider,seller,300.0,200.0,10,16,0.6,199.0,1.01
ladder3,m8_lad3_44,0,B,44,12,Y,insider,seller,300.0,200.0,11,16,0.6666666666666666,199.0,1.01
ladder3,m8_lad3_44,0,B,44,12,Y,insider,seller,300.0,200.0,12,16,0.7333333333333333,199.0,1.01
ladder3,m8_lad3_44,0,B,44,12,Y,insider,seller,300.0,200.0,13,16,0.8,199.0,1.01
ladder3,m8_lad3_44,0,B,44,12,Y,insider,seller,300.0,200.0,14,16,0.8666666666666667,199.0,1.01
ladder3,m8_lad3_44,0,B,44,12,Y,insider,seller,300.0,200.0,15,16,0.9333333333333333,199.0,1.01
ladder3,m8_lad3_44,0,B,44,12,Y,insider,seller,300.0,200.0,16,16,1.0,199.0,1.01
ladder3,m8_lad3_44,0,B,44,13,Y,insider,seller,300.0,200.0,1,16,0.0,199.0,1.01
ladder3,m8_lad3_44,0,B,44,13,Y,insider,seller,300.0,200.0,2,16,0.06666666666666667,199.0,1.01
ladder3,m8_lad3_44,0,B,44,13,Y,insider,seller,300.0,200.0,3,16,0.13333333333333333,199.0,1.01
ladder3,m8_lad3_44,0,B,44,13,Y,insider,seller,300.0,200.0,4,16,0.2,199.0,1.01
ladder3,m8_lad3_44,0,B,44,13,Y,insider,seller,300.0,200.0,5,16,0.26666666666666666,199.0,1.01
ladder3,m8_lad3_44,0,B,44,13,Y,insider,seller,300.0,200.0,6,16,0.3333333333333333,199.0,1.01
ladder3,m8_lad3_44,0,B,44,13,Y,insider,seller,300.0,200.0,7,16,0.4,199.0,1.01
ladder3,m8_lad3_44,0,B,44,13,Y,insider,seller,300.0,200.0,8,16,0.4666666666666667,199.0,1.01
ladder3,m8_lad3_44,0,B,44,13,Y,insider,seller,300.0,200.0,9,16,0.5333333333333333,199.0,1.01
ladder3,m8_lad3_44,0,B,44,13,Y,insider,seller,300.0,200.0,10,16,0.6,199.0,1.01
ladder3,m8_lad3_44,0,B,44,13,Y,insider,seller,300.0,200.0,11,16,0.6666666666666666,199.0,1.01
ladder3,m8_lad3_44,0,B,44,13,Y,insider,seller,300.0,200.0,12,16,0.7333333333333333,199.0,1.01
ladder3,m8_lad3_44,0,B,44,13,Y,insider,seller,300.0,200.0,13,16,0.8,199.0,1.01
ladder3,m8_lad3_44,0,B,44,13,Y,insider,seller,300.0,200.0,14,16,0.8666666666666667,199.0,1.01
ladder3,m8_lad3_44,0,B,44,13,Y,insider,seller,300.0,200.0,15,16,0.9333333333333333,199.0,1.01
ladder3,m8_lad3_44,0,B,44,13,Y,insider,seller,300.0,200.0,16,16,1.0,199.0,1.01
m1,m1_paper_0,0,1,20250725,5,Y,insider,buyer,283.3,320.0,1,18,0.0,275.0,-0.22615803814713933
m1,m1_paper_0,0,1,20250725,5,Y,insider,buyer,283.3,320.0,2,18,0.058823529411764705,282.0,-0.035422343324251
m1,m1_paper_0,0,1,20250725,5,Y,insider,buyer,283.3,320.0,3,18,0.11764705882352941,283.0,-0.008174386920981238
m1,m1_paper_0,0,1,20250725,5,Y,insider,buyer,283.3,320.0,4,18,0.17647058823529413,283.0,-0.008174386920981238
m1,m1_paper_0,0,1,20250725,5,Y,insider,buyer,283.3,320.0,5,18,0.23529411764705882,284.0,0.019073569482288524
m1,m1_paper_0,0,1,20250725,5,Y,insider,buyer,283.3,320.0,6,18,0.29411764705882354,283.0,-0.008174386920981238
m1,m1_paper_0,0,1,20250725,5,Y,insider,buyer,283.3,320.0,7,18,0.35294117647058826,283.0,-0.008174386920981238
m1,m1_paper_0,0,1,20250725,5,Y,insider,buyer,283.3,320.0,8,18,0.4117647058823529,285.0,0.04632152588555829
m1,m1_paper_0,0,1,20250725,5,Y,insider,buyer,283.3,320.0,9,18,0.47058823529411764,285.0,0.04632152588555829
m1,m1_paper_0,0,1,20250725,5,Y,insider,buyer,283.3,320.0,10,18,0.5294117647058824,285.0,0.04632152588555829
m1,m1_paper_0,0,1,20250725,5,Y,insider,buyer,283.3,320.0,11,18,0.5882352941176471,286.0,0.07356948228882805
m1,m1_paper_0,0,1,20250725,5,Y,insider,buyer,283.3,320.0,12,18,0.6470588235294118,284.0,0.019073569482288524
m1,m1_paper_0,0,1,20250725,5,Y,insider,buyer,283.3,320.0,13,18,0.7058823529411765,285.0,0.04632152588555829
m1,m1_paper_0,0,1,20250725,5,Y,insider,buyer,283.3,320.0,14,18,0.7647058823529411,283.0,-0.008174386920981238
m1,m1_paper_0,0,1,20250725,5,Y,insider,buyer,283.3,320.0,15,18,0.8235294117647058,285.0,0.04632152588555829
m1,m1_paper_0,0,1,20250725,5,Y,insider,buyer,283.3,320.0,16,18,0.8823529411764706,284.0,0.019073569482288524
m1,m1_paper_0,0,1,20250725,5,Y,insider,buyer,283.3,320.0,17,18,0.9411764705882353,285.0,0.04632152588555829
m1,m1_paper_0,0,1,20250725,5,Y,insider,buyer,283.3,320.0,18,18,1.0,285.0,0.04632152588555829
m1,m1_paper_0,0,1,20250725,6,X,insider,seller,283.3,272.0,1,12,0.0,280.0,0.2920353982300892
m1,m1_paper_0,0,1,20250725,6,X,insider,seller,283.3,272.0,2,12,0.09090909090909091,282.0,0.1150442477876115
m1,m1_paper_0,0,1,20250725,6,X,insider,seller,283.3,272.0,3,12,0.18181818181818182,282.0,0.1150442477876115
m1,m1_paper_0,0,1,20250725,6,X,insider,seller,283.3,272.0,4,12,0.2727272727272727,279.0,0.3805309734513281
m1,m1_paper_0,0,1,20250725,6,X,insider,seller,283.3,272.0,5,12,0.36363636363636365,282.0,0.1150442477876115
m1,m1_paper_0,0,1,20250725,6,X,insider,seller,283.3,272.0,6,12,0.45454545454545453,280.0,0.2920353982300892
m1,m1_paper_0,0,1,20250725,6,X,insider,seller,283.3,272.0,7,12,0.5454545454545454,280.0,0.2920353982300892
m1,m1_paper_0,0,1,20250725,6,X,insider,seller,283.3,272.0,8,12,0.6363636363636364,280.0,0.2920353982300892
m1,m1_paper_0,0,1,20250725,6,X,insider,seller,283.3,272.0,9,12,0.7272727272727273,280.0,0.2920353982300892
m1,m1_paper_0,0,1,20250725,6,X,insider,seller,283.3,272.0,10,12,0.8181818181818182,280.0,0.2920353982300892
m1,m1_paper_0,0,1,20250725,6,X,insider,seller,283.3,272.0,11,12,0.9090909090909091,283.0,0.02654867256637266
m1,m1_paper_0,0,1,20250725,6,X,insider,seller,283.3,272.0,12,12,1.0,284.0,-0.06194690265486619
m1,m1_paper_0,0,1,20250725,7,Y,insider,buyer,283.3,320.0,1,13,0.0,283.0,-0.008174386920981238
m1,m1_paper_0,0,1,20250725,7,Y,insider,buyer,283.3,320.0,2,13,0.08333333333333333,283.0,-0.008174386920981238
m1,m1_paper_0,0,1,20250725,7,Y,insider,buyer,283.3,320.0,3,13,0.16666666666666666,285.0,0.04632152588555829
m1,m1_paper_0,0,1,20250725,7,Y,insider,buyer,283.3,320.0,4,13,0.25,283.0,-0.008174386920981238
m1,m1_paper_0,0,1,20250725,7,Y,insider,buyer,283.3,320.0,5,13,0.3333333333333333,283.0,-0.008174386920981238
m1,m1_paper_0,0,1,20250725,7,Y,insider,buyer,283.3,320.0,6,13,0.4166666666666667,290.0,0.1825613079019071
m1,m1_paper_0,0,1,20250725,7,Y,insider,buyer,283.3,320.0,7,13,0.5,283.0,-0.008174386920981238
m1,m1_paper_0,0,1,20250725,7,Y,insider,buyer,283.3,320.0,8,13,0.5833333333333334,283.0,-0.008174386920981238
m1,m1_paper_0,0,1,20250725,7,Y,insider,buyer,283.3,320.0,9,13,0.6666666666666666,290.0,0.1825613079019071
m1,m1_paper_0,0,1,20250725,7,Y,insider,buyer,283.3,320.0,10,13,0.75,290.0,0.1825613079019071
m1,m1_paper_0,0,1,20250725,7,Y,insider,buyer,283.3,320.0,11,13,0.8333333333333334,283.0,-0.008174386920981238
m1,m1_paper_0,0,1,20250725,7,Y,insider,buyer,283.3,320.0,12,13,0.9166666666666666,290.0,0.1825613079019071
m1,m1_paper_0,0,1,20250725,7,Y,insider,buyer,283.3,320.0,13,13,1.0,290.0,0.1825613079019071
m1,m1_paper_0,0,1,20250725,8,Y,insider,seller,283.3,262.0,1,12,0.0,280.0,0.1549295774647892
m1,m1_paper_0,0,1,20250725,8,Y,insider,seller,283.3,262.0,2,12,0.09090909090909091,283.0,0.014084507042254047
m1,m1_paper_0,0,1,20250725,8,Y,insider,seller,283.3,262.0,3,12,0.18181818181818182,283.0,0.014084507042254047
m1,m1_paper_0,0,1,20250725,8,Y,insider,seller,283.3,262.0,4,12,0.2727272727272727,283.0,0.014084507042254047
m1,m1_paper_0,0,1,20250725,8,Y,insider,seller,283.3,262.0,5,12,0.36363636363636365,283.0,0.014084507042254047
m1,m1_paper_0,0,1,20250725,8,Y,insider,seller,283.3,262.0,6,12,0.45454545454545453,283.0,0.014084507042254047
m1,m1_paper_0,0,1,20250725,8,Y,insider,seller,283.3,262.0,7,12,0.5454545454545454,283.0,0.014084507042254047
m1,m1_paper_0,0,1,20250725,8,Y,insider,seller,283.3,262.0,8,12,0.6363636363636364,283.0,0.014084507042254047
m1,m1_paper_0,0,1,20250725,8,Y,insider,seller,283.3,262.0,9,12,0.7272727272727273,283.0,0.014084507042254047
m1,m1_paper_0,0,1,20250725,8,Y,insider,seller,283.3,262.0,10,12,0.8181818181818182,282.0,0.06103286384976576
m1,m1_paper_0,0,1,20250725,8,Y,insider,seller,283.3,262.0,11,12,0.9090909090909091,282.0,0.06103286384976576
m1,m1_paper_0,0,1,20250725,8,Y,insider,seller,283.3,262.0,12,12,1.0,282.0,0.06103286384976576
m1,m1_paper_1,0,1,20250726,5,Y,insider,buyer,283.3,320.0,1,15,0.0,278.0,-0.14441416893733006
m1,m1_paper_1,0,1,20250726,5,Y,insider,buyer,283.3,320.0,2,15,0.07142857142857142,280.0,-0.08991825613079053
m1,m1_paper_1,0,1,20250726,5,Y,insider,buyer,283.3,320.0,3,15,0.14285714285714285,280.0,-0.08991825613079053
m1,m1_paper_1,0,1,20250726,5,Y,insider,buyer,283.3,320.0,4,15,0.21428571428571427,280.0,-0.08991825613079053
m1,m1_paper_1,0,1,20250726,5,Y,insider,buyer,283.3,320.0,5,15,0.2857142857142857,280.0,-0.08991825613079053
m1,m1_paper_1,0,1,20250726,5,Y,insider,buyer,283.3,320.0,6,15,0.35714285714285715,285.0,0.04632152588555829
m1,m1_paper_1,0,1,20250726,5,Y,insider,buyer,283.3,320.0,7,15,0.42857142857142855,285.0,0.04632152588555829
m1,m1_paper_1,0,1,20250726,5,Y,insider,buyer,283.3,320.0,8,15,0.5,285.0,0.04632152588555829
m1,m1_paper_1,0,1,20250726,5,Y,insider,buyer,283.3,320.0,9,15,0.5714285714285714,285.0,0.04632152588555829
m1,m1_paper_1,0,1,20250726,5,Y,insider,buyer,283.3,320.0,10,15,0.6428571428571429,285.0,0.04632152588555829
m1,m1_paper_1,0,1,20250726,5,Y,insider,buyer,283.3,320.0,11,15,0.7142857142857143,285.0,0.04632152588555829
m1,m1_paper_1,0,1,20250726,5,Y,insider,buyer,283.3,320.0,12,15,0.7857142857142857,285.0,0.04632152588555829
m1,m1_paper_1,0,1,20250726,5,Y,insider,buyer,283.3,320.0,13,15,0.8571428571428571,285.0,0.04632152588555829
m1,m1_paper_1,0,1,20250726,5,Y,insider,buyer,283.3,320.0,14,15,0.9285714285714286,285.0,0.04632152588555829
m1,m1_paper_1,0,1,20250726,5,Y,insider,buyer,283.3,320.0,15,15,1.0,285.0,0.04632152588555829
m1,m1_paper_1,0,1,20250726,6,X,insider,seller,283.3,272.0,1,15,0.0,250.0,2.946902654867255
m1,m1_paper_1,0,1,20250726,6,X,insider,seller,283.3,272.0,2,15,0.07142857142857142,250.0,2.946902654867255
m1,m1_paper_1,0,1,20250726,6,X,insider,seller,283.3,272.0,3,15,0.14285714285714285,250.0,2.946902654867255
m1,m1_paper_1,0,1,20250726,6,X,insider,seller,283.3,272.0,4,15,0.21428571428571427,250.0,2.946902654867255
m1,m1_paper_1,0,1,20250726,6,X,insider,seller,283.3,272.0,5,15,0.2857142857142857,250.0,2.946902654867255
m1,m1_paper_1,0,1,20250726,6,X,insider,seller,283.3,272.0,6,15,0.35714285714285715,250.0,2.946902654867255
m1,m1_paper_1,0,1,20250726,6,X,insider,seller,283.3,272.0,7,15,0.42857142857142855,250.0,2.946902654867255
m1,m1_paper_1,0,1,20250726,6,X,insider,seller,283.3,272.0,8,15,0.5,250.0,2.946902654867255
m1,m1_paper_1,0,1,20250726,6,X,insider,seller,283.3,272.0,9,15,0.5714285714285714,250.0,2.946902654867255
m1,m1_paper_1,0,1,20250726,6,X,insider,seller,283.3,272.0,10,15,0.6428571428571429,251.0,2.8584070796460157
m1,m1_paper_1,0,1,20250726,6,X,insider,seller,283.3,272.0,11,15,0.7142857142857143,251.0,2.8584070796460157
m1,m1_paper_1,0,1,20250726,6,X,insider,seller,283.3,272.0,12,15,0.7857142857142857,251.0,2.8584070796460157
m1,m1_paper_1,0,1,20250726,6,X,insider,seller,283.3,272.0,13,15,0.8571428571428571,251.0,2.8584070796460157
m1,m1_paper_1,0,1,20250726,6,X,insider,seller,283.3,272.0,14,15,0.9285714285714286,251.0,2.8584070796460157
m1,m1_paper_1,0,1,20250726,6,X,insider,seller,283.3,272.0,15,15,1.0,252.0,2.769911504424777
m1,m1_paper_1,0,1,20250726,7,Y,insider,buyer,283.3,320.0,1,13,0.0,300.0,0.45504087193460474
m1,m1_paper_1,0,1,20250726,7,Y,insider,buyer,283.3,320.0,2,13,0.08333333333333333,300.0,0.45504087193460474
m1,m1_paper_1,0,1,20250726,7,Y,insider,buyer,283.3,320.0,3,13,0.16666666666666666,300.0,0.45504087193460474
m1,m1_paper_1,0,1,20250726,7,Y,insider,buyer,283.3,320.0,4,13,0.25,300.0,0.45504087193460474
m1,m1_paper_1,0,1,20250726,7,Y,insider,buyer,283.3,320.0,5,13,0.3333333333333333,299.0,0.42779291553133497
m1,m1_paper_1,0,1,20250726,7,Y,insider,buyer,283.3,320.0,6,13,0.4166666666666667,299.0,0.42779291553133497
m1,m1_paper_1,0,1,20250726,7,Y,insider,buyer,283.3,320.0,7,13,0.5,299.0,0.42779291553133497
m1,m1_paper_1,0,1,20250726,7,Y,insider,buyer,283.3,320.0,8,13,0.5833333333333334,299.0,0.42779291553133497
m1,m1_paper_1,0,1,20250726,7,Y,insider,buyer,283.3,320.0,9,13,0.6666666666666666,300.0,0.45504087193460474
m1,m1_paper_1,0,1,20250726,7,Y,insider,buyer,283.3,320.0,10,13,0.75,300.0,0.45504087193460474
m1,m1_paper_1,0,1,20250726,7,Y,insider,buyer,283.3,320.0,11,13,0.8333333333333334,300.0,0.45504087193460474
m1,m1_paper_1,0,1,20250726,7,Y,insider,buyer,283.3,320.0,12,13,0.9166666666666666,299.0,0.42779291553133497
m1,m1_paper_1,0,1,20250726,7,Y,insider,buyer,283.3,320.0,13,13,1.0,299.0,0.42779291553133497
m1,m1_paper_1,0,1,20250726,8,Y,insider,seller,283.3,262.0,1,11,0.0,280.0,0.1549295774647892
m1,m1_paper_1,0,1,20250726,8,Y,insider,seller,283.3,262.0,2,11,0.1,280.0,0.1549295774647892
m1,m1_paper_1,0,1,20250726,8,Y,insider,seller,283.3,262.0,3,11,0.2,280.0,0.1549295774647892
m1,m1_paper_1,0,1,20250726,8,Y,insider,seller,283.3,262.0,4,11,0.3,280.0,0.1549295774647892
m1,m1_paper_1,0,1,20250726,8,Y,insider,seller,283.3,262.0,5,11,0.4,280.0,0.1549295774647892
m1,m1_paper_1,0,1,20250726,8,Y,insider,seller,283.3,262.0,6,11,0.5,280.0,0.1549295774647892
m1,m1_paper_1,0,1,20250726,8,Y,insider,seller,283.3,262.0,7,11,0.6,280.0,0.1549295774647892
m1,m1_paper_1,0,1,20250726,8,Y,insider,seller,283.3,262.0,8,11,0.7,280.0,0.1549295774647892
m1,m1_paper_1,0,1,20250726,8,Y,insider,seller,283.3,262.0,9,11,0.8,280.0,0.1549295774647892
m1,m1_paper_1,0,1,20250726,8,Y,insider,seller,283.3,262.0,10,11,0.9,280.0,0.1549295774647892
m1,m1_paper_1,0,1,20250726,8,Y,insider,seller,283.3,262.0,11,11,1.0,280.0,0.1549295774647892
m1,m1_random_0,0,1,20250727,5,X,insider,seller,283.3,272.0,1,14,0.0,270.0,1.1769911504424777
m1,m1_random_0,0,1,20250727,5,X,insider,seller,283.3,272.0,2,14,0.07692307692307693,270.0,1.1769911504424777
m1,m1_random_0,0,1,20250727,5,X,insider,seller,283.3,272.0,3,14,0.15384615384615385,270.0,1.1769911504424777
m1,m1_random_0,0,1,20250727,5,X,insider,seller,283.3,272.0,4,14,0.23076923076923078,271.0,1.0884955752212389
m1,m1_random_0,0,1,20250727,5,X,insider,seller,283.3,272.0,5,14,0.3076923076923077,270.0,1.1769911504424777
m1,m1_random_0,0,1,20250727,5,X,insider,seller,283.3,272.0,6,14,0.38461538461538464,275.0,0.7345132743362834
m1,m1_random_0,0,1,20250727,5,X,insider,seller,283.3,272.0,7,14,0.46153846153846156,275.0,0.7345132743362834
m1,m1_random_0,0,1,20250727,5,X,insider,seller,283.3,272.0,8,14,0.5384615384615384,276.0,0.6460176991150446
m1,m1_random_0,0,1,20250727,5,X,insider,seller,283.3,272.0,9,14,0.6153846153846154,276.0,0.6460176991150446
m1,m1_random_0,0,1,20250727,5,X,insider,seller,283.3,272.0,10,14,0.6923076923076923,276.0,0.6460176991150446
m1,m1_random_0,0,1,20250727,5,X,insider,seller,283.3,272.0,11,14,0.7692307692307693,276.0,0.6460176991150446
m1,m1_random_0,0,1,20250727,5,X,insider,seller,283.3,272.0,12,14,0.8461538461538461,275.0,0.7345132743362834
m1,m1_random_0,0,1,20250727,5,X,insider,seller,283.3,272.0,13,14,0.9230769230769231,280.0,0.2920353982300892
m1,m1_random_0,0,1,20250727,5,X,insider,seller,283.3,272.0,14,14,1.0,279.0,0.3805309734513281
m1,m1_random_0,0,1,20250727,6,Y,insider,buyer,283.3,338.0,1,10,0.0,150.0,-2.43692870201097
m1,m1_random_0,0,1,20250727,6,Y,insider,buyer,283.3,338.0,2,10,0.1111111111111111,280.0,-0.060329067641682124
m1,m1_random_0,0,1,20250727,6,Y,insider,buyer,283.3,338.0,3,10,0.2222222222222222,250.0,-0.6087751371115177
m1,m1_random_0,0,1,20250727,6,Y,insider,buyer,283.3,338.0,4,10,0.3333333333333333,280.0,-0.060329067641682124
m1,m1_random_0,0,1,20250727,6,Y,insider,buyer,283.3,338.0,5,10,0.4444444444444444,280.0,-0.060329067641682124
m1,m1_random_0,0,1,20250727,6,Y,insider,buyer,283.3,338.0,6,10,0.5555555555555556,280.0,-0.060329067641682124
m1,m1_random_0,0,1,20250727,6,Y,insider,buyer,283.3,338.0,7,10,0.6666666666666666,280.0,-0.060329067641682124
m1,m1_random_0,0,1,20250727,6,Y,insider,buyer,283.3,338.0,8,10,0.7777777777777778,270.0,-0.24314442413162732
m1,m1_random_0,0,1,20250727,6,Y,insider,buyer,283.3,338.0,9,10,0.8888888888888888,270.0,-0.24314442413162732
m1,m1_random_0,0,1,20250727,6,Y,insider,buyer,283.3,338.0,10,10,1.0,250.0,-0.6087751371115177
m1,m1_random_0,0,1,20250727,7,Y,insider,buyer,283.3,320.0,1,16,0.0,300.0,0.45504087193460474
m1,m1_random_0,0,1,20250727,7,Y,insider,buyer,283.3,320.0,2,16,0.06666666666666667,300.0,0.45504087193460474
m1,m1_random_0,0,1,20250727,7,Y,insider,buyer,283.3,320.0,3,16,0.13333333333333333,300.0,0.45504087193460474
m1,m1_random_0,0,1,20250727,7,Y,insider,buyer,283.3,320.0,4,16,0.2,300.0,0.45504087193460474
m1,m1_random_0,0,1,20250727,7,Y,insider,buyer,283.3,320.0,5,16,0.26666666666666666,300.0,0.45504087193460474
m1,m1_random_0,0,1,20250727,7,Y,insider,buyer,283.3,320.0,6,16,0.3333333333333333,300.0,0.45504087193460474
m1,m1_random_0,0,1,20250727,7,Y,insider,buyer,283.3,320.0,7,16,0.4,300.0,0.45504087193460474
m1,m1_random_0,0,1,20250727,7,Y,insider,buyer,283.3,320.0,8,16,0.4666666666666667,300.0,0.45504087193460474
m1,m1_random_0,0,1,20250727,7,Y,insider,buyer,283.3,320.0,9,16,0.5333333333333333,300.0,0.45504087193460474
m1,m1_random_0,0,1,20250727,7,Y,insider,buyer,283.3,320.0,10,16,0.6,300.0,0.45504087193460474
m1,m1_random_0,0,1,20250727,7,Y,insider,buyer,283.3,320.0,11,16,0.6666666666666666,300.0,0.45504087193460474
m1,m1_random_0,0,1,20250727,7,Y,insider,buyer,283.3,320.0,12,16,0.7333333333333333,300.0,0.45504087193460474
m1,m1_random_0,0,1,20250727,7,Y,insider,buyer,283.3,320.0,13,16,0.8,300.0,0.45504087193460474
m1,m1_random_0,0,1,20250727,7,Y,insider,buyer,283.3,320.0,14,16,0.8666666666666667,300.0,0.45504087193460474
m1,m1_random_0,0,1,20250727,7,Y,insider,buyer,283.3,320.0,15,16,0.9333333333333333,200.0,-2.269754768392372
m1,m1_random_0,0,1,20250727,7,Y,insider,buyer,283.3,320.0,16,16,1.0,200.0,-2.269754768392372
m1,m1_random_0,0,1,20250727,8,Y,insider,buyer,283.3,320.0,1,6,0.0,200.0,-2.269754768392372
m1,m1_random_0,0,1,20250727,8,Y,insider,buyer,283.3,320.0,2,6,0.2,200.0,-2.269754768392372
m1,m1_random_0,0,1,20250727,8,Y,insider,buyer,283.3,320.0,3,6,0.4,200.0,-2.269754768392372
m1,m1_random_0,0,1,20250727,8,Y,insider,buyer,283.3,320.0,4,6,0.6,200.0,-2.269754768392372
m1,m1_random_0,0,1,20250727,8,Y,insider,buyer,283.3,320.0,5,6,0.8,200.0,-2.269754768392372
m1,m1_random_0,0,1,20250727,8,Y,insider,buyer,283.3,320.0,6,6,1.0,200.0,-2.269754768392372
m1,m1_random_1,0,1,20250728,5,X,insider,seller,283.3,272.0,1,11,0.0,250.0,2.946902654867255
m1,m1_random_1,0,1,20250728,5,X,insider,seller,283.3,272.0,2,11,0.1,270.0,1.1769911504424777
m1,m1_random_1,0,1,20250728,5,X,insider,seller,283.3,272.0,3,11,0.2,270.0,1.1769911504424777
m1,m1_random_1,0,1,20250728,5,X,insider,seller,283.3,272.0,4,11,0.3,270.0,1.1769911504424777
m1,m1_random_1,0,1,20250728,5,X,insider,seller,283.3,272.0,5,11,0.4,270.0,1.1769911504424777
m1,m1_random_1,0,1,20250728,5,X,insider,seller,283.3,272.0,6,11,0.5,271.0,1.0884955752212389
m1,m1_random_1,0,1,20250728,5,X,insider,seller,283.3,272.0,7,11,0.6,271.0,1.0884955752212389
m1,m1_random_1,0,1,20250728,5,X,insider,seller,283.3,272.0,8,11,0.7,272.0,1.0
m1,m1_random_1,0,1,20250728,5,X,insider,seller,283.3,272.0,9,11,0.8,273.0,0.9115044247787611
m1,m1_random_1,0,1,20250728,5,X,insider,seller,283.3,272.0,10,11,0.9,274.0,0.8230088495575223
m1,m1_random_1,0,1,20250728,5,X,insider,seller,283.3,272.0,11,11,1.0,275.0,0.7345132743362834
m1,m1_random_1,0,1,20250728,6,Y,insider,buyer,283.3,345.0,1,19,0.0,250.0,-0.5397082658022694
m1,m1_random_1,0,1,20250728,6,Y,insider,buyer,283.3,345.0,2,19,0.05555555555555555,260.0,-0.37763371150729363
m1,m1_random_1,0,1,20250728,6,Y,insider,buyer,283.3,345.0,3,19,0.1111111111111111,270.0,-0.2155591572123179
m1,m1_random_1,0,1,20250728,6,Y,insider,buyer,283.3,345.0,4,19,0.16666666666666666,280.0,-0.053484602917342174
m1,m1_random_1,0,1,20250728,6,Y,insider,buyer,283.3,345.0,5,19,0.2222222222222222,280.0,-0.053484602917342174
m1,m1_random_1,0,1,20250728,6,Y,insider,buyer,283.3,345.0,6,19,0.2777777777777778,290.0,0.10858995137763355
m1,m1_random_1,0,1,20250728,6,Y,insider,buyer,283.3,345.0,7,19,0.3333333333333333,290.0,0.10858995137763355
m1,m1_random_1,0,1,20250728,6,Y,insider,buyer,283.3,345.0,8,19,0.3888888888888889,300.0,0.27066450567260925
m1,m1_random_1,0,1,20250728,6,Y,insider,buyer,283.3,345.0,9,19,0.4444444444444444,300.0,0.27066450567260925
m1,m1_random_1,0,1,20250728,6,Y,insider,buyer,283.3,345.0,10,19,0.5,300.0,0.27066450567260925
m1,m1_random_1,0,1,20250728,6,Y,insider,buyer,283.3,345.0,11,19,0.5555555555555556,305.0,0.3517017828200971
m1,m1_random_1,0,1,20250728,6,Y,insider,buyer,283.3,345.0,12,19,0.6111111111111112,305.0,0.3517017828200971
m1,m1_random_1,0,1,20250728,6,Y,insider,buyer,283.3,345.0,13,19,0.6666666666666666,300.0,0.27066450567260925
m1,m1_random_1,0,1,20250728,6,Y,insider,buyer,283.3,345.0,14,19,0.7222222222222222,305.0,0.3517017828200971
m1,m1_random_1,0,1,20250728,6,Y,insider,buyer,283.3,345.0,15,19,0.7777777777777778,300.0,0.27066450567260925
m1,m1_random_1,0,1,20250728,6,Y,insider,buyer,283.3,345.0,16,19,0.8333333333333334,310.0,0.432739059967585
m1,m1_random_1,0,1,20250728,6,Y,insider,buyer,283.3,345.0,17,19,0.8888888888888888,315.0,0.5137763371150729
m1,m1_random_1,0,1,20250728,6,Y,insider,buyer,283.3,345.0,18,19,0.9444444444444444,315.0,0.5137763371150729
m1,m1_random_1,0,1,20250728,6,Y,insider,buyer,283.3,345.0,19,19,1.0,315.0,0.5137763371150729
m1,m1_random_1,0,1,20250728,7,Y,insider,buyer,283.3,320.0,1,18,0.0,290.0,0.1825613079019071
m1,m1_random_1,0,1,20250728,7,Y,insider,buyer,283.3,320.0,2,18,0.058823529411764705,290.0,0.1825613079019071
m1,m1_random_1,0,1,20250728,7,Y,insider,buyer,283.3,320.0,3,18,0.11764705882352941,290.0,0.1825613079019071
m1,m1_random_1,0,1,20250728,7,Y,insider,buyer,283.3,320.0,4,18,0.17647058823529413,290.0,0.1825613079019071
m1,m1_random_1,0,1,20250728,7,Y,insider,buyer,283.3,320.0,5,18,0.23529411764705882,290.0,0.1825613079019071
m1,m1_random_1,0,1,20250728,7,Y,insider,buyer,283.3,320.0,6,18,0.29411764705882354,290.0,0.1825613079019071
m1,m1_random_1,0,1,20250728,7,Y,insider,buyer,283.3,320.0,7,18,0.35294117647058826,290.0,0.1825613079019071
m1,m1_random_1,0,1,20250728,7,Y,insider,buyer,283.3,320.0,8,18,0.4117647058823529,290.0,0.1825613079019071
m1,m1_random_1,0,1,20250728,7,Y,insider,buyer,283.3,320.0,9,18,0.47058823529411764,290.0,0.1825613079019071
m1,m1_random_1,0,1,20250728,7,Y,insider,buyer,283.3,320.0,10,18,0.5294117647058824,290.0,0.1825613079019071
m1,m1_random_1,0,1,20250728,7,Y,insider,buyer,283.3,320.0,11,18,0.5882352941176471,290.0,0.1825613079019071
m1,m1_random_1,0,1,20250728,7,Y,insider,buyer,283.3,320.0,12,18,0.6470588235294118,290.0,0.1825613079019071
m1,m1_random_1,0,1,20250728,7,Y,insider,buyer,283.3,320.0,13,18,0.7058823529411765,290.0,0.1825613079019071
m1,m1_random_1,0,1,20250728,7,Y,insider,buyer,283.3,320.0,14,18,0.7647058823529411,290.0,0.1825613079019071
m1,m1_random_1,0,1,20250728,7,Y,insider,buyer,283.3,320.0,15,18,0.8235294117647058,293.0,0.2643051771117164
m1,m1_random_1,0,1,20250728,7,Y,insider,buyer,283.3,320.0,16,18,0.8823529411764706,283.0,-0.008174386920981238
m1,m1_random_1,0,1,20250728,7,Y,insider,buyer,283.3,320.0,17,18,0.9411764705882353,290.0,0.1825613079019071
m1,m1_random_1,0,1,20250728,7,Y,insider,buyer,283.3,320.0,18,18,1.0,293.0,0.2643051771117164
m1,m1_random_1,0,1,20250728,8,X,insider,seller,283.3,262.0,1,13,0.0,250.0,1.5633802816901405
m1,m1_random_1,0,1,20250728,8,X,insider,seller,283.3,262.0,2,13,0.08333333333333333,260.0,1.0938967136150235
m1,m1_random_1,0,1,20250728,8,X,insider,seller,283.3,262.0,3,13,0.16666666666666666,280.0,0.1549295774647892
m1,m1_random_1,0,1,20250728,8,X,insider,seller,283.3,262.0,4,13,0.25,280.0,0.1549295774647892
m1,m1_random_1,0,1,20250728,8,X,insider,seller,283.3,262.0,5,13,0.3333333333333333,280.0,0.1549295774647892
m1,m1_random_1,0,1,20250728,8,X,insider,seller,283.3,262.0,6,13,0.4166666666666667,281.0,0.10798122065727747
m1,m1_random_1,0,1,20250728,8,X,insider,seller,283.3,262.0,7,13,0.5,282.0,0.06103286384976576
m1,m1_random_1,0,1,20250728,8,X,insider,seller,283.3,262.0,8,13,0.5833333333333334,283.0,0.014084507042254047
m1,m1_random_1,0,1,20250728,8,X,insider,seller,283.3,262.0,9,13,0.6666666666666666,283.0,0.014084507042254047
m1,m1_random_1,0,1,20250728,8,X,insider,seller,283.3,262.0,10,13,0.75,284.0,-0.03286384976525766
m1,m1_random_1,0,1,20250728,8,X,insider,seller,283.3,262.0,11,13,0.8333333333333334,280.0,0.1549295774647892
m1,m1_random_1,0,1,20250728,8,X,insider,seller,283.3,262.0,12,13,0.9166666666666666,280.0,0.1549295774647892
m1,m1_random_1,0,1,20250728,8,X,insider,seller,283.3,262.0,13,13,1.0,283.0,0.014084507042254047
m1,m1_random_2,0,1,20250729,5,Y,insider,buyer,283.3,320.0,1,15,0.0,280.0,-0.08991825613079053
m1,m1_random_2,0,1,20250729,5,Y,insider,buyer,283.3,320.0,2,15,0.07142857142857142,282.0,-0.035422343324251
m1,m1_random_2,0,1,20250729,5,Y,insider,buyer,283.3,320.0,3,15,0.14285714285714285,280.0,-0.08991825613079053
m1,m1_random_2,0,1,20250729,5,Y,insider,buyer,283.3,320.0,4,15,0.21428571428571427,283.0,-0.008174386920981238
m1,m1_random_2,0,1,20250729,5,Y,insider,buyer,283.3,320.0,5,15,0.2857142857142857,283.0,-0.008174386920981238
m1,m1_random_2,0,1,20250729,5,Y,insider,buyer,283.3,320.0,6,15,0.35714285714285715,284.0,0.019073569482288524
m1,m1_random_2,0,1,20250729,5,Y,insider,buyer,283.3,320.0,7,15,0.42857142857142855,284.0,0.019073569482288524
m1,m1_random_2,0,1,20250729,5,Y,insider,buyer,283.3,320.0,8,15,0.5,285.0,0.04632152588555829
m1,m1_random_2,0,1,20250729,5,Y,insider,buyer,283.3,320.0,9,15,0.5714285714285714,284.0,0.019073569482288524
m1,m1_random_2,0,1,20250729,5,Y,insider,buyer,283.3,320.0,10,15,0.6428571428571429,285.0,0.04632152588555829
m1,m1_random_2,0,1,20250729,5,Y,insider,buyer,283.3,320.0,11,15,0.7142857142857143,286.0,0.07356948228882805
m1,m1_random_2,0,1,20250729,5,Y,insider,buyer,283.3,320.0,12,15,0.7857142857142857,287.0,0.10081743869209782
m1,m1_random_2,0,1,20250729,5,Y,insider,buyer,283.3,320.0,13,15,0.8571428571428571,287.0,0.10081743869209782
m1,m1_random_2,0,1,20250729,5,Y,insider,buyer,283.3,320.0,14,15,0.9285714285714286,287.0,0.10081743869209782
m1,m1_random_2,0,1,20250729,5,Y,insider,buyer,283.3,320.0,15,15,1.0,284.0,0.019073569482288524
m1,m1_random_2,0,1,20250729,6,Y,insider,buyer,283.3,286.0,1,12,0.0,270.0,-4.9259259259259505
m1,m1_random_2,0,1,20250729,6,Y,insider,buyer,283.3,286.0,2,12,0.09090909090909091,270.0,-4.9259259259259505
m1,m1_random_2,0,1,20250729,6,Y,insider,buyer,283.3,286.0,3,12,0.18181818181818182,270.0,-4.9259259259259505
m1,m1_random_2,0,1,20250729,6,Y,insider,buyer,283.3,286.0,4,12,0.2727272727272727,270.0,-4.9259259259259505
m1,m1_random_2,0,1,20250729,6,Y,insider,buyer,283.3,286.0,5,12,0.36363636363636365,270.0,-4.9259259259259505
m1,m1_random_2,0,1,20250729,6,Y,insider,buyer,283.3,286.0,6,12,0.45454545454545453,271.0,-4.555555555555579
m1,m1_random_2,0,1,20250729,6,Y,insider,buyer,283.3,286.0,7,12,0.5454545454545454,271.0,-4.555555555555579
m1,m1_random_2,0,1,20250729,6,Y,insider,buyer,283.3,286.0,8,12,0.6363636363636364,271.0,-4.555555555555579
m1,m1_random_2,0,1,20250729,6,Y,insider,buyer,283.3,286.0,9,12,0.7272727272727273,273.0,-3.8148148148148353
m1,m1_random_2,0,1,20250729,6,Y,insider,buyer,283.3,286.0,10,12,0.8181818181818182,273.0,-3.8148148148148353
m1,m1_random_2,0,1,20250729,6,Y,insider,buyer,283.3,286.0,11,12,0.9090909090909091,273.0,-3.8148148148148353
m1,m1_random_2,0,1,20250729,6,Y,insider,buyer,283.3,286.0,12,12,1.0,274.0,-3.4444444444444633
m1,m1_random_2,0,1,20250729,7,Y,insider,seller,283.3,262.0,1,11,0.0,265.0,0.8591549295774649
m1,m1_random_2,0,1,20250729,7,Y,insider,seller,283.3,262.0,2,11,0.1,266.0,0.8122065727699531
m1,m1_random_2,0,1,20250729,7,Y,insider,seller,283.3,262.0,3,11,0.2,267.0,0.7652582159624415
m1,m1_random_2,0,1,20250729,7,Y,insider,seller,283.3,262.0,4,11,0.3,270.0,0.6244131455399063
m1,m1_random_2,0,1,20250729,7,Y,insider,seller,283.3,262.0,5,11,0.4,270.0,0.6244131455399063
m1,m1_random_2,0,1,20250729,7,Y,insider,seller,283.3,262.0,6,11,0.5,271.0,0.5774647887323946
m1,m1_random_2,0,1,20250729,7,Y,insider,seller,283.3,262.0,7,11,0.6,272.0,0.5305164319248828
m1,m1_random_2,0,1,20250729,7,Y,insider,seller,283.3,262.0,8,11,0.7,273.0,0.48356807511737115
m1,m1_random_2,0,1,20250729,7,Y,insider,seller,283.3,262.0,9,11,0.8,270.0,0.6244131455399063
m1,m1_random_2,0,1,20250729,7,Y,insider,seller,283.3,262.0,10,11,0.9,271.0,0.5774647887323946
m1,m1_random_2,0,1,20250729,7,Y,insider,seller,283.3,262.0,11,11,1.0,272.0,0.5305164319248828
m1,m1_random_2,0,1,20250729,8,Y,insider,buyer,283.3,348.0,1,6,0.0,250.0,-0.5146831530139107
m1,m1_random_2,0,1,20250729,8,Y,insider,buyer,283.3,348.0,2,6,0.2,250.0,-0.5146831530139107
m1,m1_random_2,0,1,20250729,8,Y,insider,buyer,283.3,348.0,3,6,0.4,250.0,-0.5146831530139107
m1,m1_random_2,0,1,20250729,8,Y,insider,buyer,283.3,348.0,4,6,0.6,250.0,-0.5146831530139107
m1,m1_random_2,0,1,20250729,8,Y,insider,buyer,283.3,348.0,5,6,0.8,250.0,-0.5146831530139107
m1,m1_random_2,0,1,20250729,8,Y,insider,buyer,283.3,348.0,6,6,1.0,250.0,-0.5146831530139107
m2,m2_paper_0,0,2,20250735,7,X,insider,seller,266.7,240.0,1,22,0.0,200.0,2.4981273408239706
m2,m2_paper_0,0,2,20250735,7,X,insider,seller,266.7,240.0,2,22,0.047619047619047616,210.0,2.123595505617978
m2,m2_paper_0,0,2,20250735,7,X,insider,seller,266.7,240.0,3,22,0.09523809523809523,220.0,1.7490636704119853
m2,m2_paper_0,0,2,20250735,7,X,insider,seller,266.7,240.0,4,22,0.14285714285714285,230.0,1.3745318352059928
m2,m2_paper_0,0,2,20250735,7,X,insider,seller,266.7,240.0,5,22,0.19047619047619047,230.0,1.3745318352059928
m2,m2_paper_0,0,2,20250735,7,X,insider,seller,266.7,240.0,6,22,0.23809523809523808,230.0,1.3745318352059928
m2,m2_paper_0,0,2,20250735,7,X,insider,seller,266.7,240.0,7,22,0.2857142857142857,230.0,1.3745318352059928
m2,m2_paper_0,0,2,20250735,7,X,insider,seller,266.7,240.0,8,22,0.3333333333333333,230.0,1.3745318352059928
m2,m2_paper_0,0,2,20250735,7,X,insider,seller,266.7,240.0,9,22,0.38095238095238093,230.0,1.3745318352059928
m2,m2_paper_0,0,2,20250735,7,X,insider,seller,266.7,240.0,10,22,0.42857142857142855,231.0,1.3370786516853934
m2,m2_paper_0,0,2,20250735,7,X,insider,seller,266.7,240.0,11,22,0.47619047619047616,231.0,1.3370786516853934
m2,m2_paper_0,0,2,20250735,7,X,insider,seller,266.7,240.0,12,22,0.5238095238095238,232.0,1.299625468164794
m2,m2_paper_0,0,2,20250735,7,X,insider,seller,266.7,240.0,13,22,0.5714285714285714,232.0,1.299625468164794
m2,m2_paper_0,0,2,20250735,7,X,insider,seller,266.7,240.0,14,22,0.6190476190476191,190.0,2.872659176029963
m2,m2_paper_0,0,2,20250735,7,X,insider,seller,266.7,240.0,15,22,0.6666666666666666,190.0,2.872659176029963
m2,m2_paper_0,0,2,20250735,7,X,insider,seller,266.7,240.0,16,22,0.7142857142857143,190.0,2.872659176029963
m2,m2_paper_0,0,2,20250735,7,X,insider,seller,266.7,240.0,17,22,0.7619047619047619,190.0,2.872659176029963
m2,m2_paper_0,0,2,20250735,7,X,insider,seller,266.7,240.0,18,22,0.8095238095238095,200.0,2.4981273408239706
m2,m2_paper_0,0,2,20250735,7,X,insider,seller,266.7,240.0,19,22,0.8571428571428571,190.0,2.872659176029963
m2,m2_paper_0,0,2,20250735,7,X,insider,seller,266.7,240.0,20,22,0.9047619047619048,190.0,2.872659176029963
m2,m2_paper_0,0,2,20250735,7,X,insider,seller,266.7,240.0,21,22,0.9523809523809523,190.0,2.872659176029963
m2,m2_paper_0,0,2,20250735,7,X,insider,seller,266.7,240.0,22,22,1.0,197.0,2.6104868913857686
m2,m2_paper_0,0,2,20250735,8,Y,insider,buyer,266.7,350.0,1,24,0.0,290.0,0.2797118847539017
m2,m2_paper_0,0,2,20250735,8,Y,insider,buyer,266.7,350.0,2,24,0.043478260869565216,291.0,0.29171668667467
m2,m2_paper_0,0,2,20250735,8,Y,insider,buyer,266.7,350.0,3,24,0.08695652173913043,290.0,0.2797118847539017
m2,m2_paper_0,0,2,20250735,8,Y,insider,buyer,266.7,350.0,4,24,0.13043478260869565,292.0,0.3037214885954383
m2,m2_paper_0,0,2,20250735,8,Y,insider,buyer,266.7,350.0,5,24,0.17391304347826086,292.0,0.3037214885954383
m2,m2_paper_0,0,2,20250735,8,Y,insider,buyer,266.7,350.0,6,24,0.21739130434782608,292.0,0.3037214885954383
m2,m2_paper_0,0,2,20250735,8,Y,insider,buyer,266.7,350.0,7,24,0.2608695652173913,292.0,0.3037214885954383
m2,m2_paper_0,0,2,20250735,8,Y,insider,buyer,266.7,350.0,8,24,0.30434782608695654,295.0,0.3397358943577432
m2,m2_paper_0,0,2,20250735,8,Y,insider,buyer,266.7,350.0,9,24,0.34782608695652173,295.0,0.3397358943577432
m2,m2_paper_0,0,2,20250735,8,Y,insider,buyer,266.7,350.0,10,24,0.391304347826087,349.0,0.9879951980792316
m2,m2_paper_0,0,2,20250735,8,Y,insider,buyer,266.7,350.0,11,24,0.43478260869565216,349.0,0.9879951980792316
m2,m2_paper_0,0,2,20250735,8,Y,insider,buyer,266.7,350.0,12,24,0.4782608695652174,349.0,0.9879951980792316
m2,m2_paper_0,0,2,20250735,8,Y,insider,buyer,266.7,350.0,13,24,0.5217391304347826,349.0,0.9879951980792316
m2,m2_paper_0,0,2,20250735,8,Y,insider,buyer,266.7,350.0,14,24,0.5652173913043478,349.0,0.9879951980792316
m2,m2_paper_0,0,2,20250735,8,Y,insider,buyer,266.7,350.0,15,24,0.6086956521739131,349.0,0.9879951980792316
m2,m2_paper_0,0,2,20250735,8,Y,insider,buyer,266.7,350.0,16,24,0.6521739130434783,349.0,0.9879951980792316
m2,m2_paper_0,0,2,20250735,8,Y,insider,buyer,266.7,350.0,17,24,0.6956521739130435,349.0,0.9879951980792316
m2,m2_paper_0,0,2,20250735,8,Y,insider,buyer,266.7,350.0,18,24,0.7391304347826086,349.0,0.9879951980792316
m2,m2_paper_0,0,2,20250735,8,Y,insider,buyer,266.7,350.0,19,24,0.782608695652174,349.0,0.9879951980792316
m2,m2_paper_0,0,2,20250735,8,Y,insider,buyer,266.7,350.0,20,24,0.8260869565217391,349.0,0.9879951980792316
m2,m2_paper_0,0,2,20250735,8,Y,insider,buyer,266.7,350.0,21,24,0.8695652173913043,349.0,0.9879951980792316
m2,m2_paper_0,0,2,20250735,8,Y,insider,buyer,266.7,350.0,22,24,0.9130434782608695,349.0,0.9879951980792316
m2,m2_paper_0,0,2,20250735,8,Y,insider,buyer,266.7,350.0,23,24,0.9565217391304348,349.0,0.9879951980792316
m2,m2_paper_0,0,2,20250735,8,Y,insider,buyer,266.7,350.0,24,24,1.0,349.0,0.9879951980792316
m2,m2_paper_0,0,2,20250735,9,X,insider,seller,266.7,240.0,1,25,0.0,348.0,-3.044943820224721
m2,m2_paper_0,0,2,20250735,9,X,insider,seller,266.7,240.0,2,25,0.041666666666666664,348.0,-3.044943820224721
m2,m2_paper_0,0,2,20250735,9,X,insider,seller,266.7,240.0,3,25,0.08333333333333333,347.0,-3.0074906367041216
m2,m2_paper_0,0,2,20250735,9,X,insider,seller,266.7,240.0,4,25,0.125,347.0,-3.0074906367041216
m2,m2_paper_0,0,2,20250735,9,X,insider,seller,266.7,240.0,5,25,0.16666666666666666,347.0,-3.0074906367041216
m2,m2_paper_0,0,2,20250735,9,X,insider,seller,266.7,240.0,6,25,0.20833333333333334,347.0,-3.0074906367041216
m2,m2_paper_0,0,2,20250735,9,X,insider,seller,266.7,240.0,7,25,0.25,347.0,-3.0074906367041216
m2,m2_paper_0,0,2,20250735,9,X,insider,seller,266.7,240.0,8,25,0.2916666666666667,347.0,-3.0074906367041216
m2,m2_paper_0,0,2,20250735,9,X,insider,seller,266.7,240.0,9,25,0.3333333333333333,347.0,-3.0074906367041216
m2,m2_paper_0,0,2,20250735,9,X,insider,seller,266.7,240.0,10,25,0.375,347.0,-3.0074906367041216
m2,m2_paper_0,0,2,20250735,9,X,insider,seller,266.7,240.0,11,25,0.4166666666666667,347.0,-3.0074906367041216
m2,m2_paper_0,0,2,20250735,9,X,insider,seller,266.7,240.0,12,25,0.4583333333333333,346.0,-2.9700374531835223
m2,m2_paper_0,0,2,20250735,9,X,insider,seller,266.7,240.0,13,25,0.5,346.0,-2.9700374531835223
m2,m2_paper_0,0,2,20250735,9,X,insider,seller,266.7,240.0,14,25,0.5416666666666666,347.0,-3.0074906367041216
m2,m2_paper_0,0,2,20250735,9,X,insider,seller,266.7,240.0,15,25,0.5833333333333334,347.0,-3.0074906367041216
m2,m2_paper_0,0,2,20250735,9,X,insider,seller,266.7,240.0,16,25,0.625,348.0,-3.044943820224721
m2,m2_paper_0,0,2,20250735,9,X,insider,seller,266.7,240.0,17,25,0.6666666666666666,349.0,-3.08239700374532
m2,m2_paper_0,0,2,20250735,9,X,insider,seller,266.7,240.0,18,25,0.7083333333333334,348.0,-3.044943820224721
m2,m2_paper_0,0,2,20250735,9,X,insider,seller,266.7,240.0,19,25,0.75,199.0,2.53558052434457
m2,m2_paper_0,0,2,20250735,9,X,insider,seller,266.7,240.0,20,25,0.7916666666666666,239.0,1.0374531835205993
m2,m2_paper_0,0,2,20250735,9,X,insider,seller,266.7,240.0,21,25,0.8333333333333334,199.0,2.53558052434457
m2,m2_paper_0,0,2,20250735,9,X,insider,seller,266.7,240.0,22,25,0.875,240.0,1.0
m2,m2_paper_0,0,2,20250735,9,X,insider,seller,266.7,240.0,23,25,0.9166666666666666,240.0,1.0
m2,m2_paper_0,0,2,20250735,9,X,insider,seller,266.7,240.0,24,25,0.9583333333333334,240.0,1.0
m2,m2_paper_0,0,2,20250735,9,X,insider,seller,266.7,240.0,25,25,1.0,239.0,1.0374531835205993
m2,m2_paper_0,0,2,20250735,10,Y,insider,buyer,266.7,350.0,1,20,0.0,299.0,0.3877551020408164
m2,m2_paper_0,0,2,20250735,10,Y,insider,buyer,266.7,350.0,2,20,0.05263157894736842,299.0,0.3877551020408164
m2,m2_paper_0,0,2,20250735,10,Y,insider,buyer,266.7,350.0,3,20,0.10526315789473684,299.0,0.3877551020408164
m2,m2_paper_0,0,2,20250735,10,Y,insider,buyer,266.7,350.0,4,20,0.15789473684210525,299.0,0.3877551020408164
m2,m2_paper_0,0,2,20250735,10,Y,insider,buyer,266.7,350.0,5,20,0.21052631578947367,299.0,0.3877551020408164
m2,m2_paper_0,0,2,20250735,10,Y,insider,buyer,266.7,350.0,6,20,0.2631578947368421,299.0,0.3877551020408164
m2,m2_paper_0,0,2,20250735,10,Y,insider,buyer,266.7,350.0,7,20,0.3157894736842105,299.0,0.3877551020408164
m2,m2_paper_0,0,2,20250735,10,Y,insider,buyer,266.7,350.0,8,20,0.3684210526315789,299.0,0.3877551020408164
m2,m2_paper_0,0,2,20250735,10,Y,insider,buyer,266.7,350.0,9,20,0.42105263157894735,300.0,0.39975990396158473
m2,m2_paper_0,0,2,20250735,10,Y,insider,buyer,266.7,350.0,10,20,0.47368421052631576,300.0,0.39975990396158473
m2,m2_paper_0,0,2,20250735,10,Y,insider,buyer,266.7,350.0,11,20,0.5263157894736842,300.0,0.39975990396158473
m2,m2_paper_0,0,2,20250735,10,Y,insider,buyer,266.7,350.0,12,20,0.5789473684210527,300.0,0.39975990396158473
m2,m2_paper_0,0,2,20250735,10,Y,insider,buyer,266.7,350.0,13,20,0.631578947368421,300.0,0.39975990396158473
m2,m2_paper_0,0,2,20250735,10,Y,insider,buyer,266.7,350.0,14,20,0.6842105263157895,300.0,0.39975990396158473
m2,m2_paper_0,0,2,20250735,10,Y,insider,buyer,266.7,350.0,15,20,0.7368421052631579,299.0,0.3877551020408164
m2,m2_paper_0,0,2,20250735,10,Y,insider,buyer,266.7,350.0,16,20,0.7894736842105263,300.0,0.39975990396158473
m2,m2_paper_0,0,2,20250735,10,Y,insider,buyer,266.7,350.0,17,20,0.8421052631578947,300.0,0.39975990396158473
m2,m2_paper_0,0,2,20250735,10,Y,insider,buyer,266.7,350.0,18,20,0.8947368421052632,300.0,0.39975990396158473
m2,m2_paper_0,0,2,20250735,10,Y,insider,buyer,266.7,350.0,19,20,0.9473684210526315,300.0,0.39975990396158473
m2,m2_paper_0,0,2,20250735,10,Y,insider,buyer,266.7,350.0,20,20,1.0,300.0,0.39975990396158473
m2,m2_paper_0,0,2,20250735,11,Y,insider,buyer,266.7,350.0,1,21,0.0,299.0,0.3877551020408164
m2,m2_paper_0,0,2,20250735,11,Y,insider,buyer,266.7,350.0,2,21,0.05,301.0,0.41176470588235303
m2,m2_paper_0,0,2,20250735,11,Y,insider,buyer,266.7,350.0,3,21,0.1,301.0,0.41176470588235303
m2,m2_paper_0,0,2,20250735,11,Y,insider,buyer,266.7,350.0,4,21,0.15,299.0,0.3877551020408164
m2,m2_paper_0,0,2,20250735,11,Y,insider,buyer,266.7,350.0,5,21,0.2,299.0,0.3877551020408164
m2,m2_paper_0,0,2,20250735,11,Y,insider,buyer,266.7,350.0,6,21,0.25,299.0,0.3877551020408164
m2,m2_paper_0,0,2,20250735,11,Y,insider,buyer,266.7,350.0,7,21,0.3,299.0,0.3877551020408164
m2,m2_paper_0,0,2,20250735,11,Y,insider,buyer,266.7,350.0,8,21,0.35,300.0,0.39975990396158473
m2,m2_paper_0,0,2,20250735,11,Y,insider,buyer,266.7,350.0,9,21,0.4,300.0,0.39975990396158473
m2,m2_paper_0,0,2,20250735,11,Y,insider,buyer,266.7,350.0,10,21,0.45,300.0,0.39975990396158473
m2,m2_paper_0,0,2,20250735,11,Y,insider,buyer,266.7,350.0,11,21,0.5,300.0,0.39975990396158473
m2,m2_paper_0,0,2,20250735,11,Y,insider,buyer,266.7,350.0,12,21,0.55,300.0,0.39975990396158473
m2,m2_paper_0,0,2,20250735,11,Y,insider,buyer,266.7,350.0,13,21,0.6,300.0,0.39975990396158473
m2,m2_paper_0,0,2,20250735,11,Y,insider,buyer,266.7,350.0,14,21,0.65,301.0,0.41176470588235303
m2,m2_paper_0,0,2,20250735,11,Y,insider,buyer,266.7,350.0,15,21,0.7,301.0,0.41176470588235303
m2,m2_paper_0,0,2,20250735,11,Y,insider,buyer,266.7,350.0,16,21,0.75,302.0,0.42376950780312134
m2,m2_paper_0,0,2,20250735,11,Y,insider,buyer,266.7,350.0,17,21,0.8,301.0,0.41176470588235303
m2,m2_paper_0,0,2,20250735,11,Y,insider,buyer,266.7,350.0,18,21,0.85,301.0,0.41176470588235303
m2,m2_paper_0,0,2,20250735,11,Y,insider,buyer,266.7,350.0,19,21,0.9,301.0,0.41176470588235303
m2,m2_paper_0,0,2,20250735,11,Y,insider,buyer,266.7,350.0,20,21,0.95,301.0,0.41176470588235303
m2,m2_paper_0,0,2,20250735,11,Y,insider,buyer,266.7,350.0,21,21,1.0,301.0,0.41176470588235303
m2,m2_paper_1,0,2,20250736,7,X,insider,seller,266.7,240.0,1,13,0.0,180.0,3.247191011235956
m2,m2_paper_1,0,2,20250736,7,X,insider,seller,266.7,240.0,2,13,0.08333333333333333,180.0,3.247191011235956
m2,m2_paper_1,0,2,20250736,7,X,insider,seller,266.7,240.0,3,13,0.16666666666666666,180.0,3.247191011235956
m2,m2_paper_1,0,2,20250736,7,X,insider,seller,266.7,240.0,4,13,0.25,200.0,2.4981273408239706
m2,m2_paper_1,0,2,20250736,7,X,insider,seller,266.7,240.0,5,13,0.3333333333333333,200.0,2.4981273408239706
m2,m2_paper_1,0,2,20250736,7,X,insider,seller,266.7,240.0,6,13,0.4166666666666667,200.0,2.4981273408239706
m2,m2_paper_1,0,2,20250736,7,X,insider,seller,266.7,240.0,7,13,0.5,200.0,2.4981273408239706
m2,m2_paper_1,0,2,20250736,7,X,insider,seller,266.7,240.0,8,13,0.5833333333333334,192.0,2.797752808988765
m2,m2_paper_1,0,2,20250736,7,X,insider,seller,266.7,240.0,9,13,0.6666666666666666,192.0,2.797752808988765
m2,m2_paper_1,0,2,20250736,7,X,insider,seller,266.7,240.0,10,13,0.75,200.0,2.4981273408239706
m2,m2_paper_1,0,2,20250736,7,X,insider,seller,266.7,240.0,11,13,0.8333333333333334,194.0,2.722846441947566
m2,m2_paper_1,0,2,20250736,7,X,insider,seller,266.7,240.0,12,13,0.9166666666666666,194.0,2.722846441947566
m2,m2_paper_1,0,2,20250736,7,X,insider,seller,266.7,240.0,13,13,1.0,194.0,2.722846441947566
m2,m2_paper_1,0,2,20250736,8,Y,insider,buyer,266.7,350.0,1,22,0.0,300.0,0.39975990396158473
m2,m2_paper_1,0,2,20250736,8,Y,insider,buyer,266.7,350.0,2,22,0.047619047619047616,300.0,0.39975990396158473
m2,m2_paper_1,0,2,20250736,8,Y,insider,buyer,266.7,350.0,3,22,0.09523809523809523,300.0,0.39975990396158473
m2,m2_paper_1,0,2,20250736,8,Y,insider,buyer,266.7,350.0,4,22,0.14285714285714285,300.0,0.39975990396158473
m2,m2_paper_1,0,2,20250736,8,Y,insider,buyer,266.7,350.0,5,22,0.19047619047619047,300.0,0.39975990396158473
m2,m2_paper_1,0,2,20250736,8,Y,insider,buyer,266.7,350.0,6,22,0.23809523809523808,300.0,0.39975990396158473
m2,m2_paper_1,0,2,20250736,8,Y,insider,buyer,266.7,350.0,7,22,0.2857142857142857,310.0,0.5198079231692678
m2,m2_paper_1,0,2,20250736,8,Y,insider,buyer,266.7,350.0,8,22,0.3333333333333333,300.0,0.39975990396158473
m2,m2_paper_1,0,2,20250736,8,Y,insider,buyer,266.7,350.0,9,22,0.38095238095238093,310.0,0.5198079231692678
m2,m2_paper_1,0,2,20250736,8,Y,insider,buyer,266.7,350.0,10,22,0.42857142857142855,310.0,0.5198079231692678
m2,m2_paper_1,0,2,20250736,8,Y,insider,buyer,266.7,350.0,11,22,0.47619047619047616,310.0,0.5198079231692678
m2,m2_paper_1,0,2,20250736,8,Y,insider,buyer,266.7,350.0,12,22,0.5238095238095238,310.0,0.5198079231692678
m2,m2_paper_1,0,2,20250736,8,Y,insider,buyer,266.7,350.0,13,22,0.5714285714285714,200.0,-0.8007202881152459
m2,m2_paper_1,0,2,20250736,8,Y,insider,buyer,266.7,350.0,14,22,0.6190476190476191,180.0,-1.040816326530612
m2,m2_paper_1,0,2,20250736,8,Y,insider,buyer,266.7,350.0,15,22,0.6666666666666666,180.0,-1.040816326530612
m2,m2_paper_1,0,2,20250736,8,Y,insider,buyer,266.7,350.0,16,22,0.7142857142857143,175.0,-1.1008403361344534
m2,m2_paper_1,0,2,20250736,8,Y,insider,buyer,266.7,350.0,17,22,0.7619047619047619,175.0,-1.1008403361344534
m2,m2_paper_1,0,2,20250736,8,Y,insider,buyer,266.7,350.0,18,22,0.8095238095238095,175.0,-1.1008403361344534
m2,m2_paper_1,0,2,20250736,8,Y,insider,buyer,266.7,350.0,19,22,0.8571428571428571,175.0,-1.1008403361344534
m2,m2_paper_1,0,2,20250736,8,Y,insider,buyer,266.7,350.0,20,22,0.9047619047619048,175.0,-1.1008403361344534
m2,m2_paper_1,0,2,20250736,8,Y,insider,buyer,266.7,350.0,21,22,0.9523809523809523,175.0,-1.1008403361344534
m2,m2_paper_1,0,2,20250736,8,Y,insider,buyer,266.7,350.0,22,22,1.0,200.0,-0.8007202881152459
m2,m2_paper_1,0,2,20250736,9,X,insider,seller,266.7,240.0,1,16,0.0,150.0,4.370786516853934
m2,m2_paper_1,0,2,20250736,9,X,insider,seller,266.7,240.0,2,16,0.06666666666666667,150.0,4.370786516853934
m2,m2_paper_1,0,2,20250736,9,X,insider,seller,266.7,240.0,3,16,0.13333333333333333,150.0,4.370786516853934
m2,m2_paper_1,0,2,20250736,9,X,insider,seller,266.7,240.0,4,16,0.2,150.0,4.370786516853934
m2,m2_paper_1,0,2,20250736,9,X,insider,seller,266.7,240.0,5,16,0.26666666666666666,200.0,2.4981273408239706
m2,m2_paper_1,0,2,20250736,9,X,insider,seller,266.7,240.0,6,16,0.3333333333333333,200.0,2.4981273408239706
m2,m2_paper_1,0,2,20250736,9,X,insider,seller,266.7,240.0,7,16,0.4,200.0,2.4981273408239706
m2,m2_paper_1,0,2,20250736,9,X,insider,seller,266.7,240.0,8,16,0.4666666666666667,200.0,2.4981273408239706
m2,m2_paper_1,0,2,20250736,9,X,insider,seller,266.7,240.0,9,16,0.5333333333333333,200.0,2.4981273408239706
m2,m2_paper_1,0,2,20250736,9,X,insider,seller,266.7,240.0,10,16,0.6,200.0,2.4981273408239706
m2,m2_paper_1,0,2,20250736,9,X,insider,seller,266.7,240.0,11,16,0.6666666666666666,200.0,2.4981273408239706
m2,m2_paper_1,0,2,20250736,9,X,insider,seller,266.7,240.0,12,16,0.7333333333333333,200.0,2.4981273408239706
m2,m2_paper_1,0,2,20250736,9,X,insider,seller,266.7,240.0,13,16,0.8,199.0,2.53558052434457
m2,m2_paper_1,0,2,20250736,9,X,insider,seller,266.7,240.0,14,16,0.8666666666666667,200.0,2.4981273408239706
m2,m2_paper_1,0,2,20250736,9,X,insider,seller,266.7,240.0,15,16,0.9333333333333333,199.0,2.53558052434457
m2,m2_paper_1,0,2,20250736,9,X,insider,seller,266.7,240.0,16,16,1.0,200.0,2.4981273408239706
m2,m2_paper_1,0,2,20250736,10,Y,insider,buyer,266.7,350.0,1,19,0.0,250.0,-0.20048019207683057
m2,m2_paper_1,0,2,20250736,10,Y,insider,buyer,266.7,350.0,2,19,0.05555555555555555,250.0,-0.20048019207683057
m2,m2_paper_1,0,2,20250736,10,Y,insider,buyer,266.7,350.0,3,19,0.1111111111111111,250.0,-0.20048019207683057
m2,m2_paper_1,0,2,20250736,10,Y,insider,buyer,266.7,350.0,4,19,0.16666666666666666,250.0,-0.20048019207683057
m2,m2_paper_1,0,2,20250736,10,Y,insider,buyer,266.7,350.0,5,19,0.2222222222222222,250.0,-0.20048019207683057
m2,m2_paper_1,0,2,20250736,10,Y,insider,buyer,266.7,350.0,6,19,0.2777777777777778,250.0,-0.20048019207683057
m2,m2_paper_1,0,2,20250736,10,Y,insider,buyer,266.7,350.0,7,19,0.3333333333333333,170.0,-1.160864345738295
m2,m2_paper_1,0,2,20250736,10,Y,insider,buyer,266.7,350.0,8,19,0.3888888888888889,170.0,-1.160864345738295
m2,m2_paper_1,0,2,20250736,10,Y,insider,buyer,266.7,350.0,9,19,0.4444444444444444,260.0,-0.08043217286914751
m2,m2_paper_1,0,2,20250736,10,Y,insider,buyer,266.7,350.0,10,19,0.5,250.0,-0.20048019207683057
m2,m2_paper_1,0,2,20250736,10,Y,insider,buyer,266.7,350.0,11,19,0.5555555555555556,260.0,-0.08043217286914751
m2,m2_paper_1,0,2,20250736,10,Y,insider,buyer,266.7,350.0,12,19,0.6111111111111112,310.0,0.5198079231692678
m2,m2_paper_1,0,2,20250736,10,Y,insider,buyer,266.7,350.0,13,19,0.6666666666666666,310.0,0.5198079231692678
m2,m2_paper_1,0,2,20250736,10,Y,insider,buyer,266.7,350.0,14,19,0.7222222222222222,310.0,0.5198079231692678
m2,m2_paper_1,0,2,20250736,10,Y,insider,buyer,266.7,350.0,15,19,0.7777777777777778,310.0,0.5198079231692678
m2,m2_paper_1,0,2,20250736,10,Y,insider,buyer,266.7,350.0,16,19,0.8333333333333334,310.0,0.5198079231692678
m2,m2_paper_1,0,2,20250736,10,Y,insider,buyer,266.7,350.0,17,19,0.8888888888888888,200.0,-0.8007202881152459
m2,m2_paper_1,0,2,20250736,10,Y,insider,buyer,266.7,350.0,18,19,0.9444444444444444,200.0,-0.8007202881152459
m2,m2_paper_1,0,2,20250736,10,Y,insider,buyer,266.7,350.0,19,19,1.0,250.0,-0.20048019207683057
m2,m2_paper_1,0,2,20250736,11,Y,insider,buyer,266.7,350.0,1,20,0.0,250.0,-0.20048019207683057
m2,m2_paper_1,0,2,20250736,11,Y,insider,buyer,266.7,350.0,2,20,0.05263157894736842,250.0,-0.20048019207683057
m2,m2_paper_1,0,2,20250736,11,Y,insider,buyer,266.7,350.0,3,20,0.10526315789473684,250.0,-0.20048019207683057
m2,m2_paper_1,0,2,20250736,11,Y,insider,buyer,266.7,350.0,4,20,0.15789473684210525,250.0,-0.20048019207683057
m2,m2_paper_1,0,2,20250736,11,Y,insider,buyer,266.7,350.0,5,20,0.21052631578947367,300.0,0.39975990396158473
m2,m2_paper_1,0,2,20250736,11,Y,insider,buyer,266.7,350.0,6,20,0.2631578947368421,250.0,-0.20048019207683057
m2,m2_paper_1,0,2,20250736,11,Y,insider,buyer,266.7,350.0,7,20,0.3157894736842105,290.0,0.2797118847539017
m2,m2_paper_1,0,2,20250736,11,Y,insider,buyer,266.7,350.0,8,20,0.3684210526315789,290.0,0.2797118847539017
m2,m2_paper_1,0,2,20250736,11,Y,insider,buyer,266.7,350.0,9,20,0.42105263157894735,300.0,0.39975990396158473
m2,m2_paper_1,0,2,20250736,11,Y,insider,buyer,266.7,350.0,10,20,0.47368421052631576,300.0,0.39975990396158473
m2,m2_paper_1,0,2,20250736,11,Y,insider,buyer,266.7,350.0,11,20,0.5263157894736842,290.0,0.2797118847539017
m2,m2_paper_1,0,2,20250736,11,Y,insider,buyer,266.7,350.0,12,20,0.5789473684210527,174.0,-1.1128451380552218
m2,m2_paper_1,0,2,20250736,11,Y,insider,buyer,266.7,350.0,13,20,0.631578947368421,174.0,-1.1128451380552218
m2,m2_paper_1,0,2,20250736,11,Y,insider,buyer,266.7,350.0,14,20,0.6842105263157895,185.0,-0.9807923169267705
m2,m2_paper_1,0,2,20250736,11,Y,insider,buyer,266.7,350.0,15,20,0.7368421052631579,200.0,-0.8007202881152459
m2,m2_paper_1,0,2,20250736,11,Y,insider,buyer,266.7,350.0,16,20,0.7894736842105263,200.0,-0.8007202881152459
m2,m2_paper_1,0,2,20250736,11,Y,insider,buyer,266.7,350.0,17,20,0.8421052631578947,180.0,-1.040816326530612
m2,m2_paper_1,0,2,20250736,11,Y,insider,buyer,266.7,350.0,18,20,0.8947368421052632,210.0,-0.6806722689075628
m2,m2_paper_1,0,2,20250736,11,Y,insider,buyer,266.7,350.0,19,20,0.9473684210526315,210.0,-0.6806722689075628
m2,m2_paper_1,0,2,20250736,11,Y,insider,buyer,266.7,350.0,20,20,1.0,210.0,-0.6806722689075628
m2,m2_random_0,0,2,20250737,7,Y,insider,buyer,266.7,350.0,1,18,0.0,300.0,0.39975990396158473
m2,m2_random_0,0,2,20250737,7,Y,insider,buyer,266.7,350.0,2,18,0.058823529411764705,285.0,0.21968787515006014
m2,m2_random_0,0,2,20250737,7,Y,insider,buyer,266.7,350.0,3,18,0.11764705882352941,290.0,0.2797118847539017
m2,m2_random_0,0,2,20250737,7,Y,insider,buyer,266.7,350.0,4,18,0.17647058823529413,290.0,0.2797118847539017
m2,m2_random_0,0,2,20250737,7,Y,insider,buyer,266.7,350.0,5,18,0.23529411764705882,290.0,0.2797118847539017
m2,m2_random_0,0,2,20250737,7,Y,insider,buyer,266.7,350.0,6,18,0.29411764705882354,290.0,0.2797118847539017
m2,m2_random_0,0,2,20250737,7,Y,insider,buyer,266.7,350.0,7,18,0.35294117647058826,290.0,0.2797118847539017
m2,m2_random_0,0,2,20250737,7,Y,insider,buyer,266.7,350.0,8,18,0.4117647058823529,290.0,0.2797118847539017
m2,m2_random_0,0,2,20250737,7,Y,insider,buyer,266.7,350.0,9,18,0.47058823529411764,290.0,0.2797118847539017
m2,m2_random_0,0,2,20250737,7,Y,insider,buyer,266.7,350.0,10,18,0.5294117647058824,290.0,0.2797118847539017
m2,m2_random_0,0,2,20250737,7,Y,insider,buyer,266.7,350.0,11,18,0.5882352941176471,290.0,0.2797118847539017
m2,m2_random_0,0,2,20250737,7,Y,insider,buyer,266.7,350.0,12,18,0.6470588235294118,290.0,0.2797118847539017
m2,m2_random_0,0,2,20250737,7,Y,insider,buyer,266.7,350.0,13,18,0.7058823529411765,290.0,0.2797118847539017
m2,m2_random_0,0,2,20250737,7,Y,insider,buyer,266.7,350.0,14,18,0.7647058823529411,200.0,-0.8007202881152459
m2,m2_random_0,0,2,20250737,7,Y,insider,buyer,266.7,350.0,15,18,0.8235294117647058,200.0,-0.8007202881152459
m2,m2_random_0,0,2,20250737,7,Y,insider,buyer,266.7,350.0,16,18,0.8823529411764706,190.0,-0.9207683073229289
m2,m2_random_0,0,2,20250737,7,Y,insider,buyer,266.7,350.0,17,18,0.9411764705882353,200.0,-0.8007202881152459
m2,m2_random_0,0,2,20250737,7,Y,insider,buyer,266.7,350.0,18,18,1.0,200.0,-0.8007202881152459
m2,m2_random_0,0,2,20250737,8,X,insider,seller,266.7,240.0,1,23,0.0,250.0,0.6254681647940074
m2,m2_random_0,0,2,20250737,8,X,insider,seller,266.7,240.0,2,23,0.045454545454545456,250.0,0.6254681647940074
m2,m2_random_0,0,2,20250737,8,X,insider,seller,266.7,240.0,3,23,0.09090909090909091,250.0,0.6254681647940074
m2,m2_random_0,0,2,20250737,8,X,insider,seller,266.7,240.0,4,23,0.13636363636363635,297.0,-1.1348314606741583
m2,m2_random_0,0,2,20250737,8,X,insider,seller,266.7,240.0,5,23,0.18181818181818182,298.0,-1.1722846441947574
m2,m2_random_0,0,2,20250737,8,X,insider,seller,266.7,240.0,6,23,0.22727272727272727,299.0,-1.2097378277153568
m2,m2_random_0,0,2,20250737,8,X,insider,seller,266.7,240.0,7,23,0.2727272727272727,299.0,-1.2097378277153568
m2,m2_random_0,0,2,20250737,8,X,insider,seller,266.7,240.0,8,23,0.3181818181818182,300.0,-1.247191011235956
m2,m2_random_0,0,2,20250737,8,X,insider,seller,266.7,240.0,9,23,0.36363636363636365,299.0,-1.2097378277153568
m2,m2_random_0,0,2,20250737,8,X,insider,seller,266.7,240.0,10,23,0.4090909090909091,299.0,-1.2097378277153568
m2,m2_random_0,0,2,20250737,8,X,insider,seller,266.7,240.0,11,23,0.45454545454545453,299.0,-1.2097378277153568
m2,m2_random_0,0,2,20250737,8,X,insider,seller,266.7,240.0,12,23,0.5,299.0,-1.2097378277153568
m2,m2_random_0,0,2,20250737,8,X,insider,seller,266.7,240.0,13,23,0.5454545454545454,299.0,-1.2097378277153568
m2,m2_random_0,0,2,20250737,8,X,insider,seller,266.7,240.0,14,23,0.5909090909090909,300.0,-1.247191011235956
m2,m2_random_0,0,2,20250737,8,X,insider,seller,266.7,240.0,15,23,0.6363636363636364,300.0,-1.247191011235956
m2,m2_random_0,0,2,20250737,8,X,insider,seller,266.7,240.0,16,23,0.6818181818181818,300.0,-1.247191011235956
m2,m2_random_0,0,2,20250737,8,X,insider,seller,266.7,240.0,17,23,0.7272727272727273,300.0,-1.247191011235956
m2,m2_random_0,0,2,20250737,8,X,insider,seller,266.7,240.0,18,23,0.7727272727272727,300.0,-1.247191011235956
m2,m2_random_0,0,2,20250737,8,X,insider,seller,266.7,240.0,19,23,0.8181818181818182,239.0,1.0374531835205993
m2,m2_random_0,0,2,20250737,8,X,insider,seller,266.7,240.0,20,23,0.8636363636363636,199.0,2.53558052434457
m2,m2_random_0,0,2,20250737,8,X,insider,seller,266.7,240.0,21,23,0.9090909090909091,200.0,2.4981273408239706
m2,m2_random_0,0,2,20250737,8,X,insider,seller,266.7,240.0,22,23,0.9545454545454546,200.0,2.4981273408239706
m2,m2_random_0,0,2,20250737,8,X,insider,seller,266.7,240.0,23,23,1.0,200.0,2.4981273408239706
m2,m2_random_0,0,2,20250737,9,Y,insider,buyer,266.7,350.0,1,16,0.0,270.0,0.03961584633853554
m2,m2_random_0,0,2,20250737,9,Y,insider,buyer,266.7,350.0,2,16,0.06666666666666667,270.0,0.03961584633853554
m2,m2_random_0,0,2,20250737,9,Y,insider,buyer,266.7,350.0,3,16,0.13333333333333333,270.0,0.03961584633853554
m2,m2_random_0,0,2,20250737,9,Y,insider,buyer,266.7,350.0,4,16,0.2,270.0,0.03961584633853554
m2,m2_random_0,0,2,20250737,9,Y,insider,buyer,266.7,350.0,5,16,0.26666666666666666,270.0,0.03961584633853554
m2,m2_random_0,0,2,20250737,9,Y,insider,buyer,266.7,350.0,6,16,0.3333333333333333,270.0,0.03961584633853554
m2,m2_random_0,0,2,20250737,9,Y,insider,buyer,266.7,350.0,7,16,0.4,270.0,0.03961584633853554
m2,m2_random_0,0,2,20250737,9,Y,insider,buyer,266.7,350.0,8,16,0.4666666666666667,270.0,0.03961584633853554
m2,m2_random_0,0,2,20250737,9,Y,insider,buyer,266.7,350.0,9,16,0.5333333333333333,270.0,0.03961584633853554
m2,m2_random_0,0,2,20250737,9,Y,insider,buyer,266.7,350.0,10,16,0.6,270.0,0.03961584633853554
m2,m2_random_0,0,2,20250737,9,Y,insider,buyer,266.7,350.0,11,16,0.6666666666666666,270.0,0.03961584633853554
m2,m2_random_0,0,2,20250737,9,Y,insider,buyer,266.7,350.0,12,16,0.7333333333333333,270.0,0.03961584633853554
m2,m2_random_0,0,2,20250737,9,Y,insider,buyer,266.7,350.0,13,16,0.8,270.0,0.03961584633853554
m2,m2_random_0,0,2,20250737,9,Y,insider,buyer,266.7,350.0,14,16,0.8666666666666667,270.0,0.03961584633853554
m2,m2_random_0,0,2,20250737,9,Y,insider,buyer,266.7,350.0,15,16,0.9333333333333333,270.0,0.03961584633853554
m2,m2_random_0,0,2,20250737,9,Y,insider,buyer,266.7,350.0,16,16,1.0,270.0,0.03961584633853554
m2,m2_random_0,0,2,20250737,10,Y,insider,buyer,266.7,350.0,1,19,0.0,270.0,0.03961584633853554
m2,m2_random_0,0,2,20250737,10,Y,insider,buyer,266.7,350.0,2,19,0.05555555555555555,270.0,0.03961584633853554
m2,m2_random_0,0,2,20250737,10,Y,insider,buyer,266.7,350.0,3,19,0.1111111111111111,270.0,0.03961584633853554
m2,m2_random_0,0,2,20250737,10,Y,insider,buyer,266.7,350.0,4,19,0.16666666666666666,280.0,0.15966386554621861
m2,m2_random_0,0,2,20250737,10,Y,insider,buyer,266.7,350.0,5,19,0.2222222222222222,275.0,0.09963985594237708
m2,m2_random_0,0,2,20250737,10,Y,insider,buyer,266.7,350.0,6,19,0.2777777777777778,280.0,0.15966386554621861
m2,m2_random_0,0,2,20250737,10,Y,insider,buyer,266.7,350.0,7,19,0.3333333333333333,270.0,0.03961584633853554
m2,m2_random_0,0,2,20250737,10,Y,insider,buyer,266.7,350.0,8,19,0.3888888888888889,280.0,0.15966386554621861
m2,m2_random_0,0,2,20250737,10,Y,insider,buyer,266.7,350.0,9,19,0.4444444444444444,280.0,0.15966386554621861
m2,m2_random_0,0,2,20250737,10,Y,insider,buyer,266.7,350.0,10,19,0.5,280.0,0.15966386554621861
m2,m2_random_0,0,2,20250737,10,Y,insider,buyer,266.7,350.0,11,19,0.5555555555555556,280.0,0.15966386554621861
m2,m2_random_0,0,2,20250737,10,Y,insider,buyer,266.7,350.0,12,19,0.6111111111111112,280.0,0.15966386554621861
m2,m2_random_0,0,2,20250737,10,Y,insider,buyer,266.7,350.0,13,19,0.6666666666666666,280.0,0.15966386554621861
m2,m2_random_0,0,2,20250737,10,Y,insider,buyer,266.7,350.0,14,19,0.7222222222222222,280.0,0.15966386554621861
m2,m2_random_0,0,2,20250737,10,Y,insider,buyer,266.7,350.0,15,19,0.7777777777777778,270.0,0.03961584633853554
m2,m2_random_0,0,2,20250737,10,Y,insider,buyer,266.7,350.0,16,19,0.8333333333333334,300.0,0.39975990396158473
m2,m2_random_0,0,2,20250737,10,Y,insider,buyer,266.7,350.0,17,19,0.8888888888888888,310.0,0.5198079231692678
m2,m2_random_0,0,2,20250737,10,Y,insider,buyer,266.7,350.0,18,19,0.9444444444444444,310.0,0.5198079231692678
m2,m2_random_0,0,2,20250737,10,Y,insider,buyer,266.7,350.0,19,19,1.0,310.0,0.5198079231692678
m2,m2_random_0,0,2,20250737,11,Y,insider,buyer,266.7,350.0,1,20,0.0,295.0,0.3397358943577432
m2,m2_random_0,0,2,20250737,11,Y,insider,buyer,266.7,350.0,2,20,0.05263157894736842,300.0,0.39975990396158473
m2,m2_random_0,0,2,20250737,11,Y,insider,buyer,266.7,350.0,3,20,0.10526315789473684,300.0,0.39975990396158473
m2,m2_random_0,0,2,20250737,11,Y,insider,buyer,266.7,350.0,4,20,0.15789473684210525,300.0,0.39975990396158473
m2,m2_random_0,0,2,20250737,11,Y,insider,buyer,266.7,350.0,5,20,0.21052631578947367,305.0,0.45978391356542625
m2,m2_random_0,0,2,20250737,11,Y,insider,buyer,266.7,350.0,6,20,0.2631578947368421,300.0,0.39975990396158473
m2,m2_random_0,0,2,20250737,11,Y,insider,buyer,266.7,350.0,7,20,0.3157894736842105,300.0,0.39975990396158473
m2,m2_random_0,0,2,20250737,11,Y,insider,buyer,266.7,350.0,8,20,0.3684210526315789,300.0,0.39975990396158473
m2,m2_random_0,0,2,20250737,11,Y,insider,buyer,266.7,350.0,9,20,0.42105263157894735,299.0,0.3877551020408164
m2,m2_random_0,0,2,20250737,11,Y,insider,buyer,266.7,350.0,10,20,0.47368421052631576,280.0,0.15966386554621861
m2,m2_random_0,0,2,20250737,11,Y,insider,buyer,266.7,350.0,11,20,0.5263157894736842,175.0,-1.1008403361344534
m2,m2_random_0,0,2,20250737,11,Y,insider,buyer,266.7,350.0,12,20,0.5789473684210527,280.0,0.15966386554621861
m2,m2_random_0,0,2,20250737,11,Y,insider,buyer,266.7,350.0,13,20,0.631578947368421,280.0,0.15966386554621861
m2,m2_random_0,0,2,20250737,11,Y,insider,buyer,266.7,350.0,14,20,0.6842105263157895,250.0,-0.20048019207683057
m2,m2_random_0,0,2,20250737,11,Y,insider,buyer,266.7,350.0,15,20,0.7368421052631579,250.0,-0.20048019207683057
m2,m2_random_0,0,2,20250737,11,Y,insider,buyer,266.7,350.0,16,20,0.7894736842105263,250.0,-0.20048019207683057
m2,m2_random_0,0,2,20250737,11,Y,insider,buyer,266.7,350.0,17,20,0.8421052631578947,310.0,0.5198079231692678
m2,m2_random_0,0,2,20250737,11,Y,insider,buyer,266.7,350.0,18,20,0.8947368421052632,280.0,0.15966386554621861
m2,m2_random_0,0,2,20250737,11,Y,insider,buyer,266.7,350.0,19,20,0.9473684210526315,251.0,-0.18847539015606227
m2,m2_random_0,0,2,20250737,11,Y,insider,buyer,266.7,350.0,20,20,1.0,290.0,0.2797118847539017
m2,m2_random_1,0,2,20250738,7,X,insider,seller,266.7,240.0,1,16,0.0,294.0,-1.0224719101123605
m2,m2_random_1,0,2,20250738,7,X,insider,seller,266.7,240.0,2,16,0.06666666666666667,294.0,-1.0224719101123605
m2,m2_random_1,0,2,20250738,7,X,insider,seller,266.7,240.0,3,16,0.13333333333333333,294.0,-1.0224719101123605
m2,m2_random_1,0,2,20250738,7,X,insider,seller,266.7,240.0,4,16,0.2,292.0,-0.9475655430711619
m2,m2_random_1,0,2,20250738,7,X,insider,seller,266.7,240.0,5,16,0.26666666666666666,292.0,-0.9475655430711619
m2,m2_random_1,0,2,20250738,7,X,insider,seller,266.7,240.0,6,16,0.3333333333333333,291.0,-0.9101123595505626
m2,m2_random_1,0,2,20250738,7,X,insider,seller,266.7,240.0,7,16,0.4,291.0,-0.9101123595505626
m2,m2_random_1,0,2,20250738,7,X,insider,seller,266.7,240.0,8,16,0.4666666666666667,291.0,-0.9101123595505626
m2,m2_random_1,0,2,20250738,7,X,insider,seller,266.7,240.0,9,16,0.5333333333333333,291.0,-0.9101123595505626
m2,m2_random_1,0,2,20250738,7,X,insider,seller,266.7,240.0,10,16,0.6,291.0,-0.9101123595505626
m2,m2_random_1,0,2,20250738,7,X,insider,seller,266.7,240.0,11,16,0.6666666666666666,291.0,-0.9101123595505626
m2,m2_random_1,0,2,20250738,7,X,insider,seller,266.7,240.0,12,16,0.7333333333333333,291.0,-0.9101123595505626
m2,m2_random_1,0,2,20250738,7,X,insider,seller,266.7,240.0,13,16,0.8,291.0,-0.9101123595505626
m2,m2_random_1,0,2,20250738,7,X,insider,seller,266.7,240.0,14,16,0.8666666666666667,291.0,-0.9101123595505626
m2,m2_random_1,0,2,20250738,7,X,insider,seller,266.7,240.0,15,16,0.9333333333333333,291.0,-0.9101123595505626
m2,m2_random_1,0,2,20250738,7,X,insider,seller,266.7,240.0,16,16,1.0,290.0,-0.8726591760299633
m2,m2_random_1,0,2,20250738,8,Y,insider,buyer,266.7,350.0,1,21,0.0,250.0,-0.20048019207683057
m2,m2_random_1,0,2,20250738,8,Y,insider,buyer,266.7,350.0,2,21,0.05,300.0,0.39975990396158473
m2,m2_random_1,0,2,20250738,8,Y,insider,buyer,266.7,350.0,3,21,0.1,300.0,0.39975990396158473
m2,m2_random_1,0,2,20250738,8,Y,insider,buyer,266.7,350.0,4,21,0.15,320.0,0.6398559423769509
m2,m2_random_1,0,2,20250738,8,Y,insider,buyer,266.7,350.0,5,21,0.2,320.0,0.6398559423769509
m2,m2_random_1,0,2,20250738,8,Y,insider,buyer,266.7,350.0,6,21,0.25,315.0,0.5798319327731093
m2,m2_random_1,0,2,20250738,8,Y,insider,buyer,266.7,350.0,7,21,0.3,315.0,0.5798319327731093
m2,m2_random_1,0,2,20250738,8,Y,insider,buyer,266.7,350.0,8,21,0.35,315.0,0.5798319327731093
m2,m2_random_1,0,2,20250738,8,Y,insider,buyer,266.7,350.0,9,21,0.4,315.0,0.5798319327731093
m2,m2_random_1,0,2,20250738,8,Y,insider,buyer,266.7,350.0,10,21,0.45,315.0,0.5798319327731093
m2,m2_random_1,0,2,20250738,8,Y,insider,buyer,266.7,350.0,11,21,0.5,315.0,0.5798319327731093
m2,m2_random_1,0,2,20250738,8,Y,insider,buyer,266.7,350.0,12,21,0.55,315.0,0.5798319327731093
m2,m2_random_1,0,2,20250738,8,Y,insider,buyer,266.7,350.0,13,21,0.6,315.0,0.5798319327731093
m2,m2_random_1,0,2,20250738,8,Y,insider,buyer,266.7,350.0,14,21,0.65,315.0,0.5798319327731093
m2,m2_random_1,0,2,20250738,8,Y,insider,buyer,266.7,350.0,15,21,0.7,315.0,0.5798319327731093
m2,m2_random_1,0,2,20250738,8,Y,insider,buyer,266.7,350.0,16,21,0.75,315.0,0.5798319327731093
m2,m2_random_1,0,2,20250738,8,Y,insider,buyer,266.7,350.0,17,21,0.8,315.0,0.5798319327731093
m2,m2_random_1,0,2,20250738,8,Y,insider,buyer,266.7,350.0,18,21,0.85,315.0,0.5798319327731093
m2,m2_random_1,0,2,20250738,8,Y,insider,buyer,266.7,350.0,19,21,0.9,315.0,0.5798319327731093
m2,m2_random_1,0,2,20250738,8,Y,insider,buyer,266.7,350.0,20,21,0.95,315.0,0.5798319327731093
m2,m2_random_1,0,2,20250738,8,Y,insider,buyer,266.7,350.0,21,21,1.0,315.0,0.5798319327731093
m2,m2_random_1,0,2,20250738,9,Y,insider,buyer,266.7,350.0,1,19,0.0,300.0,0.39975990396158473
m2,m2_random_1,0,2,20250738,9,Y,insider,buyer,266.7,350.0,2,19,0.05555555555555555,305.0,0.45978391356542625
m2,m2_random_1,0,2,20250738,9,Y,insider,buyer,266.7,350.0,3,19,0.1111111111111111,305.0,0.45978391356542625
m2,m2_random_1,0,2,20250738,9,Y,insider,buyer,266.7,350.0,4,19,0.16666666666666666,310.0,0.5198079231692678
m2,m2_random_1,0,2,20250738,9,Y,insider,buyer,266.7,350.0,5,19,0.2222222222222222,310.0,0.5198079231692678
m2,m2_random_1,0,2,20250738,9,Y,insider,buyer,266.7,350.0,6,19,0.2777777777777778,330.0,0.7599039615846339
m2,m2_random_1,0,2,20250738,9,Y,insider,buyer,266.7,350.0,7,19,0.3333333333333333,335.0,0.8199279711884754
m2,m2_random_1,0,2,20250738,9,Y,insider,buyer,266.7,350.0,8,19,0.3888888888888889,335.0,0.8199279711884754
m2,m2_random_1,0,2,20250738,9,Y,insider,buyer,266.7,350.0,9,19,0.4444444444444444,335.0,0.8199279711884754
m2,m2_random_1,0,2,20250738,9,Y,insider,buyer,266.7,350.0,10,19,0.5,330.0,0.7599039615846339
m2,m2_random_1,0,2,20250738,9,Y,insider,buyer,266.7,350.0,11,19,0.5555555555555556,330.0,0.7599039615846339
m2,m2_random_1,0,2,20250738,9,Y,insider,buyer,266.7,350.0,12,19,0.6111111111111112,330.0,0.7599039615846339
m2,m2_random_1,0,2,20250738,9,Y,insider,buyer,266.7,350.0,13,19,0.6666666666666666,330.0,0.7599039615846339
m2,m2_random_1,0,2,20250738,9,Y,insider,buyer,266.7,350.0,14,19,0.7222222222222222,335.0,0.8199279711884754
m2,m2_random_1,0,2,20250738,9,Y,insider,buyer,266.7,350.0,15,19,0.7777777777777778,335.0,0.8199279711884754
m2,m2_random_1,0,2,20250738,9,Y,insider,buyer,266.7,350.0,16,19,0.8333333333333334,330.0,0.7599039615846339
m2,m2_random_1,0,2,20250738,9,Y,insider,buyer,266.7,350.0,17,19,0.8888888888888888,330.0,0.7599039615846339
m2,m2_random_1,0,2,20250738,9,Y,insider,buyer,266.7,350.0,18,19,0.9444444444444444,335.0,0.8199279711884754
m2,m2_random_1,0,2,20250738,9,Y,insider,buyer,266.7,350.0,19,19,1.0,330.0,0.7599039615846339
m2,m2_random_1,0,2,20250738,10,Y,insider,buyer,266.7,350.0,1,24,0.0,340.0,0.879951980792317
m2,m2_random_1,0,2,20250738,10,Y,insider,buyer,266.7,350.0,2,24,0.043478260869565216,340.0,0.879951980792317
m2,m2_random_1,0,2,20250738,10,Y,insider,buyer,266.7,350.0,3,24,0.08695652173913043,340.0,0.879951980792317
m2,m2_random_1,0,2,20250738,10,Y,insider,buyer,266.7,350.0,4,24,0.13043478260869565,340.0,0.879951980792317
m2,m2_random_1,0,2,20250738,10,Y,insider,buyer,266.7,350.0,5,24,0.17391304347826086,340.0,0.879951980792317
m2,m2_random_1,0,2,20250738,10,Y,insider,buyer,266.7,350.0,6,24,0.21739130434782608,340.0,0.879951980792317
m2,m2_random_1,0,2,20250738,10,Y,insider,buyer,266.7,350.0,7,24,0.2608695652173913,340.0,0.879951980792317
m2,m2_random_1,0,2,20250738,10,Y,insider,buyer,266.7,350.0,8,24,0.30434782608695654,340.0,0.879951980792317
m2,m2_random_1,0,2,20250738,10,Y,insider,buyer,266.7,350.0,9,24,0.34782608695652173,340.0,0.879951980792317
m2,m2_random_1,0,2,20250738,10,Y,insider,buyer,266.7,350.0,10,24,0.391304347826087,340.0,0.879951980792317
m2,m2_random_1,0,2,20250738,10,Y,insider,buyer,266.7,350.0,11,24,0.43478260869565216,340.0,0.879951980792317
m2,m2_random_1,0,2,20250738,10,Y,insider,buyer,266.7,350.0,12,24,0.4782608695652174,340.0,0.879951980792317
m2,m2_random_1,0,2,20250738,10,Y,insider,buyer,266.7,350.0,13,24,0.5217391304347826,340.0,0.879951980792317
m2,m2_random_1,0,2,20250738,10,Y,insider,buyer,266.7,350.0,14,24,0.5652173913043478,340.0,0.879951980792317
m2,m2_random_1,0,2,20250738,10,Y,insider,buyer,266.7,350.0,15,24,0.6086956521739131,345.0,0.9399759903961584
m2,m2_random_1,0,2,20250738,10,Y,insider,buyer,266.7,350.0,16,24,0.6521739130434783,340.0,0.879951980792317
m2,m2_random_1,0,2,20250738,10,Y,insider,buyer,266.7,350.0,17,24,0.6956521739130435,340.0,0.879951980792317
m2,m2_random_1,0,2,20250738,10,Y,insider,buyer,266.7,350.0,18,24,0.7391304347826086,340.0,0.879951980792317
m2,m2_random_1,0,2,20250738,10,Y,insider,buyer,266.7,350.0,19,24,0.782608695652174,282.0,0.18367346938775522
m2,m2_random_1,0,2,20250738,10,Y,insider,buyer,266.7,350.0,20,24,0.8260869565217391,281.0,0.17166866746698692
m2,m2_random_1,0,2,20250738,10,Y,insider,buyer,266.7,350.0,21,24,0.8695652173913043,349.0,0.9879951980792316
m2,m2_random_1,0,2,20250738,10,Y,insider,buyer,266.7,350.0,22,24,0.9130434782608695,345.0,0.9399759903961584
m2,m2_random_1,0,2,20250738,10,Y,insider,buyer,266.7,350.0,23,24,0.9565217391304348,291.0,0.29171668667467
m2,m2_random_1,0,2,20250738,10,Y,insider,buyer,266.7,350.0,24,24,1.0,292.0,0.3037214885954383
m2,m2_random_1,0,2,20250738,11,Y,insider,buyer,266.7,350.0,1,20,0.0,340.0,0.879951980792317
m2,m2_random_1,0,2,20250738,11,Y,insider,buyer,266.7,350.0,2,20,0.05263157894736842,340.0,0.879951980792317
m2,m2_random_1,0,2,20250738,11,Y,insider,buyer,266.7,350.0,3,20,0.10526315789473684,340.0,0.879951980792317
m2,m2_random_1,0,2,20250738,11,Y,insider,buyer,266.7,350.0,4,20,0.15789473684210525,250.0,-0.20048019207683057
m2,m2_random_1,0,2,20250738,11,Y,insider,buyer,266.7,350.0,5,20,0.21052631578947367,251.0,-0.18847539015606227
m2,m2_random_1,0,2,20250738,11,Y,insider,buyer,266.7,350.0,6,20,0.2631578947368421,340.0,0.879951980792317
m2,m2_random_1,0,2,20250738,11,Y,insider,buyer,266.7,350.0,7,20,0.3157894736842105,340.0,0.879951980792317
m2,m2_random_1,0,2,20250738,11,Y,insider,buyer,266.7,350.0,8,20,0.3684210526315789,340.0,0.879951980792317
m2,m2_random_1,0,2,20250738,11,Y,insider,buyer,266.7,350.0,9,20,0.42105263157894735,340.0,0.879951980792317
m2,m2_random_1,0,2,20250738,11,Y,insider,buyer,266.7,350.0,10,20,0.47368421052631576,340.0,0.879951980792317
m2,m2_random_1,0,2,20250738,11,Y,insider,buyer,266.7,350.0,11,20,0.5263157894736842,345.0,0.9399759903961584
m2,m2_random_1,0,2,20250738,11,Y,insider,buyer,266.7,350.0,12,20,0.5789473684210527,345.0,0.9399759903961584
m2,m2_random_1,0,2,20250738,11,Y,insider,buyer,266.7,350.0,13,20,0.631578947368421,345.0,0.9399759903961584
m2,m2_random_1,0,2,20250738,11,Y,insider,buyer,266.7,350.0,14,20,0.6842105263157895,345.0,0.9399759903961584
m2,m2_random_1,0,2,20250738,11,Y,insider,buyer,266.7,350.0,15,20,0.7368421052631579,345.0,0.9399759903961584
m2,m2_random_1,0,2,20250738,11,Y,insider,buyer,266.7,350.0,16,20,0.7894736842105263,345.0,0.9399759903961584
m2,m2_random_1,0,2,20250738,11,Y,insider,buyer,266.7,350.0,17,20,0.8421052631578947,345.0,0.9399759903961584
m2,m2_random_1,0,2,20250738,11,Y,insider,buyer,266.7,350.0,18,20,0.8947368421052632,345.0,0.9399759903961584
m2,m2_random_1,0,2,20250738,11,Y,insider,buyer,266.7,350.0,19,20,0.9473684210526315,345.0,0.9399759903961584
m2,m2_random_1,0,2,20250738,11,Y,insider,buyer,266.7,350.0,20,20,1.0,345.0,0.9399759903961584
m2,m2_random_2,0,2,20250739,7,X,insider,seller,266.7,240.0,1,24,0.0,200.0,2.4981273408239706
m2,m2_random_2,0,2,20250739,7,X,insider,seller,266.7,240.0,2,24,0.043478260869565216,210.0,2.123595505617978
m2,m2_random_2,0,2,20250739,7,X,insider,seller,266.7,240.0,3,24,0.08695652173913043,210.0,2.123595505617978
m2,m2_random_2,0,2,20250739,7,X,insider,seller,266.7,240.0,4,24,0.13043478260869565,210.0,2.123595505617978
m2,m2_random_2,0,2,20250739,7,X,insider,seller,266.7,240.0,5,24,0.17391304347826086,200.0,2.4981273408239706
m2,m2_random_2,0,2,20250739,7,X,insider,seller,266.7,240.0,6,24,0.21739130434782608,210.0,2.123595505617978
m2,m2_random_2,0,2,20250739,7,X,insider,seller,266.7,240.0,7,24,0.2608695652173913,210.0,2.123595505617978
m2,m2_random_2,0,2,20250739,7,X,insider,seller,266.7,240.0,8,24,0.30434782608695654,215.0,1.9363295880149816
m2,m2_random_2,0,2,20250739,7,X,insider,seller,266.7,240.0,9,24,0.34782608695652173,210.0,2.123595505617978
m2,m2_random_2,0,2,20250739,7,X,insider,seller,266.7,240.0,10,24,0.391304347826087,215.0,1.9363295880149816
m2,m2_random_2,0,2,20250739,7,X,insider,seller,266.7,240.0,11,24,0.43478260869565216,215.0,1.9363295880149816
m2,m2_random_2,0,2,20250739,7,X,insider,seller,266.7,240.0,12,24,0.4782608695652174,260.0,0.25093632958801465
m2,m2_random_2,0,2,20250739,7,X,insider,seller,266.7,240.0,13,24,0.5217391304347826,267.0,-0.011235955056180205
m2,m2_random_2,0,2,20250739,7,X,insider,seller,266.7,240.0,14,24,0.5652173913043478,267.0,-0.011235955056180205
m2,m2_random_2,0,2,20250739,7,X,insider,seller,266.7,240.0,15,24,0.6086956521739131,270.0,-0.12359550561797801
m2,m2_random_2,0,2,20250739,7,X,insider,seller,266.7,240.0,16,24,0.6521739130434783,270.0,-0.12359550561797801
m2,m2_random_2,0,2,20250739,7,X,insider,seller,266.7,240.0,17,24,0.6956521739130435,270.0,-0.12359550561797801
m2,m2_random_2,0,2,20250739,7,X,insider,seller,266.7,240.0,18,24,0.7391304347826086,230.0,1.3745318352059928
m2,m2_random_2,0,2,20250739,7,X,insider,seller,266.7,240.0,19,24,0.782608695652174,230.0,1.3745318352059928
m2,m2_random_2,0,2,20250739,7,X,insider,seller,266.7,240.0,20,24,0.8260869565217391,210.0,2.123595505617978
m2,m2_random_2,0,2,20250739,7,X,insider,seller,266.7,240.0,21,24,0.8695652173913043,260.0,0.25093632958801465
m2,m2_random_2,0,2,20250739,7,X,insider,seller,266.7,240.0,22,24,0.9130434782608695,215.0,1.9363295880149816
m2,m2_random_2,0,2,20250739,7,X,insider,seller,266.7,240.0,23,24,0.9565217391304348,215.0,1.9363295880149816
m2,m2_random_2,0,2,20250739,7,X,insider,seller,266.7,240.0,24,24,1.0,210.0,2.123595505617978
m2,m2_random_2,0,2,20250739,8,X,insider,seller,266.7,240.0,1,13,0.0,150.0,4.370786516853934
m2,m2_random_2,0,2,20250739,8,X,insider,seller,266.7,240.0,2,13,0.08333333333333333,200.0,2.4981273408239706
m2,m2_random_2,0,2,20250739,8,X,insider,seller,266.7,240.0,3,13,0.16666666666666666,150.0,4.370786516853934
m2,m2_random_2,0,2,20250739,8,X,insider,seller,266.7,240.0,4,13,0.25,200.0,2.4981273408239706
m2,m2_random_2,0,2,20250739,8,X,insider,seller,266.7,240.0,5,13,0.3333333333333333,210.0,2.123595505617978
m2,m2_random_2,0,2,20250739,8,X,insider,seller,266.7,240.0,6,13,0.4166666666666667,210.0,2.123595505617978
m2,m2_random_2,0,2,20250739,8,X,insider,seller,266.7,240.0,7,13,0.5,200.0,2.4981273408239706
m2,m2_random_2,0,2,20250739,8,X,insider,seller,266.7,240.0,8,13,0.5833333333333334,200.0,2.4981273408239706
m2,m2_random_2,0,2,20250739,8,X,insider,seller,266.7,240.0,9,13,0.6666666666666666,191.0,2.8352059925093642
m2,m2_random_2,0,2,20250739,8,X,insider,seller,266.7,240.0,10,13,0.75,200.0,2.4981273408239706
m2,m2_random_2,0,2,20250739,8,X,insider,seller,266.7,240.0,11,13,0.8333333333333334,200.0,2.4981273408239706
m2,m2_random_2,0,2,20250739,8,X,insider,seller,266.7,240.0,12,13,0.9166666666666666,194.0,2.722846441947566
m2,m2_random_2,0,2,20250739,8,X,insider,seller,266.7,240.0,13,13,1.0,198.0,2.5730337078651693
m2,m2_random_2,0,2,20250739,9,Y,insider,buyer,266.7,350.0,1,18,0.0,300.0,0.39975990396158473
m2,m2_random_2,0,2,20250739,9,Y,insider,buyer,266.7,350.0,2,18,0.058823529411764705,280.0,0.15966386554621861
m2,m2_random_2,0,2,20250739,9,Y,insider,buyer,266.7,350.0,3,18,0.11764705882352941,300.0,0.39975990396158473
m2,m2_random_2,0,2,20250739,9,Y,insider,buyer,266.7,350.0,4,18,0.17647058823529413,280.0,0.15966386554621861
m2,m2_random_2,0,2,20250739,9,Y,insider,buyer,266.7,350.0,5,18,0.23529411764705882,300.0,0.39975990396158473
m2,m2_random_2,0,2,20250739,9,Y,insider,buyer,266.7,350.0,6,18,0.29411764705882354,280.0,0.15966386554621861
m2,m2_random_2,0,2,20250739,9,Y,insider,buyer,266.7,350.0,7,18,0.35294117647058826,290.0,0.2797118847539017
m2,m2_random_2,0,2,20250739,9,Y,insider,buyer,266.7,350.0,8,18,0.4117647058823529,290.0,0.2797118847539017
m2,m2_random_2,0,2,20250739,9,Y,insider,buyer,266.7,350.0,9,18,0.47058823529411764,290.0,0.2797118847539017
m2,m2_random_2,0,2,20250739,9,Y,insider,buyer,266.7,350.0,10,18,0.5294117647058824,300.0,0.39975990396158473
m2,m2_random_2,0,2,20250739,9,Y,insider,buyer,266.7,350.0,11,18,0.5882352941176471,290.0,0.2797118847539017
m2,m2_random_2,0,2,20250739,9,Y,insider,buyer,266.7,350.0,12,18,0.6470588235294118,290.0,0.2797118847539017
m2,m2_random_2,0,2,20250739,9,Y,insider,buyer,266.7,350.0,13,18,0.7058823529411765,290.0,0.2797118847539017
m2,m2_random_2,0,2,20250739,9,Y,insider,buyer,266.7,350.0,14,18,0.7647058823529411,300.0,0.39975990396158473
m2,m2_random_2,0,2,20250739,9,Y,insider,buyer,266.7,350.0,15,18,0.8235294117647058,290.0,0.2797118847539017
m2,m2_random_2,0,2,20250739,9,Y,insider,buyer,266.7,350.0,16,18,0.8823529411764706,290.0,0.2797118847539017
m2,m2_random_2,0,2,20250739,9,Y,insider,buyer,266.7,350.0,17,18,0.9411764705882353,290.0,0.2797118847539017
m2,m2_random_2,0,2,20250739,9,Y,insider,buyer,266.7,350.0,18,18,1.0,300.0,0.39975990396158473
m2,m2_random_2,0,2,20250739,10,Y,insider,buyer,266.7,350.0,1,26,0.0,299.0,0.3877551020408164
m2,m2_random_2,0,2,20250739,10,Y,insider,buyer,266.7,350.0,2,26,0.04,299.0,0.3877551020408164
m2,m2_random_2,0,2,20250739,10,Y,insider,buyer,266.7,350.0,3,26,0.08,300.0,0.39975990396158473
m2,m2_random_2,0,2,20250739,10,Y,insider,buyer,266.7,350.0,4,26,0.12,340.0,0.879951980792317
m2,m2_random_2,0,2,20250739,10,Y,insider,buyer,266.7,350.0,5,26,0.16,340.0,0.879951980792317
m2,m2_random_2,0,2,20250739,10,Y,insider,buyer,266.7,350.0,6,26,0.2,340.0,0.879951980792317
m2,m2_random_2,0,2,20250739,10,Y,insider,buyer,266.7,350.0,7,26,0.24,340.0,0.879951980792317
m2,m2_random_2,0,2,20250739,10,Y,insider,buyer,266.7,350.0,8,26,0.28,340.0,0.879951980792317
m2,m2_random_2,0,2,20250739,10,Y,insider,buyer,266.7,350.0,9,26,0.32,340.0,0.879951980792317
m2,m2_random_2,0,2,20250739,10,Y,insider,buyer,266.7,350.0,10,26,0.36,340.0,0.879951980792317
m2,m2_random_2,0,2,20250739,10,Y,insider,buyer,266.7,350.0,11,26,0.4,340.0,0.879951980792317
m2,m2_random_2,0,2,20250739,10,Y,insider,buyer,266.7,350.0,12,26,0.44,340.0,0.879951980792317
m2,m2_random_2,0,2,20250739,10,Y,insider,buyer,266.7,350.0,13,26,0.48,339.0,0.8679471788715486
m2,m2_random_2,0,2,20250739,10,Y,insider,buyer,266.7,350.0,14,26,0.52,340.0,0.879951980792317
m2,m2_random_2,0,2,20250739,10,Y,insider,buyer,266.7,350.0,15,26,0.56,340.0,0.879951980792317
m2,m2_random_2,0,2,20250739,10,Y,insider,buyer,266.7,350.0,16,26,0.6,171.0,-1.1488595438175266
m2,m2_random_2,0,2,20250739,10,Y,insider,buyer,266.7,350.0,17,26,0.64,200.0,-0.8007202881152459
m2,m2_random_2,0,2,20250739,10,Y,insider,buyer,266.7,350.0,18,26,0.68,171.0,-1.1488595438175266
m2,m2_random_2,0,2,20250739,10,Y,insider,buyer,266.7,350.0,19,26,0.72,170.0,-1.160864345738295
m2,m2_random_2,0,2,20250739,10,Y,insider,buyer,266.7,350.0,20,26,0.76,170.0,-1.160864345738295
m2,m2_random_2,0,2,20250739,10,Y,insider,buyer,266.7,350.0,21,26,0.8,170.0,-1.160864345738295
m2,m2_random_2,0,2,20250739,10,Y,insider,buyer,266.7,350.0,22,26,0.84,170.0,-1.160864345738295
m2,m2_random_2,0,2,20250739,10,Y,insider,buyer,266.7,350.0,23,26,0.88,171.0,-1.1488595438175266
m2,m2_random_2,0,2,20250739,10,Y,insider,buyer,266.7,350.0,24,26,0.92,280.0,0.15966386554621861
m2,m2_random_2,0,2,20250739,10,Y,insider,buyer,266.7,350.0,25,26,0.96,190.0,-0.9207683073229289
m2,m2_random_2,0,2,20250739,10,Y,insider,buyer,266.7,350.0,26,26,1.0,200.0,-0.8007202881152459
m2,m2_random_2,0,2,20250739,11,Y,insider,buyer,266.7,350.0,1,19,0.0,290.0,0.2797118847539017
m2,m2_random_2,0,2,20250739,11,Y,insider,buyer,266.7,350.0,2,19,0.05555555555555555,300.0,0.39975990396158473
m2,m2_random_2,0,2,20250739,11,Y,insider,buyer,266.7,350.0,3,19,0.1111111111111111,290.0,0.2797118847539017
m2,m2_random_2,0,2,20250739,11,Y,insider,buyer,266.7,350.0,4,19,0.16666666666666666,300.0,0.39975990396158473
m2,m2_random_2,0,2,20250739,11,Y,insider,buyer,266.7,350.0,5,19,0.2222222222222222,300.0,0.39975990396158473
m2,m2_random_2,0,2,20250739,11,Y,insider,buyer,266.7,350.0,6,19,0.2777777777777778,300.0,0.39975990396158473
m2,m2_random_2,0,2,20250739,11,Y,insider,buyer,266.7,350.0,7,19,0.3333333333333333,300.0,0.39975990396158473
m2,m2_random_2,0,2,20250739,11,Y,insider,buyer,266.7,350.0,8,19,0.3888888888888889,300.0,0.39975990396158473
m2,m2_random_2,0,2,20250739,11,Y,insider,buyer,266.7,350.0,9,19,0.4444444444444444,300.0,0.39975990396158473
m2,m2_random_2,0,2,20250739,11,Y,insider,buyer,266.7,350.0,10,19,0.5,300.0,0.39975990396158473
m2,m2_random_2,0,2,20250739,11,Y,insider,buyer,266.7,350.0,11,19,0.5555555555555556,300.0,0.39975990396158473
m2,m2_random_2,0,2,20250739,11,Y,insider,buyer,266.7,350.0,12,19,0.6111111111111112,171.0,-1.1488595438175266
m2,m2_random_2,0,2,20250739,11,Y,insider,buyer,266.7,350.0,13,19,0.6666666666666666,171.0,-1.1488595438175266
m2,m2_random_2,0,2,20250739,11,Y,insider,buyer,266.7,350.0,14,19,0.7222222222222222,290.0,0.2797118847539017
m2,m2_random_2,0,2,20250739,11,Y,insider,buyer,266.7,350.0,15,19,0.7777777777777778,290.0,0.2797118847539017
m2,m2_random_2,0,2,20250739,11,Y,insider,buyer,266.7,350.0,16,19,0.8333333333333334,171.0,-1.1488595438175266
m2,m2_random_2,0,2,20250739,11,Y,insider,buyer,266.7,350.0,17,19,0.8888888888888888,172.0,-1.1368547418967585
m2,m2_random_2,0,2,20250739,11,Y,insider,buyer,266.7,350.0,18,19,0.9444444444444444,200.0,-0.8007202881152459
m2,m2_random_2,0,2,20250739,11,Y,insider,buyer,266.7,350.0,19,19,1.0,200.0,-0.8007202881152459
m3,m3_gem_paper,0,3,20250745,3,Y,insider,seller,220.0,175.0,1,20,0.0,130.0,2.0
m3,m3_gem_paper,0,3,20250745,3,Y,insider,seller,220.0,175.0,2,20,0.05263157894736842,130.0,2.0
m3,m3_gem_paper,0,3,20250745,3,Y,insider,seller,220.0,175.0,3,20,0.10526315789473684,131.0,1.9777777777777779
m3,m3_gem_paper,0,3,20250745,3,Y,insider,seller,220.0,175.0,4,20,0.15789473684210525,131.0,1.9777777777777779
m3,m3_gem_paper,0,3,20250745,3,Y,insider,seller,220.0,175.0,5,20,0.21052631578947367,135.0,1.8888888888888888
m3,m3_gem_paper,0,3,20250745,3,Y,insider,seller,220.0,175.0,6,20,0.2631578947368421,136.0,1.8666666666666667
m3,m3_gem_paper,0,3,20250745,3,Y,insider,seller,220.0,175.0,7,20,0.3157894736842105,149.0,1.5777777777777777
m3,m3_gem_paper,0,3,20250745,3,Y,insider,seller,220.0,175.0,8,20,0.3684210526315789,170.0,1.1111111111111112
m3,m3_gem_paper,0,3,20250745,3,Y,insider,seller,220.0,175.0,9,20,0.42105263157894735,165.0,1.2222222222222223
m3,m3_gem_paper,0,3,20250745,3,Y,insider,seller,220.0,175.0,10,20,0.47368421052631576,160.0,1.3333333333333333
m3,m3_gem_paper,0,3,20250745,3,Y,insider,seller,220.0,175.0,11,20,0.5263157894736842,150.0,1.5555555555555556
m3,m3_gem_paper,0,3,20250745,3,Y,insider,seller,220.0,175.0,12,20,0.5789473684210527,168.0,1.1555555555555554
m3,m3_gem_paper,0,3,20250745,3,Y,insider,seller,220.0,175.0,13,20,0.631578947368421,174.0,1.0222222222222221
m3,m3_gem_paper,0,3,20250745,3,Y,insider,seller,220.0,175.0,14,20,0.6842105263157895,160.0,1.3333333333333333
m3,m3_gem_paper,0,3,20250745,3,Y,insider,seller,220.0,175.0,15,20,0.7368421052631579,160.0,1.3333333333333333
m3,m3_gem_paper,0,3,20250745,3,Y,insider,seller,220.0,175.0,16,20,0.7894736842105263,180.0,0.8888888888888888
m3,m3_gem_paper,0,3,20250745,3,Y,insider,seller,220.0,175.0,17,20,0.8421052631578947,181.0,0.8666666666666667
m3,m3_gem_paper,0,3,20250745,3,Y,insider,seller,220.0,175.0,18,20,0.8947368421052632,175.0,1.0
m3,m3_gem_paper,0,3,20250745,3,Y,insider,seller,220.0,175.0,19,20,0.9473684210526315,176.0,0.9777777777777777
m3,m3_gem_paper,0,3,20250745,3,Y,insider,seller,220.0,175.0,20,20,1.0,165.0,1.2222222222222223
m3,m3_gem_paper,0,3,20250745,4,X,insider,buyer,220.0,400.0,1,27,0.0,130.0,-0.5
m3,m3_gem_paper,0,3,20250745,4,X,insider,buyer,220.0,400.0,2,27,0.038461538461538464,131.0,-0.49444444444444446
m3,m3_gem_paper,0,3,20250745,4,X,insider,buyer,220.0,400.0,3,27,0.07692307692307693,132.0,-0.4888888888888889
m3,m3_gem_paper,0,3,20250745,4,X,insider,buyer,220.0,400.0,4,27,0.11538461538461539,133.0,-0.48333333333333334
m3,m3_gem_paper,0,3,20250745,4,X,insider,buyer,220.0,400.0,5,27,0.15384615384615385,145.0,-0.4166666666666667
m3,m3_gem_paper,0,3,20250745,4,X,insider,buyer,220.0,400.0,6,27,0.19230769230769232,134.0,-0.4777777777777778
m3,m3_gem_paper,0,3,20250745,4,X,insider,buyer,220.0,400.0,7,27,0.23076923076923078,135.0,-0.4722222222222222
m3,m3_gem_paper,0,3,20250745,4,X,insider,buyer,220.0,400.0,8,27,0.2692307692307692,136.0,-0.4666666666666667
m3,m3_gem_paper,0,3,20250745,4,X,insider,buyer,220.0,400.0,9,27,0.3076923076923077,144.0,-0.4222222222222222
m3,m3_gem_paper,0,3,20250745,4,X,insider,buyer,220.0,400.0,10,27,0.34615384615384615,280.0,0.3333333333333333
m3,m3_gem_paper,0,3,20250745,4,X,insider,buyer,220.0,400.0,11,27,0.38461538461538464,155.0,-0.3611111111111111
m3,m3_gem_paper,0,3,20250745,4,X,insider,buyer,220.0,400.0,12,27,0.4230769230769231,281.0,0.3388888888888889
m3,m3_gem_paper,0,3,20250745,4,X,insider,buyer,220.0,400.0,13,27,0.46153846153846156,275.0,0.3055555555555556
m3,m3_gem_paper,0,3,20250745,4,X,insider,buyer,220.0,400.0,14,27,0.5,282.0,0.34444444444444444
m3,m3_gem_paper,0,3,20250745,4,X,insider,buyer,220.0,400.0,15,27,0.5384615384615384,283.0,0.35
m3,m3_gem_paper,0,3,20250745,4,X,insider,buyer,220.0,400.0,16,27,0.5769230769230769,280.0,0.3333333333333333
m3,m3_gem_paper,0,3,20250745,4,X,insider,buyer,220.0,400.0,17,27,0.6153846153846154,275.0,0.3055555555555556
m3,m3_gem_paper,0,3,20250745,4,X,insider,buyer,220.0,400.0,18,27,0.6538461538461539,284.0,0.35555555555555557
m3,m3_gem_paper,0,3,20250745,4,X,insider,buyer,220.0,400.0,19,27,0.6923076923076923,284.0,0.35555555555555557
m3,m3_gem_paper,0,3,20250745,4,X,insider,buyer,220.0,400.0,20,27,0.7307692307692307,285.0,0.3611111111111111
m3,m3_gem_paper,0,3,20250745,4,X,insider,buyer,220.0,400.0,21,27,0.7692307692307693,280.0,0.3333333333333333
m3,m3_gem_paper,0,3,20250745,4,X,insider,buyer,220.0,400.0,22,27,0.8076923076923077,286.0,0.36666666666666664
m3,m3_gem_paper,0,3,20250745,4,X,insider,buyer,220.0,400.0,23,27,0.8461538461538461,287.0,0.37222222222222223
m3,m3_gem_paper,0,3,20250745,4,X,insider,buyer,220.0,400.0,24,27,0.8846153846153846,290.0,0.3888888888888889
m3,m3_gem_paper,0,3,20250745,4,X,insider,buyer,220.0,400.0,25,27,0.9230769230769231,288.0,0.37777777777777777
m3,m3_gem_paper,0,3,20250745,4,X,insider,buyer,220.0,400.0,26,27,0.9615384615384616,295.0,0.4166666666666667
m3,m3_gem_paper,0,3,20250745,4,X,insider,buyer,220.0,400.0,27,27,1.0,299.0,0.4388888888888889
m3,m3_gem_paper,0,3,20250745,5,Y,insider,seller,220.0,175.0,1,23,0.0,130.0,2.0
m3,m3_gem_paper,0,3,20250745,5,Y,insider,seller,220.0,175.0,2,23,0.045454545454545456,135.0,1.8888888888888888
m3,m3_gem_paper,0,3,20250745,5,Y,insider,seller,220.0,175.0,3,23,0.09090909090909091,125.0,2.111111111111111
m3,m3_gem_paper,0,3,20250745,5,Y,insider,seller,220.0,175.0,4,23,0.13636363636363635,136.0,1.8666666666666667
m3,m3_gem_paper,0,3,20250745,5,Y,insider,seller,220.0,175.0,5,23,0.18181818181818182,150.0,1.5555555555555556
m3,m3_gem_paper,0,3,20250745,5,Y,insider,seller,220.0,175.0,6,23,0.22727272727272727,150.0,1.5555555555555556
m3,m3_gem_paper,0,3,20250745,5,Y,insider,seller,220.0,175.0,7,23,0.2727272727272727,151.0,1.5333333333333334
m3,m3_gem_paper,0,3,20250745,5,Y,insider,seller,220.0,175.0,8,23,0.3181818181818182,174.0,1.0222222222222221
m3,m3_gem_paper,0,3,20250745,5,Y,insider,seller,220.0,175.0,9,23,0.36363636363636365,174.0,1.0222222222222221
m3,m3_gem_paper,0,3,20250745,5,Y,insider,seller,220.0,175.0,10,23,0.4090909090909091,170.0,1.1111111111111112
m3,m3_gem_paper,0,3,20250745,5,Y,insider,seller,220.0,175.0,11,23,0.45454545454545453,170.0,1.1111111111111112
m3,m3_gem_paper,0,3,20250745,5,Y,insider,seller,220.0,175.0,12,23,0.5,169.0,1.1333333333333333
m3,m3_gem_paper,0,3,20250745,5,Y,insider,seller,220.0,175.0,13,23,0.5454545454545454,174.0,1.0222222222222221
m3,m3_gem_paper,0,3,20250745,5,Y,insider,seller,220.0,175.0,14,23,0.5909090909090909,175.0,1.0
m3,m3_gem_paper,0,3,20250745,5,Y,insider,seller,220.0,175.0,15,23,0.6363636363636364,173.0,1.0444444444444445
m3,m3_gem_paper,0,3,20250745,5,Y,insider,seller,220.0,175.0,16,23,0.6818181818181818,170.0,1.1111111111111112
m3,m3_gem_paper,0,3,20250745,5,Y,insider,seller,220.0,175.0,17,23,0.7272727272727273,175.0,1.0
m3,m3_gem_paper,0,3,20250745,5,Y,insider,seller,220.0,175.0,18,23,0.7727272727272727,175.0,1.0
m3,m3_gem_paper,0,3,20250745,5,Y,insider,seller,220.0,175.0,19,23,0.8181818181818182,176.0,0.9777777777777777
m3,m3_gem_paper,0,3,20250745,5,Y,insider,seller,220.0,175.0,20,23,0.8636363636363636,168.0,1.1555555555555554
m3,m3_gem_paper,0,3,20250745,5,Y,insider,seller,220.0,175.0,21,23,0.9090909090909091,178.0,0.9333333333333333
m3,m3_gem_paper,0,3,20250745,5,Y,insider,seller,220.0,175.0,22,23,0.9545454545454546,176.0,0.9777777777777777
m3,m3_gem_paper,0,3,20250745,5,Y,insider,seller,220.0,175.0,23,23,1.0,175.0,1.0
m3,m3_gem_paper,0,3,20250745,6,Y,insider,seller,220.0,175.0,1,21,0.0,170.0,1.1111111111111112
m3,m3_gem_paper,0,3,20250745,6,Y,insider,seller,220.0,175.0,2,21,0.05,170.0,1.1111111111111112
m3,m3_gem_paper,0,3,20250745,6,Y,insider,seller,220.0,175.0,3,21,0.1,175.0,1.0
m3,m3_gem_paper,0,3,20250745,6,Y,insider,seller,220.0,175.0,4,21,0.15,171.0,1.0888888888888888
m3,m3_gem_paper,0,3,20250745,6,Y,insider,seller,220.0,175.0,5,21,0.2,175.0,1.0
m3,m3_gem_paper,0,3,20250745,6,Y,insider,seller,220.0,175.0,6,21,0.25,175.0,1.0
m3,m3_gem_paper,0,3,20250745,6,Y,insider,seller,220.0,175.0,7,21,0.3,170.0,1.1111111111111112
m3,m3_gem_paper,0,3,20250745,6,Y,insider,seller,220.0,175.0,8,21,0.35,169.0,1.1333333333333333
m3,m3_gem_paper,0,3,20250745,6,Y,insider,seller,220.0,175.0,9,21,0.4,169.0,1.1333333333333333
m3,m3_gem_paper,0,3,20250745,6,Y,insider,seller,220.0,175.0,10,21,0.45,172.0,1.0666666666666667
m3,m3_gem_paper,0,3,20250745,6,Y,insider,seller,220.0,175.0,11,21,0.5,170.0,1.1111111111111112
m3,m3_gem_paper,0,3,20250745,6,Y,insider,seller,220.0,175.0,12,21,0.55,171.0,1.0888888888888888
m3,m3_gem_paper,0,3,20250745,6,Y,insider,seller,220.0,175.0,13,21,0.6,170.0,1.1111111111111112
m3,m3_gem_paper,0,3,20250745,6,Y,insider,seller,220.0,175.0,14,21,0.65,171.0,1.0888888888888888
m3,m3_gem_paper,0,3,20250745,6,Y,insider,seller,220.0,175.0,15,21,0.7,175.0,1.0
m3,m3_gem_paper,0,3,20250745,6,Y,insider,seller,220.0,175.0,16,21,0.75,145.0,1.6666666666666667
m3,m3_gem_paper,0,3,20250745,6,Y,insider,seller,220.0,175.0,17,21,0.8,171.0,1.0888888888888888
m3,m3_gem_paper,0,3,20250745,6,Y,insider,seller,220.0,175.0,18,21,0.85,170.0,1.1111111111111112
m3,m3_gem_paper,0,3,20250745,6,Y,insider,seller,220.0,175.0,19,21,0.9,169.0,1.1333333333333333
m3,m3_gem_paper,0,3,20250745,6,Y,insider,seller,220.0,175.0,20,21,0.95,174.0,1.0222222222222221
m3,m3_gem_paper,0,3,20250745,6,Y,insider,seller,220.0,175.0,21,21,1.0,175.0,1.0
m3,m3_gem_paper,0,3,20250745,7,X,insider,buyer,220.0,400.0,1,24,0.0,175.0,-0.25
m3,m3_gem_paper,0,3,20250745,7,X,insider,buyer,220.0,400.0,2,24,0.043478260869565216,160.0,-0.3333333333333333
m3,m3_gem_paper,0,3,20250745,7,X,insider,buyer,220.0,400.0,3,24,0.08695652173913043,165.0,-0.3055555555555556
m3,m3_gem_paper,0,3,20250745,7,X,insider,buyer,220.0,400.0,4,24,0.13043478260869565,200.0,-0.1111111111111111
m3,m3_gem_paper,0,3,20250745,7,X,insider,buyer,220.0,400.0,5,24,0.17391304347826086,170.0,-0.2777777777777778
m3,m3_gem_paper,0,3,20250745,7,X,insider,buyer,220.0,400.0,6,24,0.21739130434782608,165.0,-0.3055555555555556
m3,m3_gem_paper,0,3,20250745,7,X,insider,buyer,220.0,400.0,7,24,0.2608695652173913,201.0,-0.10555555555555556
m3,m3_gem_paper,0,3,20250745,7,X,insider,buyer,220.0,400.0,8,24,0.30434782608695654,202.0,-0.1
m3,m3_gem_paper,0,3,20250745,7,X,insider,buyer,220.0,400.0,9,24,0.34782608695652173,205.0,-0.08333333333333333
m3,m3_gem_paper,0,3,20250745,7,X,insider,buyer,220.0,400.0,10,24,0.391304347826087,206.0,-0.07777777777777778
m3,m3_gem_paper,0,3,20250745,7,X,insider,buyer,220.0,400.0,11,24,0.43478260869565216,205.0,-0.08333333333333333
m3,m3_gem_paper,0,3,20250745,7,X,insider,buyer,220.0,400.0,12,24,0.4782608695652174,200.0,-0.1111111111111111
m3,m3_gem_paper,0,3,20250745,7,X,insider,buyer,220.0,400.0,13,24,0.5217391304347826,195.0,-0.1388888888888889
m3,m3_gem_paper,0,3,20250745,7,X,insider,buyer,220.0,400.0,14,24,0.5652173913043478,210.0,-0.05555555555555555
m3,m3_gem_paper,0,3,20250745,7,X,insider,buyer,220.0,400.0,15,24,0.6086956521739131,211.0,-0.05
m3,m3_gem_paper,0,3,20250745,7,X,insider,buyer,220.0,400.0,16,24,0.6521739130434783,215.0,-0.027777777777777776
m3,m3_gem_paper,0,3,20250745,7,X,insider,buyer,220.0,400.0,17,24,0.6956521739130435,220.0,0.0
m3,m3_gem_paper,0,3,20250745,7,X,insider,buyer,220.0,400.0,18,24,0.7391304347826086,350.0,0.7222222222222222
m3,m3_gem_paper,0,3,20250745,7,X,insider,buyer,220.0,400.0,19,24,0.782608695652174,300.0,0.4444444444444444
m3,m3_gem_paper,0,3,20250745,7,X,insider,buyer,220.0,400.0,20,24,0.8260869565217391,280.0,0.3333333333333333
m3,m3_gem_paper,0,3,20250745,7,X,insider,buyer,220.0,400.0,21,24,0.8695652173913043,252.0,0.17777777777777778
m3,m3_gem_paper,0,3,20250745,7,X,insider,buyer,220.0,400.0,22,24,0.9130434782608695,299.0,0.4388888888888889
m3,m3_gem_paper,0,3,20250745,7,X,insider,buyer,220.0,400.0,23,24,0.9565217391304348,286.0,0.36666666666666664
m3,m3_gem_paper,0,3,20250745,7,X,insider,buyer,220.0,400.0,24,24,1.0,380.0,0.8888888888888888
m3,m3_gem_paper,0,3,20250745,8,Y,insider,seller,220.0,175.0,1,24,0.0,175.0,1.0
m3,m3_gem_paper,0,3,20250745,8,Y,insider,seller,220.0,175.0,2,24,0.043478260869565216,195.0,0.5555555555555556
m3,m3_gem_paper,0,3,20250745,8,Y,insider,seller,220.0,175.0,3,24,0.08695652173913043,180.0,0.8888888888888888
m3,m3_gem_paper,0,3,20250745,8,Y,insider,seller,220.0,175.0,4,24,0.13043478260869565,185.0,0.7777777777777778
m3,m3_gem_paper,0,3,20250745,8,Y,insider,seller,220.0,175.0,5,24,0.17391304347826086,170.0,1.1111111111111112
m3,m3_gem_paper,0,3,20250745,8,Y,insider,seller,220.0,175.0,6,24,0.21739130434782608,175.0,1.0
m3,m3_gem_paper,0,3,20250745,8,Y,insider,seller,220.0,175.0,7,24,0.2608695652173913,180.0,0.8888888888888888
m3,m3_gem_paper,0,3,20250745,8,Y,insider,seller,220.0,175.0,8,24,0.30434782608695654,185.0,0.7777777777777778
m3,m3_gem_paper,0,3,20250745,8,Y,insider,seller,220.0,175.0,9,24,0.34782608695652173,185.0,0.7777777777777778
m3,m3_gem_paper,0,3,20250745,8,Y,insider,seller,220.0,175.0,10,24,0.391304347826087,180.0,0.8888888888888888
m3,m3_gem_paper,0,3,20250745,8,Y,insider,seller,220.0,175.0,11,24,0.43478260869565216,185.0,0.7777777777777778
m3,m3_gem_paper,0,3,20250745,8,Y,insider,seller,220.0,175.0,12,24,0.4782608695652174,170.0,1.1111111111111112
m3,m3_gem_paper,0,3,20250745,8,Y,insider,seller,220.0,175.0,13,24,0.5217391304347826,174.0,1.0222222222222221
m3,m3_gem_paper,0,3,20250745,8,Y,insider,seller,220.0,175.0,14,24,0.5652173913043478,190.0,0.6666666666666666
m3,m3_gem_paper,0,3,20250745,8,Y,insider,seller,220.0,175.0,15,24,0.6086956521739131,170.0,1.1111111111111112
m3,m3_gem_paper,0,3,20250745,8,Y,insider,seller,220.0,175.0,16,24,0.6521739130434783,175.0,1.0
m3,m3_gem_paper,0,3,20250745,8,Y,insider,seller,220.0,175.0,17,24,0.6956521739130435,191.0,0.6444444444444445
m3,m3_gem_paper,0,3,20250745,8,Y,insider,seller,220.0,175.0,18,24,0.7391304347826086,189.0,0.6888888888888889
m3,m3_gem_paper,0,3,20250745,8,Y,insider,seller,220.0,175.0,19,24,0.782608695652174,188.0,0.7111111111111111
m3,m3_gem_paper,0,3,20250745,8,Y,insider,seller,220.0,175.0,20,24,0.8260869565217391,185.0,0.7777777777777778
m3,m3_gem_paper,0,3,20250745,8,Y,insider,seller,220.0,175.0,21,24,0.8695652173913043,184.0,0.8
m3,m3_gem_paper,0,3,20250745,8,Y,insider,seller,220.0,175.0,22,24,0.9130434782608695,183.0,0.8222222222222222
m3,m3_gem_paper,0,3,20250745,8,Y,insider,seller,220.0,175.0,23,24,0.9565217391304348,185.0,0.7777777777777778
m3,m3_gem_paper,0,3,20250745,8,Y,insider,seller,220.0,175.0,24,24,1.0,170.0,1.1111111111111112
m3,m3_gem_paper,0,3,20250745,9,X,insider,buyer,220.0,400.0,1,20,0.0,220.0,0.0
m3,m3_gem_paper,0,3,20250745,9,X,insider,buyer,220.0,400.0,2,20,0.05263157894736842,210.0,-0.05555555555555555
m3,m3_gem_paper,0,3,20250745,9,X,insider,buyer,220.0,400.0,3,20,0.10526315789473684,215.0,-0.027777777777777776
m3,m3_gem_paper,0,3,20250745,9,X,insider,buyer,220.0,400.0,4,20,0.15789473684210525,225.0,0.027777777777777776
m3,m3_gem_paper,0,3,20250745,9,X,insider,buyer,220.0,400.0,5,20,0.21052631578947367,230.0,0.05555555555555555
m3,m3_gem_paper,0,3,20250745,9,X,insider,buyer,220.0,400.0,6,20,0.2631578947368421,235.0,0.08333333333333333
m3,m3_gem_paper,0,3,20250745,9,X,insider,buyer,220.0,400.0,7,20,0.3157894736842105,240.0,0.1111111111111111
m3,m3_gem_paper,0,3,20250745,9,X,insider,buyer,220.0,400.0,8,20,0.3684210526315789,245.0,0.1388888888888889
m3,m3_gem_paper,0,3,20250745,9,X,insider,buyer,220.0,400.0,9,20,0.42105263157894735,250.0,0.16666666666666666
m3,m3_gem_paper,0,3,20250745,9,X,insider,buyer,220.0,400.0,10,20,0.47368421052631576,295.0,0.4166666666666667
m3,m3_gem_paper,0,3,20250745,9,X,insider,buyer,220.0,400.0,11,20,0.5263157894736842,300.0,0.4444444444444444
m3,m3_gem_paper,0,3,20250745,9,X,insider,buyer,220.0,400.0,12,20,0.5789473684210527,299.0,0.4388888888888889
m3,m3_gem_paper,0,3,20250745,9,X,insider,buyer,220.0,400.0,13,20,0.631578947368421,380.0,0.8888888888888888
m3,m3_gem_paper,0,3,20250745,9,X,insider,buyer,220.0,400.0,14,20,0.6842105263157895,395.0,0.9722222222222222
m3,m3_gem_paper,0,3,20250745,9,X,insider,buyer,220.0,400.0,15,20,0.7368421052631579,310.0,0.5
m3,m3_gem_paper,0,3,20250745,9,X,insider,buyer,220.0,400.0,16,20,0.7894736842105263,311.0,0.5055555555555555
m3,m3_gem_paper,0,3,20250745,9,X,insider,buyer,220.0,400.0,17,20,0.8421052631578947,310.0,0.5
m3,m3_gem_paper,0,3,20250745,9,X,insider,buyer,220.0,400.0,18,20,0.8947368421052632,310.0,0.5
m3,m3_gem_paper,0,3,20250745,9,X,insider,buyer,220.0,400.0,19,20,0.9473684210526315,315.0,0.5277777777777778
m3,m3_gem_paper,0,3,20250745,9,X,insider,buyer,220.0,400.0,20,20,1.0,300.0,0.4444444444444444
m3,m3_gem_paper,0,3,20250745,10,Y,insider,seller,220.0,175.0,1,19,0.0,185.0,0.7777777777777778
m3,m3_gem_paper,0,3,20250745,10,Y,insider,seller,220.0,175.0,2,19,0.05555555555555555,174.0,1.0222222222222221
m3,m3_gem_paper,0,3,20250745,10,Y,insider,seller,220.0,175.0,3,19,0.1111111111111111,185.0,0.7777777777777778
m3,m3_gem_paper,0,3,20250745,10,Y,insider,seller,220.0,175.0,4,19,0.16666666666666666,173.0,1.0444444444444445
m3,m3_gem_paper,0,3,20250745,10,Y,insider,seller,220.0,175.0,5,19,0.2222222222222222,185.0,0.7777777777777778
m3,m3_gem_paper,0,3,20250745,10,Y,insider,seller,220.0,175.0,6,19,0.2777777777777778,184.0,0.8
m3,m3_gem_paper,0,3,20250745,10,Y,insider,seller,220.0,175.0,7,19,0.3333333333333333,173.0,1.0444444444444445
m3,m3_gem_paper,0,3,20250745,10,Y,insider,seller,220.0,175.0,8,19,0.3888888888888889,172.0,1.0666666666666667
m3,m3_gem_paper,0,3,20250745,10,Y,insider,seller,220.0,175.0,9,19,0.4444444444444444,175.0,1.0
m3,m3_gem_paper,0,3,20250745,10,Y,insider,seller,220.0,175.0,10,19,0.5,171.0,1.0888888888888888
m3,m3_gem_paper,0,3,20250745,10,Y,insider,seller,220.0,175.0,11,19,0.5555555555555556,170.0,1.1111111111111112
m3,m3_gem_paper,0,3,20250745,10,Y,insider,seller,220.0,175.0,12,19,0.6111111111111112,171.0,1.0888888888888888
m3,m3_gem_paper,0,3,20250745,10,Y,insider,seller,220.0,175.0,13,19,0.6666666666666666,174.0,1.0222222222222221
m3,m3_gem_paper,0,3,20250745,10,Y,insider,seller,220.0,175.0,14,19,0.7222222222222222,169.0,1.1333333333333333
m3,m3_gem_paper,0,3,20250745,10,Y,insider,seller,220.0,175.0,15,19,0.7777777777777778,174.0,1.0222222222222221
m3,m3_gem_paper,0,3,20250745,10,Y,insider,seller,220.0,175.0,16,19,0.8333333333333334,174.0,1.0222222222222221
m3,m3_gem_paper,0,3,20250745,10,Y,insider,seller,220.0,175.0,17,19,0.8888888888888888,173.0,1.0444444444444445
m3,m3_gem_paper,0,3,20250745,10,Y,insider,seller,220.0,175.0,18,19,0.9444444444444444,174.0,1.0222222222222221
m3,m3_gem_paper,0,3,20250745,10,Y,insider,seller,220.0,175.0,19,19,1.0,174.0,1.0222222222222221
m3,m3_paper_0,0,3,20250745,3,Y,insider,seller,220.0,175.0,1,21,0.0,140.0,1.7777777777777777
m3,m3_paper_0,0,3,20250745,3,Y,insider,seller,220.0,175.0,2,21,0.05,141.0,1.7555555555555555
m3,m3_paper_0,0,3,20250745,3,Y,insider,seller,220.0,175.0,3,21,0.1,142.0,1.7333333333333334
m3,m3_paper_0,0,3,20250745,3,Y,insider,seller,220.0,175.0,4,21,0.15,142.0,1.7333333333333334
m3,m3_paper_0,0,3,20250745,3,Y,insider,seller,220.0,175.0,5,21,0.2,143.0,1.711111111111111
m3,m3_paper_0,0,3,20250745,3,Y,insider,seller,220.0,175.0,6,21,0.25,144.0,1.6888888888888889
m3,m3_paper_0,0,3,20250745,3,Y,insider,seller,220.0,175.0,7,21,0.3,145.0,1.6666666666666667
m3,m3_paper_0,0,3,20250745,3,Y,insider,seller,220.0,175.0,8,21,0.35,145.0,1.6666666666666667
m3,m3_paper_0,0,3,20250745,3,Y,insider,seller,220.0,175.0,9,21,0.4,145.0,1.6666666666666667
m3,m3_paper_0,0,3,20250745,3,Y,insider,seller,220.0,175.0,10,21,0.45,146.0,1.6444444444444444
m3,m3_paper_0,0,3,20250745,3,Y,insider,seller,220.0,175.0,11,21,0.5,149.0,1.5777777777777777
m3,m3_paper_0,0,3,20250745,3,Y,insider,seller,220.0,175.0,12,21,0.55,149.0,1.5777777777777777
m3,m3_paper_0,0,3,20250745,3,Y,insider,seller,220.0,175.0,13,21,0.6,149.0,1.5777777777777777
m3,m3_paper_0,0,3,20250745,3,Y,insider,seller,220.0,175.0,14,21,0.65,150.0,1.5555555555555556
m3,m3_paper_0,0,3,20250745,3,Y,insider,seller,220.0,175.0,15,21,0.7,151.0,1.5333333333333334
m3,m3_paper_0,0,3,20250745,3,Y,insider,seller,220.0,175.0,16,21,0.75,151.0,1.5333333333333334
m3,m3_paper_0,0,3,20250745,3,Y,insider,seller,220.0,175.0,17,21,0.8,151.0,1.5333333333333334
m3,m3_paper_0,0,3,20250745,3,Y,insider,seller,220.0,175.0,18,21,0.85,151.0,1.5333333333333334
m3,m3_paper_0,0,3,20250745,3,Y,insider,seller,220.0,175.0,19,21,0.9,150.0,1.5555555555555556
m3,m3_paper_0,0,3,20250745,3,Y,insider,seller,220.0,175.0,20,21,0.95,151.0,1.5333333333333334
m3,m3_paper_0,0,3,20250745,3,Y,insider,seller,220.0,175.0,21,21,1.0,151.0,1.5333333333333334
m3,m3_paper_0,0,3,20250745,4,X,insider,buyer,220.0,400.0,1,17,0.0,250.0,0.16666666666666666
m3,m3_paper_0,0,3,20250745,4,X,insider,buyer,220.0,400.0,2,17,0.0625,250.0,0.16666666666666666
m3,m3_paper_0,0,3,20250745,4,X,insider,buyer,220.0,400.0,3,17,0.125,250.0,0.16666666666666666
m3,m3_paper_0,0,3,20250745,4,X,insider,buyer,220.0,400.0,4,17,0.1875,250.0,0.16666666666666666
m3,m3_paper_0,0,3,20250745,4,X,insider,buyer,220.0,400.0,5,17,0.25,250.0,0.16666666666666666
m3,m3_paper_0,0,3,20250745,4,X,insider,buyer,220.0,400.0,6,17,0.3125,250.0,0.16666666666666666
m3,m3_paper_0,0,3,20250745,4,X,insider,buyer,220.0,400.0,7,17,0.375,260.0,0.2222222222222222
m3,m3_paper_0,0,3,20250745,4,X,insider,buyer,220.0,400.0,8,17,0.4375,261.0,0.22777777777777777
m3,m3_paper_0,0,3,20250745,4,X,insider,buyer,220.0,400.0,9,17,0.5,262.0,0.23333333333333334
m3,m3_paper_0,0,3,20250745,4,X,insider,buyer,220.0,400.0,10,17,0.5625,262.0,0.23333333333333334
m3,m3_paper_0,0,3,20250745,4,X,insider,buyer,220.0,400.0,11,17,0.625,263.0,0.2388888888888889
m3,m3_paper_0,0,3,20250745,4,X,insider,buyer,220.0,400.0,12,17,0.6875,263.0,0.2388888888888889
m3,m3_paper_0,0,3,20250745,4,X,insider,buyer,220.0,400.0,13,17,0.75,265.0,0.25
m3,m3_paper_0,0,3,20250745,4,X,insider,buyer,220.0,400.0,14,17,0.8125,266.0,0.25555555555555554
m3,m3_paper_0,0,3,20250745,4,X,insider,buyer,220.0,400.0,15,17,0.875,270.0,0.2777777777777778
m3,m3_paper_0,0,3,20250745,4,X,insider,buyer,220.0,400.0,16,17,0.9375,275.0,0.3055555555555556
m3,m3_paper_0,0,3,20250745,4,X,insider,buyer,220.0,400.0,17,17,1.0,275.0,0.3055555555555556
m3,m3_paper_0,0,3,20250745,5,Y,insider,seller,220.0,175.0,1,24,0.0,150.0,1.5555555555555556
m3,m3_paper_0,0,3,20250745,5,Y,insider,seller,220.0,175.0,2,24,0.043478260869565216,150.0,1.5555555555555556
m3,m3_paper_0,0,3,20250745,5,Y,insider,seller,220.0,175.0,3,24,0.08695652173913043,151.0,1.5333333333333334
m3,m3_paper_0,0,3,20250745,5,Y,insider,seller,220.0,175.0,4,24,0.13043478260869565,152.0,1.511111111111111
m3,m3_paper_0,0,3,20250745,5,Y,insider,seller,220.0,175.0,5,24,0.17391304347826086,155.0,1.4444444444444444
m3,m3_paper_0,0,3,20250745,5,Y,insider,seller,220.0,175.0,6,24,0.21739130434782608,156.0,1.4222222222222223
m3,m3_paper_0,0,3,20250745,5,Y,insider,seller,220.0,175.0,7,24,0.2608695652173913,157.0,1.4
m3,m3_paper_0,0,3,20250745,5,Y,insider,seller,220.0,175.0,8,24,0.30434782608695654,158.0,1.3777777777777778
m3,m3_paper_0,0,3,20250745,5,Y,insider,seller,220.0,175.0,9,24,0.34782608695652173,149.0,1.5777777777777777
m3,m3_paper_0,0,3,20250745,5,Y,insider,seller,220.0,175.0,10,24,0.391304347826087,150.0,1.5555555555555556
m3,m3_paper_0,0,3,20250745,5,Y,insider,seller,220.0,175.0,11,24,0.43478260869565216,151.0,1.5333333333333334
m3,m3_paper_0,0,3,20250745,5,Y,insider,seller,220.0,175.0,12,24,0.4782608695652174,160.0,1.3333333333333333
m3,m3_paper_0,0,3,20250745,5,Y,insider,seller,220.0,175.0,13,24,0.5217391304347826,160.0,1.3333333333333333
m3,m3_paper_0,0,3,20250745,5,Y,insider,seller,220.0,175.0,14,24,0.5652173913043478,151.0,1.5333333333333334
m3,m3_paper_0,0,3,20250745,5,Y,insider,seller,220.0,175.0,15,24,0.6086956521739131,149.0,1.5777777777777777
m3,m3_paper_0,0,3,20250745,5,Y,insider,seller,220.0,175.0,16,24,0.6521739130434783,149.0,1.5777777777777777
m3,m3_paper_0,0,3,20250745,5,Y,insider,seller,220.0,175.0,17,24,0.6956521739130435,160.0,1.3333333333333333
m3,m3_paper_0,0,3,20250745,5,Y,insider,seller,220.0,175.0,18,24,0.7391304347826086,161.0,1.3111111111111111
m3,m3_paper_0,0,3,20250745,5,Y,insider,seller,220.0,175.0,19,24,0.782608695652174,161.0,1.3111111111111111
m3,m3_paper_0,0,3,20250745,5,Y,insider,seller,220.0,175.0,20,24,0.8260869565217391,149.0,1.5777777777777777
m3,m3_paper_0,0,3,20250745,5,Y,insider,seller,220.0,175.0,21,24,0.8695652173913043,151.0,1.5333333333333334
m3,m3_paper_0,0,3,20250745,5,Y,insider,seller,220.0,175.0,22,24,0.9130434782608695,149.0,1.5777777777777777
m3,m3_paper_0,0,3,20250745,5,Y,insider,seller,220.0,175.0,23,24,0.9565217391304348,160.0,1.3333333333333333
m3,m3_paper_0,0,3,20250745,5,Y,insider,seller,220.0,175.0,24,24,1.0,149.0,1.5777777777777777
m3,m3_paper_0,0,3,20250745,6,Y,insider,seller,220.0,175.0,1,25,0.0,160.0,1.3333333333333333
m3,m3_paper_0,0,3,20250745,6,Y,insider,seller,220.0,175.0,2,25,0.041666666666666664,160.0,1.3333333333333333
m3,m3_paper_0,0,3,20250745,6,Y,insider,seller,220.0,175.0,3,25,0.08333333333333333,160.0,1.3333333333333333
m3,m3_paper_0,0,3,20250745,6,Y,insider,seller,220.0,175.0,4,25,0.125,160.0,1.3333333333333333
m3,m3_paper_0,0,3,20250745,6,Y,insider,seller,220.0,175.0,5,25,0.16666666666666666,160.0,1.3333333333333333
m3,m3_paper_0,0,3,20250745,6,Y,insider,seller,220.0,175.0,6,25,0.20833333333333334,160.0,1.3333333333333333
m3,m3_paper_0,0,3,20250745,6,Y,insider,seller,220.0,175.0,7,25,0.25,160.0,1.3333333333333333
m3,m3_paper_0,0,3,20250745,6,Y,insider,seller,220.0,175.0,8,25,0.2916666666666667,160.0,1.3333333333333333
m3,m3_paper_0,0,3,20250745,6,Y,insider,seller,220.0,175.0,9,25,0.3333333333333333,160.0,1.3333333333333333
m3,m3_paper_0,0,3,20250745,6,Y,insider,seller,220.0,175.0,10,25,0.375,160.0,1.3333333333333333
m3,m3_paper_0,0,3,20250745,6,Y,insider,seller,220.0,175.0,11,25,0.4166666666666667,160.0,1.3333333333333333
m3,m3_paper_0,0,3,20250745,6,Y,insider,seller,220.0,175.0,12,25,0.4583333333333333,160.0,1.3333333333333333
m3,m3_paper_0,0,3,20250745,6,Y,insider,seller,220.0,175.0,13,25,0.5,160.0,1.3333333333333333
m3,m3_paper_0,0,3,20250745,6,Y,insider,seller,220.0,175.0,14,25,0.5416666666666666,160.0,1.3333333333333333
m3,m3_paper_0,0,3,20250745,6,Y,insider,seller,220.0,175.0,15,25,0.5833333333333334,160.0,1.3333333333333333
m3,m3_paper_0,0,3,20250745,6,Y,insider,seller,220.0,175.0,16,25,0.625,160.0,1.3333333333333333
m3,m3_paper_0,0,3,20250745,6,Y,insider,seller,220.0,175.0,17,25,0.6666666666666666,160.0,1.3333333333333333
m3,m3_paper_0,0,3,20250745,6,Y,insider,seller,220.0,175.0,18,25,0.7083333333333334,161.0,1.3111111111111111
m3,m3_paper_0,0,3,20250745,6,Y,insider,seller,220.0,175.0,19,25,0.75,160.0,1.3333333333333333
m3,m3_paper_0,0,3,20250745,6,Y,insider,seller,220.0,175.0,20,25,0.7916666666666666,161.0,1.3111111111111111
m3,m3_paper_0,0,3,20250745,6,Y,insider,seller,220.0,175.0,21,25,0.8333333333333334,161.0,1.3111111111111111
m3,m3_paper_0,0,3,20250745,6,Y,insider,seller,220.0,175.0,22,25,0.875,160.0,1.3333333333333333
m3,m3_paper_0,0,3,20250745,6,Y,insider,seller,220.0,175.0,23,25,0.9166666666666666,150.0,1.5555555555555556
m3,m3_paper_0,0,3,20250745,6,Y,insider,seller,220.0,175.0,24,25,0.9583333333333334,170.0,1.1111111111111112
m3,m3_paper_0,0,3,20250745,6,Y,insider,seller,220.0,175.0,25,25,1.0,170.0,1.1111111111111112
m3,m3_paper_0,0,3,20250745,7,X,insider,buyer,220.0,400.0,1,20,0.0,250.0,0.16666666666666666
m3,m3_paper_0,0,3,20250745,7,X,insider,buyer,220.0,400.0,2,20,0.05263157894736842,250.0,0.16666666666666666
m3,m3_paper_0,0,3,20250745,7,X,insider,buyer,220.0,400.0,3,20,0.10526315789473684,250.0,0.16666666666666666
m3,m3_paper_0,0,3,20250745,7,X,insider,buyer,220.0,400.0,4,20,0.15789473684210525,250.0,0.16666666666666666
m3,m3_paper_0,0,3,20250745,7,X,insider,buyer,220.0,400.0,5,20,0.21052631578947367,250.0,0.16666666666666666
m3,m3_paper_0,0,3,20250745,7,X,insider,buyer,220.0,400.0,6,20,0.2631578947368421,250.0,0.16666666666666666
m3,m3_paper_0,0,3,20250745,7,X,insider,buyer,220.0,400.0,7,20,0.3157894736842105,250.0,0.16666666666666666
m3,m3_paper_0,0,3,20250745,7,X,insider,buyer,220.0,400.0,8,20,0.3684210526315789,250.0,0.16666666666666666
m3,m3_paper_0,0,3,20250745,7,X,insider,buyer,220.0,400.0,9,20,0.42105263157894735,250.0,0.16666666666666666
m3,m3_paper_0,0,3,20250745,7,X,insider,buyer,220.0,400.0,10,20,0.47368421052631576,250.0,0.16666666666666666
m3,m3_paper_0,0,3,20250745,7,X,insider,buyer,220.0,400.0,11,20,0.5263157894736842,250.0,0.16666666666666666
m3,m3_paper_0,0,3,20250745,7,X,insider,buyer,220.0,400.0,12,20,0.5789473684210527,250.0,0.16666666666666666
m3,m3_paper_0,0,3,20250745,7,X,insider,buyer,220.0,400.0,13,20,0.631578947368421,250.0,0.16666666666666666
m3,m3_paper_0,0,3,20250745,7,X,insider,buyer,220.0,400.0,14,20,0.6842105263157895,250.0,0.16666666666666666
m3,m3_paper_0,0,3,20250745,7,X,insider,buyer,220.0,400.0,15,20,0.7368421052631579,250.0,0.16666666666666666
m3,m3_paper_0,0,3,20250745,7,X,insider,buyer,220.0,400.0,16,20,0.7894736842105263,250.0,0.16666666666666666
m3,m3_paper_0,0,3,20250745,7,X,insider,buyer,220.0,400.0,17,20,0.8421052631578947,250.0,0.16666666666666666
m3,m3_paper_0,0,3,20250745,7,X,insider,buyer,220.0,400.0,18,20,0.8947368421052632,250.0,0.16666666666666666
m3,m3_paper_0,0,3,20250745,7,X,insider,buyer,220.0,400.0,19,20,0.9473684210526315,250.0,0.16666666666666666
m3,m3_paper_0,0,3,20250745,7,X,insider,buyer,220.0,400.0,20,20,1.0,250.0,0.16666666666666666
m3,m3_paper_0,0,3,20250745,8,Y,insider,seller,220.0,175.0,1,19,0.0,160.0,1.3333333333333333
m3,m3_paper_0,0,3,20250745,8,Y,insider,seller,220.0,175.0,2,19,0.05555555555555555,160.0,1.3333333333333333
m3,m3_paper_0,0,3,20250745,8,Y,insider,seller,220.0,175.0,3,19,0.1111111111111111,160.0,1.3333333333333333
m3,m3_paper_0,0,3,20250745,8,Y,insider,seller,220.0,175.0,4,19,0.16666666666666666,160.0,1.3333333333333333
m3,m3_paper_0,0,3,20250745,8,Y,insider,seller,220.0,175.0,5,19,0.2222222222222222,160.0,1.3333333333333333
m3,m3_paper_0,0,3,20250745,8,Y,insider,seller,220.0,175.0,6,19,0.2777777777777778,159.0,1.3555555555555556
m3,m3_paper_0,0,3,20250745,8,Y,insider,seller,220.0,175.0,7,19,0.3333333333333333,160.0,1.3333333333333333
m3,m3_paper_0,0,3,20250745,8,Y,insider,seller,220.0,175.0,8,19,0.3888888888888889,160.0,1.3333333333333333
m3,m3_paper_0,0,3,20250745,8,Y,insider,seller,220.0,175.0,9,19,0.4444444444444444,160.0,1.3333333333333333
m3,m3_paper_0,0,3,20250745,8,Y,insider,seller,220.0,175.0,10,19,0.5,160.0,1.3333333333333333
m3,m3_paper_0,0,3,20250745,8,Y,insider,seller,220.0,175.0,11,19,0.5555555555555556,160.0,1.3333333333333333
m3,m3_paper_0,0,3,20250745,8,Y,insider,seller,220.0,175.0,12,19,0.6111111111111112,160.0,1.3333333333333333
m3,m3_paper_0,0,3,20250745,8,Y,insider,seller,220.0,175.0,13,19,0.6666666666666666,170.0,1.1111111111111112
m3,m3_paper_0,0,3,20250745,8,Y,insider,seller,220.0,175.0,14,19,0.7222222222222222,170.0,1.1111111111111112
m3,m3_paper_0,0,3,20250745,8,Y,insider,seller,220.0,175.0,15,19,0.7777777777777778,170.0,1.1111111111111112
m3,m3_paper_0,0,3,20250745,8,Y,insider,seller,220.0,175.0,16,19,0.8333333333333334,174.0,1.0222222222222221
m3,m3_paper_0,0,3,20250745,8,Y,insider,seller,220.0,175.0,17,19,0.8888888888888888,174.0,1.0222222222222221
m3,m3_paper_0,0,3,20250745,8,Y,insider,seller,220.0,175.0,18,19,0.9444444444444444,174.0,1.0222222222222221
m3,m3_paper_0,0,3,20250745,8,Y,insider,seller,220.0,175.0,19,19,1.0,174.0,1.0222222222222221
m3,m3_paper_0,0,3,20250745,9,X,insider,buyer,220.0,400.0,1,26,0.0,250.0,0.16666666666666666
m3,m3_paper_0,0,3,20250745,9,X,insider,buyer,220.0,400.0,2,26,0.04,250.0,0.16666666666666666
m3,m3_paper_0,0,3,20250745,9,X,insider,buyer,220.0,400.0,3,26,0.08,300.0,0.4444444444444444
m3,m3_paper_0,0,3,20250745,9,X,insider,buyer,220.0,400.0,4,26,0.12,310.0,0.5
m3,m3_paper_0,0,3,20250745,9,X,insider,buyer,220.0,400.0,5,26,0.16,310.0,0.5
m3,m3_paper_0,0,3,20250745,9,X,insider,buyer,220.0,400.0,6,26,0.2,310.0,0.5
m3,m3_paper_0,0,3,20250745,9,X,insider,buyer,220.0,400.0,7,26,0.24,300.0,0.4444444444444444
m3,m3_paper_0,0,3,20250745,9,X,insider,buyer,220.0,400.0,8,26,0.28,310.0,0.5
m3,m3_paper_0,0,3,20250745,9,X,insider,buyer,220.0,400.0,9,26,0.32,310.0,0.5
m3,m3_paper_0,0,3,20250745,9,X,insider,buyer,220.0,400.0,10,26,0.36,310.0,0.5
m3,m3_paper_0,0,3,20250745,9,X,insider,buyer,220.0,400.0,11,26,0.4,310.0,0.5
m3,m3_paper_0,0,3,20250745,9,X,insider,buyer,220.0,400.0,12,26,0.44,310.0,0.5
m3,m3_paper_0,0,3,20250745,9,X,insider,buyer,220.0,400.0,13,26,0.48,310.0,0.5
m3,m3_paper_0,0,3,20250745,9,X,insider,buyer,220.0,400.0,14,26,0.52,310.0,0.5
m3,m3_paper_0,0,3,20250745,9,X,insider,buyer,220.0,400.0,15,26,0.56,310.0,0.5
m3,m3_paper_0,0,3,20250745,9,X,insider,buyer,220.0,400.0,16,26,0.6,310.0,0.5
m3,m3_paper_0,0,3,20250745,9,X,insider,buyer,220.0,400.0,17,26,0.64,299.0,0.4388888888888889
m3,m3_paper_0,0,3,20250745,9,X,insider,buyer,220.0,400.0,18,26,0.68,125.0,-0.5277777777777778
m3,m3_paper_0,0,3,20250745,9,X,insider,buyer,220.0,400.0,19,26,0.72,125.0,-0.5277777777777778
m3,m3_paper_0,0,3,20250745,9,X,insider,buyer,220.0,400.0,20,26,0.76,250.0,0.16666666666666666
m3,m3_paper_0,0,3,20250745,9,X,insider,buyer,220.0,400.0,21,26,0.8,125.0,-0.5277777777777778
m3,m3_paper_0,0,3,20250745,9,X,insider,buyer,220.0,400.0,22,26,0.84,125.0,-0.5277777777777778
m3,m3_paper_0,0,3,20250745,9,X,insider,buyer,220.0,400.0,23,26,0.88,125.0,-0.5277777777777778
m3,m3_paper_0,0,3,20250745,9,X,insider,buyer,220.0,400.0,24,26,0.92,125.0,-0.5277777777777778
m3,m3_paper_0,0,3,20250745,9,X,insider,buyer,220.0,400.0,25,26,0.96,150.0,-0.3888888888888889
m3,m3_paper_0,0,3,20250745,9,X,insider,buyer,220.0,400.0,26,26,1.0,200.0,-0.1111111111111111
m3,m3_paper_0,0,3,20250745,10,Y,insider,seller,220.0,175.0,1,22,0.0,200.0,0.4444444444444444
m3,m3_paper_0,0,3,20250745,10,Y,insider,seller,220.0,175.0,2,22,0.047619047619047616,190.0,0.6666666666666666
m3,m3_paper_0,0,3,20250745,10,Y,insider,seller,220.0,175.0,3,22,0.09523809523809523,190.0,0.6666666666666666
m3,m3_paper_0,0,3,20250745,10,Y,insider,seller,220.0,175.0,4,22,0.14285714285714285,190.0,0.6666666666666666
m3,m3_paper_0,0,3,20250745,10,Y,insider,seller,220.0,175.0,5,22,0.19047619047619047,180.0,0.8888888888888888
m3,m3_paper_0,0,3,20250745,10,Y,insider,seller,220.0,175.0,6,22,0.23809523809523808,180.0,0.8888888888888888
m3,m3_paper_0,0,3,20250745,10,Y,insider,seller,220.0,175.0,7,22,0.2857142857142857,180.0,0.8888888888888888
m3,m3_paper_0,0,3,20250745,10,Y,insider,seller,220.0,175.0,8,22,0.3333333333333333,180.0,0.8888888888888888
m3,m3_paper_0,0,3,20250745,10,Y,insider,seller,220.0,175.0,9,22,0.38095238095238093,180.0,0.8888888888888888
m3,m3_paper_0,0,3,20250745,10,Y,insider,seller,220.0,175.0,10,22,0.42857142857142855,180.0,0.8888888888888888
m3,m3_paper_0,0,3,20250745,10,Y,insider,seller,220.0,175.0,11,22,0.47619047619047616,180.0,0.8888888888888888
m3,m3_paper_0,0,3,20250745,10,Y,insider,seller,220.0,175.0,12,22,0.5238095238095238,180.0,0.8888888888888888
m3,m3_paper_0,0,3,20250745,10,Y,insider,seller,220.0,175.0,13,22,0.5714285714285714,180.0,0.8888888888888888
m3,m3_paper_0,0,3,20250745,10,Y,insider,seller,220.0,175.0,14,22,0.6190476190476191,174.0,1.0222222222222221
m3,m3_paper_0,0,3,20250745,10,Y,insider,seller,220.0,175.0,15,22,0.6666666666666666,180.0,0.8888888888888888
m3,m3_paper_0,0,3,20250745,10,Y,insider,seller,220.0,175.0,16,22,0.7142857142857143,180.0,0.8888888888888888
m3,m3_paper_0,0,3,20250745,10,Y,insider,seller,220.0,175.0,17,22,0.7619047619047619,180.0,0.8888888888888888
m3,m3_paper_0,0,3,20250745,10,Y,insider,seller,220.0,175.0,18,22,0.8095238095238095,180.0,0.8888888888888888
m3,m3_paper_0,0,3,20250745,10,Y,insider,seller,220.0,175.0,19,22,0.8571428571428571,174.0,1.0222222222222221
m3,m3_paper_0,0,3,20250745,10,Y,insider,seller,220.0,175.0,20,22,0.9047619047619048,174.0,1.0222222222222221
m3,m3_paper_0,0,3,20250745,10,Y,insider,seller,220.0,175.0,21,22,0.9523809523809523,149.0,1.5777777777777777
m3,m3_paper_0,0,3,20250745,10,Y,insider,seller,220.0,175.0,22,22,1.0,179.0,0.9111111111111111
m3,m3_paper_1,0,3,20250746,3,Y,insider,seller,220.0,175.0,1,11,0.0,200.0,0.4444444444444444
m3,m3_paper_1,0,3,20250746,3,Y,insider,seller,220.0,175.0,2,11,0.1,196.0,0.5333333333333333
m3,m3_paper_1,0,3,20250746,3,Y,insider,seller,220.0,175.0,3,11,0.2,199.0,0.4666666666666667
m3,m3_paper_1,0,3,20250746,3,Y,insider,seller,220.0,175.0,4,11,0.3,197.0,0.5111111111111111
m3,m3_paper_1,0,3,20250746,3,Y,insider,seller,220.0,175.0,5,11,0.4,196.0,0.5333333333333333
m3,m3_paper_1,0,3,20250746,3,Y,insider,seller,220.0,175.0,6,11,0.5,196.0,0.5333333333333333
m3,m3_paper_1,0,3,20250746,3,Y,insider,seller,220.0,175.0,7,11,0.6,194.0,0.5777777777777777
m3,m3_paper_1,0,3,20250746,3,Y,insider,seller,220.0,175.0,8,11,0.7,194.0,0.5777777777777777
m3,m3_paper_1,0,3,20250746,3,Y,insider,seller,220.0,175.0,9,11,0.8,194.0,0.5777777777777777
m3,m3_paper_1,0,3,20250746,3,Y,insider,seller,220.0,175.0,10,11,0.9,184.0,0.8
m3,m3_paper_1,0,3,20250746,3,Y,insider,seller,220.0,175.0,11,11,1.0,179.0,0.9111111111111111
m3,m3_paper_1,0,3,20250746,4,X,insider,buyer,220.0,400.0,1,16,0.0,200.0,-0.1111111111111111
m3,m3_paper_1,0,3,20250746,4,X,insider,buyer,220.0,400.0,2,16,0.06666666666666667,200.0,-0.1111111111111111
m3,m3_paper_1,0,3,20250746,4,X,insider,buyer,220.0,400.0,3,16,0.13333333333333333,200.0,-0.1111111111111111
m3,m3_paper_1,0,3,20250746,4,X,insider,buyer,220.0,400.0,4,16,0.2,200.0,-0.1111111111111111
m3,m3_paper_1,0,3,20250746,4,X,insider,buyer,220.0,400.0,5,16,0.26666666666666666,200.0,-0.1111111111111111
m3,m3_paper_1,0,3,20250746,4,X,insider,buyer,220.0,400.0,6,16,0.3333333333333333,200.0,-0.1111111111111111
m3,m3_paper_1,0,3,20250746,4,X,insider,buyer,220.0,400.0,7,16,0.4,200.0,-0.1111111111111111
m3,m3_paper_1,0,3,20250746,4,X,insider,buyer,220.0,400.0,8,16,0.4666666666666667,200.0,-0.1111111111111111
m3,m3_paper_1,0,3,20250746,4,X,insider,buyer,220.0,400.0,9,16,0.5333333333333333,200.0,-0.1111111111111111
m3,m3_paper_1,0,3,20250746,4,X,insider,buyer,220.0,400.0,10,16,0.6,200.0,-0.1111111111111111
m3,m3_paper_1,0,3,20250746,4,X,insider,buyer,220.0,400.0,11,16,0.6666666666666666,200.0,-0.1111111111111111
m3,m3_paper_1,0,3,20250746,4,X,insider,buyer,220.0,400.0,12,16,0.7333333333333333,200.0,-0.1111111111111111
m3,m3_paper_1,0,3,20250746,4,X,insider,buyer,220.0,400.0,13,16,0.8,200.0,-0.1111111111111111
m3,m3_paper_1,0,3,20250746,4,X,insider,buyer,220.0,400.0,14,16,0.8666666666666667,200.0,-0.1111111111111111
m3,m3_paper_1,0,3,20250746,4,X,insider,buyer,220.0,400.0,15,16,0.9333333333333333,200.0,-0.1111111111111111
m3,m3_paper_1,0,3,20250746,4,X,insider,buyer,220.0,400.0,16,16,1.0,200.0,-0.1111111111111111
m3,m3_paper_1,0,3,20250746,5,Y,insider,seller,220.0,175.0,1,18,0.0,170.0,1.1111111111111112
m3,m3_paper_1,0,3,20250746,5,Y,insider,seller,220.0,175.0,2,18,0.058823529411764705,170.0,1.1111111111111112
m3,m3_paper_1,0,3,20250746,5,Y,insider,seller,220.0,175.0,3,18,0.11764705882352941,170.0,1.1111111111111112
m3,m3_paper_1,0,3,20250746,5,Y,insider,seller,220.0,175.0,4,18,0.17647058823529413,170.0,1.1111111111111112
m3,m3_paper_1,0,3,20250746,5,Y,insider,seller,220.0,175.0,5,18,0.23529411764705882,170.0,1.1111111111111112
m3,m3_paper_1,0,3,20250746,5,Y,insider,seller,220.0,175.0,6,18,0.29411764705882354,180.0,0.8888888888888888
m3,m3_paper_1,0,3,20250746,5,Y,insider,seller,220.0,175.0,7,18,0.35294117647058826,180.0,0.8888888888888888
m3,m3_paper_1,0,3,20250746,5,Y,insider,seller,220.0,175.0,8,18,0.4117647058823529,180.0,0.8888888888888888
m3,m3_paper_1,0,3,20250746,5,Y,insider,seller,220.0,175.0,9,18,0.47058823529411764,189.0,0.6888888888888889
m3,m3_paper_1,0,3,20250746,5,Y,insider,seller,220.0,175.0,10,18,0.5294117647058824,180.0,0.8888888888888888
m3,m3_paper_1,0,3,20250746,5,Y,insider,seller,220.0,175.0,11,18,0.5882352941176471,180.0,0.8888888888888888
m3,m3_paper_1,0,3,20250746,5,Y,insider,seller,220.0,175.0,12,18,0.6470588235294118,179.0,0.9111111111111111
m3,m3_paper_1,0,3,20250746,5,Y,insider,seller,220.0,175.0,13,18,0.7058823529411765,177.0,0.9555555555555556
m3,m3_paper_1,0,3,20250746,5,Y,insider,seller,220.0,175.0,14,18,0.7647058823529411,177.0,0.9555555555555556
m3,m3_paper_1,0,3,20250746,5,Y,insider,seller,220.0,175.0,15,18,0.8235294117647058,177.0,0.9555555555555556
m3,m3_paper_1,0,3,20250746,5,Y,insider,seller,220.0,175.0,16,18,0.8823529411764706,176.0,0.9777777777777777
m3,m3_paper_1,0,3,20250746,5,Y,insider,seller,220.0,175.0,17,18,0.9411764705882353,176.0,0.9777777777777777
m3,m3_paper_1,0,3,20250746,5,Y,insider,seller,220.0,175.0,18,18,1.0,176.0,0.9777777777777777
m3,m3_paper_1,0,3,20250746,6,Y,insider,seller,220.0,175.0,1,24,0.0,165.0,1.2222222222222223
m3,m3_paper_1,0,3,20250746,6,Y,insider,seller,220.0,175.0,2,24,0.043478260869565216,170.0,1.1111111111111112
m3,m3_paper_1,0,3,20250746,6,Y,insider,seller,220.0,175.0,3,24,0.08695652173913043,175.0,1.0
m3,m3_paper_1,0,3,20250746,6,Y,insider,seller,220.0,175.0,4,24,0.13043478260869565,175.0,1.0
m3,m3_paper_1,0,3,20250746,6,Y,insider,seller,220.0,175.0,5,24,0.17391304347826086,170.0,1.1111111111111112
m3,m3_paper_1,0,3,20250746,6,Y,insider,seller,220.0,175.0,6,24,0.21739130434782608,175.0,1.0
m3,m3_paper_1,0,3,20250746,6,Y,insider,seller,220.0,175.0,7,24,0.2608695652173913,170.0,1.1111111111111112
m3,m3_paper_1,0,3,20250746,6,Y,insider,seller,220.0,175.0,8,24,0.30434782608695654,175.0,1.0
m3,m3_paper_1,0,3,20250746,6,Y,insider,seller,220.0,175.0,9,24,0.34782608695652173,175.0,1.0
m3,m3_paper_1,0,3,20250746,6,Y,insider,seller,220.0,175.0,10,24,0.391304347826087,175.0,1.0
m3,m3_paper_1,0,3,20250746,6,Y,insider,seller,220.0,175.0,11,24,0.43478260869565216,174.0,1.0222222222222221
m3,m3_paper_1,0,3,20250746,6,Y,insider,seller,220.0,175.0,12,24,0.4782608695652174,174.0,1.0222222222222221
m3,m3_paper_1,0,3,20250746,6,Y,insider,seller,220.0,175.0,13,24,0.5217391304347826,174.0,1.0222222222222221
m3,m3_paper_1,0,3,20250746,6,Y,insider,seller,220.0,175.0,14,24,0.5652173913043478,174.0,1.0222222222222221
m3,m3_paper_1,0,3,20250746,6,Y,insider,seller,220.0,175.0,15,24,0.6086956521739131,174.0,1.0222222222222221
m3,m3_paper_1,0,3,20250746,6,Y,insider,seller,220.0,175.0,16,24,0.6521739130434783,174.0,1.0222222222222221
m3,m3_paper_1,0,3,20250746,6,Y,insider,seller,220.0,175.0,17,24,0.6956521739130435,174.0,1.0222222222222221
m3,m3_paper_1,0,3,20250746,6,Y,insider,seller,220.0,175.0,18,24,0.7391304347826086,149.0,1.5777777777777777
m3,m3_paper_1,0,3,20250746,6,Y,insider,seller,220.0,175.0,19,24,0.782608695652174,150.0,1.5555555555555556
m3,m3_paper_1,0,3,20250746,6,Y,insider,seller,220.0,175.0,20,24,0.8260869565217391,149.0,1.5777777777777777
m3,m3_paper_1,0,3,20250746,6,Y,insider,seller,220.0,175.0,21,24,0.8695652173913043,149.0,1.5777777777777777
m3,m3_paper_1,0,3,20250746,6,Y,insider,seller,220.0,175.0,22,24,0.9130434782608695,150.0,1.5555555555555556
m3,m3_paper_1,0,3,20250746,6,Y,insider,seller,220.0,175.0,23,24,0.9565217391304348,150.0,1.5555555555555556
m3,m3_paper_1,0,3,20250746,6,Y,insider,seller,220.0,175.0,24,24,1.0,150.0,1.5555555555555556
m3,m3_paper_1,0,3,20250746,7,X,insider,buyer,220.0,400.0,1,20,0.0,170.0,-0.2777777777777778
m3,m3_paper_1,0,3,20250746,7,X,insider,buyer,220.0,400.0,2,20,0.05263157894736842,200.0,-0.1111111111111111
m3,m3_paper_1,0,3,20250746,7,X,insider,buyer,220.0,400.0,3,20,0.10526315789473684,190.0,-0.16666666666666666
m3,m3_paper_1,0,3,20250746,7,X,insider,buyer,220.0,400.0,4,20,0.15789473684210525,200.0,-0.1111111111111111
m3,m3_paper_1,0,3,20250746,7,X,insider,buyer,220.0,400.0,5,20,0.21052631578947367,250.0,0.16666666666666666
m3,m3_paper_1,0,3,20250746,7,X,insider,buyer,220.0,400.0,6,20,0.2631578947368421,250.0,0.16666666666666666
m3,m3_paper_1,0,3,20250746,7,X,insider,buyer,220.0,400.0,7,20,0.3157894736842105,250.0,0.16666666666666666
m3,m3_paper_1,0,3,20250746,7,X,insider,buyer,220.0,400.0,8,20,0.3684210526315789,260.0,0.2222222222222222
m3,m3_paper_1,0,3,20250746,7,X,insider,buyer,220.0,400.0,9,20,0.42105263157894735,260.0,0.2222222222222222
m3,m3_paper_1,0,3,20250746,7,X,insider,buyer,220.0,400.0,10,20,0.47368421052631576,270.0,0.2777777777777778
m3,m3_paper_1,0,3,20250746,7,X,insider,buyer,220.0,400.0,11,20,0.5263157894736842,270.0,0.2777777777777778
m3,m3_paper_1,0,3,20250746,7,X,insider,buyer,220.0,400.0,12,20,0.5789473684210527,280.0,0.3333333333333333
m3,m3_paper_1,0,3,20250746,7,X,insider,buyer,220.0,400.0,13,20,0.631578947368421,290.0,0.3888888888888889
m3,m3_paper_1,0,3,20250746,7,X,insider,buyer,220.0,400.0,14,20,0.6842105263157895,290.0,0.3888888888888889
m3,m3_paper_1,0,3,20250746,7,X,insider,buyer,220.0,400.0,15,20,0.7368421052631579,300.0,0.4444444444444444
m3,m3_paper_1,0,3,20250746,7,X,insider,buyer,220.0,400.0,16,20,0.7894736842105263,290.0,0.3888888888888889
m3,m3_paper_1,0,3,20250746,7,X,insider,buyer,220.0,400.0,17,20,0.8421052631578947,300.0,0.4444444444444444
m3,m3_paper_1,0,3,20250746,7,X,insider,buyer,220.0,400.0,18,20,0.8947368421052632,299.0,0.4388888888888889
m3,m3_paper_1,0,3,20250746,7,X,insider,buyer,220.0,400.0,19,20,0.9473684210526315,124.0,-0.5333333333333333
m3,m3_paper_1,0,3,20250746,7,X,insider,buyer,220.0,400.0,20,20,1.0,124.0,-0.5333333333333333
m3,m3_paper_1,0,3,20250746,8,Y,insider,seller,220.0,175.0,1,28,0.0,200.0,0.4444444444444444
m3,m3_paper_1,0,3,20250746,8,Y,insider,seller,220.0,175.0,2,28,0.037037037037037035,200.0,0.4444444444444444
m3,m3_paper_1,0,3,20250746,8,Y,insider,seller,220.0,175.0,3,28,0.07407407407407407,200.0,0.4444444444444444
m3,m3_paper_1,0,3,20250746,8,Y,insider,seller,220.0,175.0,4,28,0.1111111111111111,200.0,0.4444444444444444
m3,m3_paper_1,0,3,20250746,8,Y,insider,seller,220.0,175.0,5,28,0.14814814814814814,200.0,0.4444444444444444
m3,m3_paper_1,0,3,20250746,8,Y,insider,seller,220.0,175.0,6,28,0.18518518518518517,200.0,0.4444444444444444
m3,m3_paper_1,0,3,20250746,8,Y,insider,seller,220.0,175.0,7,28,0.2222222222222222,200.0,0.4444444444444444
m3,m3_paper_1,0,3,20250746,8,Y,insider,seller,220.0,175.0,8,28,0.25925925925925924,200.0,0.4444444444444444
m3,m3_paper_1,0,3,20250746,8,Y,insider,seller,220.0,175.0,9,28,0.2962962962962963,200.0,0.4444444444444444
m3,m3_paper_1,0,3,20250746,8,Y,insider,seller,220.0,175.0,10,28,0.3333333333333333,200.0,0.4444444444444444
m3,m3_paper_1,0,3,20250746,8,Y,insider,seller,220.0,175.0,11,28,0.37037037037037035,200.0,0.4444444444444444
m3,m3_paper_1,0,3,20250746,8,Y,insider,seller,220.0,175.0,12,28,0.4074074074074074,200.0,0.4444444444444444
m3,m3_paper_1,0,3,20250746,8,Y,insider,seller,220.0,175.0,13,28,0.4444444444444444,200.0,0.4444444444444444
m3,m3_paper_1,0,3,20250746,8,Y,insider,seller,220.0,175.0,14,28,0.48148148148148145,200.0,0.4444444444444444
m3,m3_paper_1,0,3,20250746,8,Y,insider,seller,220.0,175.0,15,28,0.5185185185185185,200.0,0.4444444444444444
m3,m3_paper_1,0,3,20250746,8,Y,insider,seller,220.0,175.0,16,28,0.5555555555555556,200.0,0.4444444444444444
m3,m3_paper_1,0,3,20250746,8,Y,insider,seller,220.0,175.0,17,28,0.5925925925925926,200.0,0.4444444444444444
m3,m3_paper_1,0,3,20250746,8,Y,insider,seller,220.0,175.0,18,28,0.6296296296296297,200.0,0.4444444444444444
m3,m3_paper_1,0,3,20250746,8,Y,insider,seller,220.0,175.0,19,28,0.6666666666666666,200.0,0.4444444444444444
m3,m3_paper_1,0,3,20250746,8,Y,insider,seller,220.0,175.0,20,28,0.7037037037037037,200.0,0.4444444444444444
m3,m3_paper_1,0,3,20250746,8,Y,insider,seller,220.0,175.0,21,28,0.7407407407407407,174.0,1.0222222222222221
m3,m3_paper_1,0,3,20250746,8,Y,insider,seller,220.0,175.0,22,28,0.7777777777777778,174.0,1.0222222222222221
m3,m3_paper_1,0,3,20250746,8,Y,insider,seller,220.0,175.0,23,28,0.8148148148148148,174.0,1.0222222222222221
m3,m3_paper_1,0,3,20250746,8,Y,insider,seller,220.0,175.0,24,28,0.8518518518518519,149.0,1.5777777777777777
m3,m3_paper_1,0,3,20250746,8,Y,insider,seller,220.0,175.0,25,28,0.8888888888888888,149.0,1.5777777777777777
m3,m3_paper_1,0,3,20250746,8,Y,insider,seller,220.0,175.0,26,28,0.9259259259259259,149.0,1.5777777777777777
m3,m3_paper_1,0,3,20250746,8,Y,insider,seller,220.0,175.0,27,28,0.9629629629629629,149.0,1.5777777777777777
m3,m3_paper_1,0,3,20250746,8,Y,insider,seller,220.0,175.0,28,28,1.0,149.0,1.5777777777777777
m3,m3_paper_1,0,3,20250746,9,X,insider,buyer,220.0,400.0,1,19,0.0,200.0,-0.1111111111111111
m3,m3_paper_1,0,3,20250746,9,X,insider,buyer,220.0,400.0,2,19,0.05555555555555555,300.0,0.4444444444444444
m3,m3_paper_1,0,3,20250746,9,X,insider,buyer,220.0,400.0,3,19,0.1111111111111111,310.0,0.5
m3,m3_paper_1,0,3,20250746,9,X,insider,buyer,220.0,400.0,4,19,0.16666666666666666,300.0,0.4444444444444444
m3,m3_paper_1,0,3,20250746,9,X,insider,buyer,220.0,400.0,5,19,0.2222222222222222,320.0,0.5555555555555556
m3,m3_paper_1,0,3,20250746,9,X,insider,buyer,220.0,400.0,6,19,0.2777777777777778,310.0,0.5
m3,m3_paper_1,0,3,20250746,9,X,insider,buyer,220.0,400.0,7,19,0.3333333333333333,330.0,0.6111111111111112
m3,m3_paper_1,0,3,20250746,9,X,insider,buyer,220.0,400.0,8,19,0.3888888888888889,330.0,0.6111111111111112
m3,m3_paper_1,0,3,20250746,9,X,insider,buyer,220.0,400.0,9,19,0.4444444444444444,330.0,0.6111111111111112
m3,m3_paper_1,0,3,20250746,9,X,insider,buyer,220.0,400.0,10,19,0.5,290.0,0.3888888888888889
m3,m3_paper_1,0,3,20250746,9,X,insider,buyer,220.0,400.0,11,19,0.5555555555555556,124.0,-0.5333333333333333
m3,m3_paper_1,0,3,20250746,9,X,insider,buyer,220.0,400.0,12,19,0.6111111111111112,125.0,-0.5277777777777778
m3,m3_paper_1,0,3,20250746,9,X,insider,buyer,220.0,400.0,13,19,0.6666666666666666,130.0,-0.5
m3,m3_paper_1,0,3,20250746,9,X,insider,buyer,220.0,400.0,14,19,0.7222222222222222,131.0,-0.49444444444444446
m3,m3_paper_1,0,3,20250746,9,X,insider,buyer,220.0,400.0,15,19,0.7777777777777778,130.0,-0.5
m3,m3_paper_1,0,3,20250746,9,X,insider,buyer,220.0,400.0,16,19,0.8333333333333334,130.0,-0.5
m3,m3_paper_1,0,3,20250746,9,X,insider,buyer,220.0,400.0,17,19,0.8888888888888888,200.0,-0.1111111111111111
m3,m3_paper_1,0,3,20250746,9,X,insider,buyer,220.0,400.0,18,19,0.9444444444444444,200.0,-0.1111111111111111
m3,m3_paper_1,0,3,20250746,9,X,insider,buyer,220.0,400.0,19,19,1.0,144.0,-0.4222222222222222
m3,m3_paper_1,0,3,20250746,10,Y,insider,seller,220.0,175.0,1,29,0.0,200.0,0.4444444444444444
m3,m3_paper_1,0,3,20250746,10,Y,insider,seller,220.0,175.0,2,29,0.03571428571428571,200.0,0.4444444444444444
m3,m3_paper_1,0,3,20250746,10,Y,insider,seller,220.0,175.0,3,29,0.07142857142857142,200.0,0.4444444444444444
m3,m3_paper_1,0,3,20250746,10,Y,insider,seller,220.0,175.0,4,29,0.10714285714285714,200.0,0.4444444444444444
m3,m3_paper_1,0,3,20250746,10,Y,insider,seller,220.0,175.0,5,29,0.14285714285714285,200.0,0.4444444444444444
m3,m3_paper_1,0,3,20250746,10,Y,insider,seller,220.0,175.0,6,29,0.17857142857142858,200.0,0.4444444444444444
m3,m3_paper_1,0,3,20250746,10,Y,insider,seller,220.0,175.0,7,29,0.21428571428571427,200.0,0.4444444444444444
m3,m3_paper_1,0,3,20250746,10,Y,insider,seller,220.0,175.0,8,29,0.25,200.0,0.4444444444444444
m3,m3_paper_1,0,3,20250746,10,Y,insider,seller,220.0,175.0,9,29,0.2857142857142857,200.0,0.4444444444444444
m3,m3_paper_1,0,3,20250746,10,Y,insider,seller,220.0,175.0,10,29,0.32142857142857145,200.0,0.4444444444444444
m3,m3_paper_1,0,3,20250746,10,Y,insider,seller,220.0,175.0,11,29,0.35714285714285715,200.0,0.4444444444444444
m3,m3_paper_1,0,3,20250746,10,Y,insider,seller,220.0,175.0,12,29,0.39285714285714285,200.0,0.4444444444444444
m3,m3_paper_1,0,3,20250746,10,Y,insider,seller,220.0,175.0,13,29,0.42857142857142855,200.0,0.4444444444444444
m3,m3_paper_1,0,3,20250746,10,Y,insider,seller,220.0,175.0,14,29,0.4642857142857143,200.0,0.4444444444444444
m3,m3_paper_1,0,3,20250746,10,Y,insider,seller,220.0,175.0,15,29,0.5,200.0,0.4444444444444444
m3,m3_paper_1,0,3,20250746,10,Y,insider,seller,220.0,175.0,16,29,0.5357142857142857,200.0,0.4444444444444444
m3,m3_paper_1,0,3,20250746,10,Y,insider,seller,220.0,175.0,17,29,0.5714285714285714,200.0,0.4444444444444444
m3,m3_paper_1,0,3,20250746,10,Y,insider,seller,220.0,175.0,18,29,0.6071428571428571,160.0,1.3333333333333333
m3,m3_paper_1,0,3,20250746,10,Y,insider,seller,220.0,175.0,19,29,0.6428571428571429,141.0,1.7555555555555555
m3,m3_paper_1,0,3,20250746,10,Y,insider,seller,220.0,175.0,20,29,0.6785714285714286,140.0,1.7777777777777777
m3,m3_paper_1,0,3,20250746,10,Y,insider,seller,220.0,175.0,21,29,0.7142857142857143,150.0,1.5555555555555556
m3,m3_paper_1,0,3,20250746,10,Y,insider,seller,220.0,175.0,22,29,0.75,151.0,1.5333333333333334
m3,m3_paper_1,0,3,20250746,10,Y,insider,seller,220.0,175.0,23,29,0.7857142857142857,160.0,1.3333333333333333
m3,m3_paper_1,0,3,20250746,10,Y,insider,seller,220.0,175.0,24,29,0.8214285714285714,160.0,1.3333333333333333
m3,m3_paper_1,0,3,20250746,10,Y,insider,seller,220.0,175.0,25,29,0.8571428571428571,140.0,1.7777777777777777
m3,m3_paper_1,0,3,20250746,10,Y,insider,seller,220.0,175.0,26,29,0.8928571428571429,150.0,1.5555555555555556
m3,m3_paper_1,0,3,20250746,10,Y,insider,seller,220.0,175.0,27,29,0.9285714285714286,125.0,2.111111111111111
m3,m3_paper_1,0,3,20250746,10,Y,insider,seller,220.0,175.0,28,29,0.9642857142857143,90.0,2.888888888888889
m3,m3_paper_1,0,3,20250746,10,Y,insider,seller,220.0,175.0,29,29,1.0,90.0,2.888888888888889
m3,m3_random_0,0,3,20250747,3,X,insider,buyer,220.0,400.0,1,21,0.0,210.0,-0.05555555555555555
m3,m3_random_0,0,3,20250747,3,X,insider,buyer,220.0,400.0,2,21,0.05,210.0,-0.05555555555555555
m3,m3_random_0,0,3,20250747,3,X,insider,buyer,220.0,400.0,3,21,0.1,210.0,-0.05555555555555555
m3,m3_random_0,0,3,20250747,3,X,insider,buyer,220.0,400.0,4,21,0.15,211.0,-0.05
m3,m3_random_0,0,3,20250747,3,X,insider,buyer,220.0,400.0,5,21,0.2,215.0,-0.027777777777777776
m3,m3_random_0,0,3,20250747,3,X,insider,buyer,220.0,400.0,6,21,0.25,215.0,-0.027777777777777776
m3,m3_random_0,0,3,20250747,3,X,insider,buyer,220.0,400.0,7,21,0.3,215.0,-0.027777777777777776
m3,m3_random_0,0,3,20250747,3,X,insider,buyer,220.0,400.0,8,21,0.35,215.0,-0.027777777777777776
m3,m3_random_0,0,3,20250747,3,X,insider,buyer,220.0,400.0,9,21,0.4,215.0,-0.027777777777777776
m3,m3_random_0,0,3,20250747,3,X,insider,buyer,220.0,400.0,10,21,0.45,215.0,-0.027777777777777776
m3,m3_random_0,0,3,20250747,3,X,insider,buyer,220.0,400.0,11,21,0.5,215.0,-0.027777777777777776
m3,m3_random_0,0,3,20250747,3,X,insider,buyer,220.0,400.0,12,21,0.55,215.0,-0.027777777777777776
m3,m3_random_0,0,3,20250747,3,X,insider,buyer,220.0,400.0,13,21,0.6,215.0,-0.027777777777777776
m3,m3_random_0,0,3,20250747,3,X,insider,buyer,220.0,400.0,14,21,0.65,215.0,-0.027777777777777776
m3,m3_random_0,0,3,20250747,3,X,insider,buyer,220.0,400.0,15,21,0.7,215.0,-0.027777777777777776
m3,m3_random_0,0,3,20250747,3,X,insider,buyer,220.0,400.0,16,21,0.75,215.0,-0.027777777777777776
m3,m3_random_0,0,3,20250747,3,X,insider,buyer,220.0,400.0,17,21,0.8,220.0,0.0
m3,m3_random_0,0,3,20250747,3,X,insider,buyer,220.0,400.0,18,21,0.85,220.0,0.0
m3,m3_random_0,0,3,20250747,3,X,insider,buyer,220.0,400.0,19,21,0.9,217.0,-0.016666666666666666
m3,m3_random_0,0,3,20250747,3,X,insider,buyer,220.0,400.0,20,21,0.95,217.0,-0.016666666666666666
m3,m3_random_0,0,3,20250747,3,X,insider,buyer,220.0,400.0,21,21,1.0,217.0,-0.016666666666666666
m3,m3_random_0,0,3,20250747,4,X,insider,buyer,220.0,400.0,1,19,0.0,250.0,0.16666666666666666
m3,m3_random_0,0,3,20250747,4,X,insider,buyer,220.0,400.0,2,19,0.05555555555555555,250.0,0.16666666666666666
m3,m3_random_0,0,3,20250747,4,X,insider,buyer,220.0,400.0,3,19,0.1111111111111111,250.0,0.16666666666666666
m3,m3_random_0,0,3,20250747,4,X,insider,buyer,220.0,400.0,4,19,0.16666666666666666,251.0,0.17222222222222222
m3,m3_random_0,0,3,20250747,4,X,insider,buyer,220.0,400.0,5,19,0.2222222222222222,250.0,0.16666666666666666
m3,m3_random_0,0,3,20250747,4,X,insider,buyer,220.0,400.0,6,19,0.2777777777777778,250.0,0.16666666666666666
m3,m3_random_0,0,3,20250747,4,X,insider,buyer,220.0,400.0,7,19,0.3333333333333333,251.0,0.17222222222222222
m3,m3_random_0,0,3,20250747,4,X,insider,buyer,220.0,400.0,8,19,0.3888888888888889,251.0,0.17222222222222222
m3,m3_random_0,0,3,20250747,4,X,insider,buyer,220.0,400.0,9,19,0.4444444444444444,251.0,0.17222222222222222
m3,m3_random_0,0,3,20250747,4,X,insider,buyer,220.0,400.0,10,19,0.5,251.0,0.17222222222222222
m3,m3_random_0,0,3,20250747,4,X,insider,buyer,220.0,400.0,11,19,0.5555555555555556,250.0,0.16666666666666666
m3,m3_random_0,0,3,20250747,4,X,insider,buyer,220.0,400.0,12,19,0.6111111111111112,251.0,0.17222222222222222
m3,m3_random_0,0,3,20250747,4,X,insider,buyer,220.0,400.0,13,19,0.6666666666666666,251.0,0.17222222222222222
m3,m3_random_0,0,3,20250747,4,X,insider,buyer,220.0,400.0,14,19,0.7222222222222222,254.0,0.18888888888888888
m3,m3_random_0,0,3,20250747,4,X,insider,buyer,220.0,400.0,15,19,0.7777777777777778,254.0,0.18888888888888888
m3,m3_random_0,0,3,20250747,4,X,insider,buyer,220.0,400.0,16,19,0.8333333333333334,254.0,0.18888888888888888
m3,m3_random_0,0,3,20250747,4,X,insider,buyer,220.0,400.0,17,19,0.8888888888888888,254.0,0.18888888888888888
m3,m3_random_0,0,3,20250747,4,X,insider,buyer,220.0,400.0,18,19,0.9444444444444444,254.0,0.18888888888888888
m3,m3_random_0,0,3,20250747,4,X,insider,buyer,220.0,400.0,19,19,1.0,256.0,0.2
m3,m3_random_0,0,3,20250747,5,X,insider,buyer,220.0,400.0,1,21,0.0,250.0,0.16666666666666666
m3,m3_random_0,0,3,20250747,5,X,insider,buyer,220.0,400.0,2,21,0.05,250.0,0.16666666666666666
m3,m3_random_0,0,3,20250747,5,X,insider,buyer,220.0,400.0,3,21,0.1,255.0,0.19444444444444445
m3,m3_random_0,0,3,20250747,5,X,insider,buyer,220.0,400.0,4,21,0.15,260.0,0.2222222222222222
m3,m3_random_0,0,3,20250747,5,X,insider,buyer,220.0,400.0,5,21,0.2,265.0,0.25
m3,m3_random_0,0,3,20250747,5,X,insider,buyer,220.0,400.0,6,21,0.25,265.0,0.25
m3,m3_random_0,0,3,20250747,5,X,insider,buyer,220.0,400.0,7,21,0.3,265.0,0.25
m3,m3_random_0,0,3,20250747,5,X,insider,buyer,220.0,400.0,8,21,0.35,270.0,0.2777777777777778
m3,m3_random_0,0,3,20250747,5,X,insider,buyer,220.0,400.0,9,21,0.4,275.0,0.3055555555555556
m3,m3_random_0,0,3,20250747,5,X,insider,buyer,220.0,400.0,10,21,0.45,280.0,0.3333333333333333
m3,m3_random_0,0,3,20250747,5,X,insider,buyer,220.0,400.0,11,21,0.5,280.0,0.3333333333333333
m3,m3_random_0,0,3,20250747,5,X,insider,buyer,220.0,400.0,12,21,0.55,280.0,0.3333333333333333
m3,m3_random_0,0,3,20250747,5,X,insider,buyer,220.0,400.0,13,21,0.6,282.0,0.34444444444444444
m3,m3_random_0,0,3,20250747,5,X,insider,buyer,220.0,400.0,14,21,0.65,282.0,0.34444444444444444
m3,m3_random_0,0,3,20250747,5,X,insider,buyer,220.0,400.0,15,21,0.7,282.0,0.34444444444444444
m3,m3_random_0,0,3,20250747,5,X,insider,buyer,220.0,400.0,16,21,0.75,282.0,0.34444444444444444
m3,m3_random_0,0,3,20250747,5,X,insider,buyer,220.0,400.0,17,21,0.8,282.0,0.34444444444444444
m3,m3_random_0,0,3,20250747,5,X,insider,buyer,220.0,400.0,18,21,0.85,284.0,0.35555555555555557
m3,m3_random_0,0,3,20250747,5,X,insider,buyer,220.0,400.0,19,21,0.9,283.0,0.35
m3,m3_random_0,0,3,20250747,5,X,insider,buyer,220.0,400.0,20,21,0.95,286.0,0.36666666666666664
m3,m3_random_0,0,3,20250747,5,X,insider,buyer,220.0,400.0,21,21,1.0,290.0,0.3888888888888889
m3,m3_random_0,0,3,20250747,6,Y,insider,seller,220.0,175.0,1,24,0.0,170.0,1.1111111111111112
m3,m3_random_0,0,3,20250747,6,Y,insider,seller,220.0,175.0,2,24,0.043478260869565216,180.0,0.8888888888888888
m3,m3_random_0,0,3,20250747,6,Y,insider,seller,220.0,175.0,3,24,0.08695652173913043,180.0,0.8888888888888888
m3,m3_random_0,0,3,20250747,6,Y,insider,seller,220.0,175.0,4,24,0.13043478260869565,179.0,0.9111111111111111
m3,m3_random_0,0,3,20250747,6,Y,insider,seller,220.0,175.0,5,24,0.17391304347826086,180.0,0.8888888888888888
m3,m3_random_0,0,3,20250747,6,Y,insider,seller,220.0,175.0,6,24,0.21739130434782608,180.0,0.8888888888888888
m3,m3_random_0,0,3,20250747,6,Y,insider,seller,220.0,175.0,7,24,0.2608695652173913,180.0,0.8888888888888888
m3,m3_random_0,0,3,20250747,6,Y,insider,seller,220.0,175.0,8,24,0.30434782608695654,180.0,0.8888888888888888
m3,m3_random_0,0,3,20250747,6,Y,insider,seller,220.0,175.0,9,24,0.34782608695652173,180.0,0.8888888888888888
m3,m3_random_0,0,3,20250747,6,Y,insider,seller,220.0,175.0,10,24,0.391304347826087,180.0,0.8888888888888888
m3,m3_random_0,0,3,20250747,6,Y,insider,seller,220.0,175.0,11,24,0.43478260869565216,179.0,0.9111111111111111
m3,m3_random_0,0,3,20250747,6,Y,insider,seller,220.0,175.0,12,24,0.4782608695652174,179.0,0.9111111111111111
m3,m3_random_0,0,3,20250747,6,Y,insider,seller,220.0,175.0,13,24,0.5217391304347826,174.0,1.0222222222222221
m3,m3_random_0,0,3,20250747,6,Y,insider,seller,220.0,175.0,14,24,0.5652173913043478,179.0,0.9111111111111111
m3,m3_random_0,0,3,20250747,6,Y,insider,seller,220.0,175.0,15,24,0.6086956521739131,179.0,0.9111111111111111
m3,m3_random_0,0,3,20250747,6,Y,insider,seller,220.0,175.0,16,24,0.6521739130434783,179.0,0.9111111111111111
m3,m3_random_0,0,3,20250747,6,Y,insider,seller,220.0,175.0,17,24,0.6956521739130435,179.0,0.9111111111111111
m3,m3_random_0,0,3,20250747,6,Y,insider,seller,220.0,175.0,18,24,0.7391304347826086,179.0,0.9111111111111111
m3,m3_random_0,0,3,20250747,6,Y,insider,seller,220.0,175.0,19,24,0.782608695652174,179.0,0.9111111111111111
m3,m3_random_0,0,3,20250747,6,Y,insider,seller,220.0,175.0,20,24,0.8260869565217391,179.0,0.9111111111111111
m3,m3_random_0,0,3,20250747,6,Y,insider,seller,220.0,175.0,21,24,0.8695652173913043,179.0,0.9111111111111111
m3,m3_random_0,0,3,20250747,6,Y,insider,seller,220.0,175.0,22,24,0.9130434782608695,178.0,0.9333333333333333
m3,m3_random_0,0,3,20250747,6,Y,insider,seller,220.0,175.0,23,24,0.9565217391304348,178.0,0.9333333333333333
m3,m3_random_0,0,3,20250747,6,Y,insider,seller,220.0,175.0,24,24,1.0,178.0,0.9333333333333333
m3,m3_random_0,0,3,20250747,7,Y,insider,seller,220.0,175.0,1,23,0.0,170.0,1.1111111111111112
m3,m3_random_0,0,3,20250747,7,Y,insider,seller,220.0,175.0,2,23,0.045454545454545456,171.0,1.0888888888888888
m3,m3_random_0,0,3,20250747,7,Y,insider,seller,220.0,175.0,3,23,0.09090909090909091,171.0,1.0888888888888888
m3,m3_random_0,0,3,20250747,7,Y,insider,seller,220.0,175.0,4,23,0.13636363636363635,170.0,1.1111111111111112
m3,m3_random_0,0,3,20250747,7,Y,insider,seller,220.0,175.0,5,23,0.18181818181818182,171.0,1.0888888888888888
m3,m3_random_0,0,3,20250747,7,Y,insider,seller,220.0,175.0,6,23,0.22727272727272727,170.0,1.1111111111111112
m3,m3_random_0,0,3,20250747,7,Y,insider,seller,220.0,175.0,7,23,0.2727272727272727,170.0,1.1111111111111112
m3,m3_random_0,0,3,20250747,7,Y,insider,seller,220.0,175.0,8,23,0.3181818181818182,170.0,1.1111111111111112
m3,m3_random_0,0,3,20250747,7,Y,insider,seller,220.0,175.0,9,23,0.36363636363636365,170.0,1.1111111111111112
m3,m3_random_0,0,3,20250747,7,Y,insider,seller,220.0,175.0,10,23,0.4090909090909091,170.0,1.1111111111111112
m3,m3_random_0,0,3,20250747,7,Y,insider,seller,220.0,175.0,11,23,0.45454545454545453,170.0,1.1111111111111112
m3,m3_random_0,0,3,20250747,7,Y,insider,seller,220.0,175.0,12,23,0.5,170.0,1.1111111111111112
m3,m3_random_0,0,3,20250747,7,Y,insider,seller,220.0,175.0,13,23,0.5454545454545454,170.0,1.1111111111111112
m3,m3_random_0,0,3,20250747,7,Y,insider,seller,220.0,175.0,14,23,0.5909090909090909,170.0,1.1111111111111112
m3,m3_random_0,0,3,20250747,7,Y,insider,seller,220.0,175.0,15,23,0.6363636363636364,170.0,1.1111111111111112
m3,m3_random_0,0,3,20250747,7,Y,insider,seller,220.0,175.0,16,23,0.6818181818181818,170.0,1.1111111111111112
m3,m3_random_0,0,3,20250747,7,Y,insider,seller,220.0,175.0,17,23,0.7272727272727273,170.0,1.1111111111111112
m3,m3_random_0,0,3,20250747,7,Y,insider,seller,220.0,175.0,18,23,0.7727272727272727,170.0,1.1111111111111112
m3,m3_random_0,0,3,20250747,7,Y,insider,seller,220.0,175.0,19,23,0.8181818181818182,170.0,1.1111111111111112
m3,m3_random_0,0,3,20250747,7,Y,insider,seller,220.0,175.0,20,23,0.8636363636363636,150.0,1.5555555555555556
m3,m3_random_0,0,3,20250747,7,Y,insider,seller,220.0,175.0,21,23,0.9090909090909091,170.0,1.1111111111111112
m3,m3_random_0,0,3,20250747,7,Y,insider,seller,220.0,175.0,22,23,0.9545454545454546,170.0,1.1111111111111112
m3,m3_random_0,0,3,20250747,7,Y,insider,seller,220.0,175.0,23,23,1.0,170.0,1.1111111111111112
m3,m3_random_0,0,3,20250747,8,Y,insider,seller,220.0,175.0,1,24,0.0,170.0,1.1111111111111112
m3,m3_random_0,0,3,20250747,8,Y,insider,seller,220.0,175.0,2,24,0.043478260869565216,170.0,1.1111111111111112
m3,m3_random_0,0,3,20250747,8,Y,insider,seller,220.0,175.0,3,24,0.08695652173913043,170.0,1.1111111111111112
m3,m3_random_0,0,3,20250747,8,Y,insider,seller,220.0,175.0,4,24,0.13043478260869565,170.0,1.1111111111111112
m3,m3_random_0,0,3,20250747,8,Y,insider,seller,220.0,175.0,5,24,0.17391304347826086,170.0,1.1111111111111112
m3,m3_random_0,0,3,20250747,8,Y,insider,seller,220.0,175.0,6,24,0.21739130434782608,170.0,1.1111111111111112
m3,m3_random_0,0,3,20250747,8,Y,insider,seller,220.0,175.0,7,24,0.2608695652173913,170.0,1.1111111111111112
m3,m3_random_0,0,3,20250747,8,Y,insider,seller,220.0,175.0,8,24,0.30434782608695654,170.0,1.1111111111111112
m3,m3_random_0,0,3,20250747,8,Y,insider,seller,220.0,175.0,9,24,0.34782608695652173,170.0,1.1111111111111112
m3,m3_random_0,0,3,20250747,8,Y,insider,seller,220.0,175.0,10,24,0.391304347826087,170.0,1.1111111111111112
m3,m3_random_0,0,3,20250747,8,Y,insider,seller,220.0,175.0,11,24,0.43478260869565216,170.0,1.1111111111111112
m3,m3_random_0,0,3,20250747,8,Y,insider,seller,220.0,175.0,12,24,0.4782608695652174,170.0,1.1111111111111112
m3,m3_random_0,0,3,20250747,8,Y,insider,seller,220.0,175.0,13,24,0.5217391304347826,171.0,1.0888888888888888
m3,m3_random_0,0,3,20250747,8,Y,insider,seller,220.0,175.0,14,24,0.5652173913043478,170.0,1.1111111111111112
m3,m3_random_0,0,3,20250747,8,Y,insider,seller,220.0,175.0,15,24,0.6086956521739131,170.0,1.1111111111111112
m3,m3_random_0,0,3,20250747,8,Y,insider,seller,220.0,175.0,16,24,0.6521739130434783,171.0,1.0888888888888888
m3,m3_random_0,0,3,20250747,8,Y,insider,seller,220.0,175.0,17,24,0.6956521739130435,171.0,1.0888888888888888
m3,m3_random_0,0,3,20250747,8,Y,insider,seller,220.0,175.0,18,24,0.7391304347826086,170.0,1.1111111111111112
m3,m3_random_0,0,3,20250747,8,Y,insider,seller,220.0,175.0,19,24,0.782608695652174,170.0,1.1111111111111112
m3,m3_random_0,0,3,20250747,8,Y,insider,seller,220.0,175.0,20,24,0.8260869565217391,170.0,1.1111111111111112
m3,m3_random_0,0,3,20250747,8,Y,insider,seller,220.0,175.0,21,24,0.8695652173913043,170.0,1.1111111111111112
m3,m3_random_0,0,3,20250747,8,Y,insider,seller,220.0,175.0,22,24,0.9130434782608695,172.0,1.0666666666666667
m3,m3_random_0,0,3,20250747,8,Y,insider,seller,220.0,175.0,23,24,0.9565217391304348,170.0,1.1111111111111112
m3,m3_random_0,0,3,20250747,8,Y,insider,seller,220.0,175.0,24,24,1.0,173.0,1.0444444444444445
m3,m3_random_0,0,3,20250747,9,X,insider,buyer,220.0,400.0,1,11,0.0,150.0,-0.3888888888888889
m3,m3_random_0,0,3,20250747,9,X,insider,buyer,220.0,400.0,2,11,0.1,250.0,0.16666666666666666
m3,m3_random_0,0,3,20250747,9,X,insider,buyer,220.0,400.0,3,11,0.2,250.0,0.16666666666666666
m3,m3_random_0,0,3,20250747,9,X,insider,buyer,220.0,400.0,4,11,0.3,260.0,0.2222222222222222
m3,m3_random_0,0,3,20250747,9,X,insider,buyer,220.0,400.0,5,11,0.4,260.0,0.2222222222222222
m3,m3_random_0,0,3,20250747,9,X,insider,buyer,220.0,400.0,6,11,0.5,260.0,0.2222222222222222
m3,m3_random_0,0,3,20250747,9,X,insider,buyer,220.0,400.0,7,11,0.6,260.0,0.2222222222222222
m3,m3_random_0,0,3,20250747,9,X,insider,buyer,220.0,400.0,8,11,0.7,260.0,0.2222222222222222
m3,m3_random_0,0,3,20250747,9,X,insider,buyer,220.0,400.0,9,11,0.8,260.0,0.2222222222222222
m3,m3_random_0,0,3,20250747,9,X,insider,buyer,220.0,400.0,10,11,0.9,260.0,0.2222222222222222
m3,m3_random_0,0,3,20250747,9,X,insider,buyer,220.0,400.0,11,11,1.0,260.0,0.2222222222222222
m3,m3_random_0,0,3,20250747,10,Y,insider,seller,220.0,175.0,1,28,0.0,219.0,0.022222222222222223
m3,m3_random_0,0,3,20250747,10,Y,insider,seller,220.0,175.0,2,28,0.037037037037037035,219.0,0.022222222222222223
m3,m3_random_0,0,3,20250747,10,Y,insider,seller,220.0,175.0,3,28,0.07407407407407407,219.0,0.022222222222222223
m3,m3_random_0,0,3,20250747,10,Y,insider,seller,220.0,175.0,4,28,0.1111111111111111,219.0,0.022222222222222223
m3,m3_random_0,0,3,20250747,10,Y,insider,seller,220.0,175.0,5,28,0.14814814814814814,219.0,0.022222222222222223
m3,m3_random_0,0,3,20250747,10,Y,insider,seller,220.0,175.0,6,28,0.18518518518518517,219.0,0.022222222222222223
m3,m3_random_0,0,3,20250747,10,Y,insider,seller,220.0,175.0,7,28,0.2222222222222222,219.0,0.022222222222222223
m3,m3_random_0,0,3,20250747,10,Y,insider,seller,220.0,175.0,8,28,0.25925925925925924,219.0,0.022222222222222223
m3,m3_random_0,0,3,20250747,10,Y,insider,seller,220.0,175.0,9,28,0.2962962962962963,219.0,0.022222222222222223
m3,m3_random_0,0,3,20250747,10,Y,insider,seller,220.0,175.0,10,28,0.3333333333333333,219.0,0.022222222222222223
m3,m3_random_0,0,3,20250747,10,Y,insider,seller,220.0,175.0,11,28,0.37037037037037035,219.0,0.022222222222222223
m3,m3_random_0,0,3,20250747,10,Y,insider,seller,220.0,175.0,12,28,0.4074074074074074,219.0,0.022222222222222223
m3,m3_random_0,0,3,20250747,10,Y,insider,seller,220.0,175.0,13,28,0.4444444444444444,219.0,0.022222222222222223
m3,m3_random_0,0,3,20250747,10,Y,insider,seller,220.0,175.0,14,28,0.48148148148148145,219.0,0.022222222222222223
m3,m3_random_0,0,3,20250747,10,Y,insider,seller,220.0,175.0,15,28,0.5185185185185185,219.0,0.022222222222222223
m3,m3_random_0,0,3,20250747,10,Y,insider,seller,220.0,175.0,16,28,0.5555555555555556,219.0,0.022222222222222223
m3,m3_random_0,0,3,20250747,10,Y,insider,seller,220.0,175.0,17,28,0.5925925925925926,219.0,0.022222222222222223
m3,m3_random_0,0,3,20250747,10,Y,insider,seller,220.0,175.0,18,28,0.6296296296296297,219.0,0.022222222222222223
m3,m3_random_0,0,3,20250747,10,Y,insider,seller,220.0,175.0,19,28,0.6666666666666666,219.0,0.022222222222222223
m3,m3_random_0,0,3,20250747,10,Y,insider,seller,220.0,175.0,20,28,0.7037037037037037,220.0,-0.0
m3,m3_random_0,0,3,20250747,10,Y,insider,seller,220.0,175.0,21,28,0.7407407407407407,149.0,1.5777777777777777
m3,m3_random_0,0,3,20250747,10,Y,insider,seller,220.0,175.0,22,28,0.7777777777777778,150.0,1.5555555555555556
m3,m3_random_0,0,3,20250747,10,Y,insider,seller,220.0,175.0,23,28,0.8148148148148148,150.0,1.5555555555555556
m3,m3_random_0,0,3,20250747,10,Y,insider,seller,220.0,175.0,24,28,0.8518518518518519,150.0,1.5555555555555556
m3,m3_random_0,0,3,20250747,10,Y,insider,seller,220.0,175.0,25,28,0.8888888888888888,150.0,1.5555555555555556
m3,m3_random_0,0,3,20250747,10,Y,insider,seller,220.0,175.0,26,28,0.9259259259259259,150.0,1.5555555555555556
m3,m3_random_0,0,3,20250747,10,Y,insider,seller,220.0,175.0,27,28,0.9629629629629629,151.0,1.5333333333333334
m3,m3_random_0,0,3,20250747,10,Y,insider,seller,220.0,175.0,28,28,1.0,150.0,1.5555555555555556
m3,m3_random_1,0,3,20250748,3,X,insider,buyer,220.0,400.0,1,22,0.0,210.0,-0.05555555555555555
m3,m3_random_1,0,3,20250748,3,X,insider,buyer,220.0,400.0,2,22,0.047619047619047616,210.0,-0.05555555555555555
m3,m3_random_1,0,3,20250748,3,X,insider,buyer,220.0,400.0,3,22,0.09523809523809523,210.0,-0.05555555555555555
m3,m3_random_1,0,3,20250748,3,X,insider,buyer,220.0,400.0,4,22,0.14285714285714285,210.0,-0.05555555555555555
m3,m3_random_1,0,3,20250748,3,X,insider,buyer,220.0,400.0,5,22,0.19047619047619047,210.0,-0.05555555555555555
m3,m3_random_1,0,3,20250748,3,X,insider,buyer,220.0,400.0,6,22,0.23809523809523808,210.0,-0.05555555555555555
m3,m3_random_1,0,3,20250748,3,X,insider,buyer,220.0,400.0,7,22,0.2857142857142857,210.0,-0.05555555555555555
m3,m3_random_1,0,3,20250748,3,X,insider,buyer,220.0,400.0,8,22,0.3333333333333333,210.0,-0.05555555555555555
m3,m3_random_1,0,3,20250748,3,X,insider,buyer,220.0,400.0,9,22,0.38095238095238093,200.0,-0.1111111111111111
m3,m3_random_1,0,3,20250748,3,X,insider,buyer,220.0,400.0,10,22,0.42857142857142855,200.0,-0.1111111111111111
m3,m3_random_1,0,3,20250748,3,X,insider,buyer,220.0,400.0,11,22,0.47619047619047616,210.0,-0.05555555555555555
m3,m3_random_1,0,3,20250748,3,X,insider,buyer,220.0,400.0,12,22,0.5238095238095238,210.0,-0.05555555555555555
m3,m3_random_1,0,3,20250748,3,X,insider,buyer,220.0,400.0,13,22,0.5714285714285714,210.0,-0.05555555555555555
m3,m3_random_1,0,3,20250748,3,X,insider,buyer,220.0,400.0,14,22,0.6190476190476191,210.0,-0.05555555555555555
m3,m3_random_1,0,3,20250748,3,X,insider,buyer,220.0,400.0,15,22,0.6666666666666666,210.0,-0.05555555555555555
m3,m3_random_1,0,3,20250748,3,X,insider,buyer,220.0,400.0,16,22,0.7142857142857143,210.0,-0.05555555555555555
m3,m3_random_1,0,3,20250748,3,X,insider,buyer,220.0,400.0,17,22,0.7619047619047619,221.0,0.005555555555555556
m3,m3_random_1,0,3,20250748,3,X,insider,buyer,220.0,400.0,18,22,0.8095238095238095,221.0,0.005555555555555556
m3,m3_random_1,0,3,20250748,3,X,insider,buyer,220.0,400.0,19,22,0.8571428571428571,221.0,0.005555555555555556
m3,m3_random_1,0,3,20250748,3,X,insider,buyer,220.0,400.0,20,22,0.9047619047619048,221.0,0.005555555555555556
m3,m3_random_1,0,3,20250748,3,X,insider,buyer,220.0,400.0,21,22,0.9523809523809523,220.0,0.0
m3,m3_random_1,0,3,20250748,3,X,insider,buyer,220.0,400.0,22,22,1.0,221.0,0.005555555555555556
m3,m3_random_1,0,3,20250748,4,Y,insider,seller,220.0,175.0,1,21,0.0,200.0,0.4444444444444444
m3,m3_random_1,0,3,20250748,4,Y,insider,seller,220.0,175.0,2,21,0.05,200.0,0.4444444444444444
m3,m3_random_1,0,3,20250748,4,Y,insider,seller,220.0,175.0,3,21,0.1,200.0,0.4444444444444444
m3,m3_random_1,0,3,20250748,4,Y,insider,seller,220.0,175.0,4,21,0.15,210.0,0.2222222222222222
m3,m3_random_1,0,3,20250748,4,Y,insider,seller,220.0,175.0,5,21,0.2,200.0,0.4444444444444444
m3,m3_random_1,0,3,20250748,4,Y,insider,seller,220.0,175.0,6,21,0.25,210.0,0.2222222222222222
m3,m3_random_1,0,3,20250748,4,Y,insider,seller,220.0,175.0,7,21,0.3,200.0,0.4444444444444444
m3,m3_random_1,0,3,20250748,4,Y,insider,seller,220.0,175.0,8,21,0.35,210.0,0.2222222222222222
m3,m3_random_1,0,3,20250748,4,Y,insider,seller,220.0,175.0,9,21,0.4,200.0,0.4444444444444444
m3,m3_random_1,0,3,20250748,4,Y,insider,seller,220.0,175.0,10,21,0.45,210.0,0.2222222222222222
m3,m3_random_1,0,3,20250748,4,Y,insider,seller,220.0,175.0,11,21,0.5,210.0,0.2222222222222222
m3,m3_random_1,0,3,20250748,4,Y,insider,seller,220.0,175.0,12,21,0.55,247.0,-0.6
m3,m3_random_1,0,3,20250748,4,Y,insider,seller,220.0,175.0,13,21,0.6,247.0,-0.6
m3,m3_random_1,0,3,20250748,4,Y,insider,seller,220.0,175.0,14,21,0.65,248.0,-0.6222222222222222
m3,m3_random_1,0,3,20250748,4,Y,insider,seller,220.0,175.0,15,21,0.7,250.0,-0.6666666666666666
m3,m3_random_1,0,3,20250748,4,Y,insider,seller,220.0,175.0,16,21,0.75,250.0,-0.6666666666666666
m3,m3_random_1,0,3,20250748,4,Y,insider,seller,220.0,175.0,17,21,0.8,250.0,-0.6666666666666666
m3,m3_random_1,0,3,20250748,4,Y,insider,seller,220.0,175.0,18,21,0.85,251.0,-0.6888888888888889
m3,m3_random_1,0,3,20250748,4,Y,insider,seller,220.0,175.0,19,21,0.9,250.0,-0.6666666666666666
m3,m3_random_1,0,3,20250748,4,Y,insider,seller,220.0,175.0,20,21,0.95,250.0,-0.6666666666666666
m3,m3_random_1,0,3,20250748,4,Y,insider,seller,220.0,175.0,21,21,1.0,250.0,-0.6666666666666666
m3,m3_random_1,0,3,20250748,5,X,insider,buyer,220.0,400.0,1,20,0.0,250.0,0.16666666666666666
m3,m3_random_1,0,3,20250748,5,X,insider,buyer,220.0,400.0,2,20,0.05263157894736842,300.0,0.4444444444444444
m3,m3_random_1,0,3,20250748,5,X,insider,buyer,220.0,400.0,3,20,0.10526315789473684,299.0,0.4388888888888889
m3,m3_random_1,0,3,20250748,5,X,insider,buyer,220.0,400.0,4,20,0.15789473684210525,299.0,0.4388888888888889
m3,m3_random_1,0,3,20250748,5,X,insider,buyer,220.0,400.0,5,20,0.21052631578947367,300.0,0.4444444444444444
m3,m3_random_1,0,3,20250748,5,X,insider,buyer,220.0,400.0,6,20,0.2631578947368421,300.0,0.4444444444444444
m3,m3_random_1,0,3,20250748,5,X,insider,buyer,220.0,400.0,7,20,0.3157894736842105,300.0,0.4444444444444444
m3,m3_random_1,0,3,20250748,5,X,insider,buyer,220.0,400.0,8,20,0.3684210526315789,300.0,0.4444444444444444
m3,m3_random_1,0,3,20250748,5,X,insider,buyer,220.0,400.0,9,20,0.42105263157894735,299.0,0.4388888888888889
m3,m3_random_1,0,3,20250748,5,X,insider,buyer,220.0,400.0,10,20,0.47368421052631576,300.0,0.4444444444444444
m3,m3_random_1,0,3,20250748,5,X,insider,buyer,220.0,400.0,11,20,0.5263157894736842,300.0,0.4444444444444444
m3,m3_random_1,0,3,20250748,5,X,insider,buyer,220.0,400.0,12,20,0.5789473684210527,300.0,0.4444444444444444
m3,m3_random_1,0,3,20250748,5,X,insider,buyer,220.0,400.0,13,20,0.631578947368421,300.0,0.4444444444444444
m3,m3_random_1,0,3,20250748,5,X,insider,buyer,220.0,400.0,14,20,0.6842105263157895,300.0,0.4444444444444444
m3,m3_random_1,0,3,20250748,5,X,insider,buyer,220.0,400.0,15,20,0.7368421052631579,300.0,0.4444444444444444
m3,m3_random_1,0,3,20250748,5,X,insider,buyer,220.0,400.0,16,20,0.7894736842105263,300.0,0.4444444444444444
m3,m3_random_1,0,3,20250748,5,X,insider,buyer,220.0,400.0,17,20,0.8421052631578947,301.0,0.45
m3,m3_random_1,0,3,20250748,5,X,insider,buyer,220.0,400.0,18,20,0.8947368421052632,301.0,0.45
m3,m3_random_1,0,3,20250748,5,X,insider,buyer,220.0,400.0,19,20,0.9473684210526315,301.0,0.45
m3,m3_random_1,0,3,20250748,5,X,insider,buyer,220.0,400.0,20,20,1.0,301.0,0.45
m3,m3_random_1,0,3,20250748,6,Y,insider,seller,220.0,175.0,1,15,0.0,200.0,0.4444444444444444
m3,m3_random_1,0,3,20250748,6,Y,insider,seller,220.0,175.0,2,15,0.07142857142857142,190.0,0.6666666666666666
m3,m3_random_1,0,3,20250748,6,Y,insider,seller,220.0,175.0,3,15,0.14285714285714285,200.0,0.4444444444444444
m3,m3_random_1,0,3,20250748,6,Y,insider,seller,220.0,175.0,4,15,0.21428571428571427,200.0,0.4444444444444444
m3,m3_random_1,0,3,20250748,6,Y,insider,seller,220.0,175.0,5,15,0.2857142857142857,200.0,0.4444444444444444
m3,m3_random_1,0,3,20250748,6,Y,insider,seller,220.0,175.0,6,15,0.35714285714285715,200.0,0.4444444444444444
m3,m3_random_1,0,3,20250748,6,Y,insider,seller,220.0,175.0,7,15,0.42857142857142855,200.0,0.4444444444444444
m3,m3_random_1,0,3,20250748,6,Y,insider,seller,220.0,175.0,8,15,0.5,200.0,0.4444444444444444
m3,m3_random_1,0,3,20250748,6,Y,insider,seller,220.0,175.0,9,15,0.5714285714285714,200.0,0.4444444444444444
m3,m3_random_1,0,3,20250748,6,Y,insider,seller,220.0,175.0,10,15,0.6428571428571429,200.0,0.4444444444444444
m3,m3_random_1,0,3,20250748,6,Y,insider,seller,220.0,175.0,11,15,0.7142857142857143,200.0,0.4444444444444444
m3,m3_random_1,0,3,20250748,6,Y,insider,seller,220.0,175.0,12,15,0.7857142857142857,210.0,0.2222222222222222
m3,m3_random_1,0,3,20250748,6,Y,insider,seller,220.0,175.0,13,15,0.8571428571428571,200.0,0.4444444444444444
m3,m3_random_1,0,3,20250748,6,Y,insider,seller,220.0,175.0,14,15,0.9285714285714286,200.0,0.4444444444444444
m3,m3_random_1,0,3,20250748,6,Y,insider,seller,220.0,175.0,15,15,1.0,200.0,0.4444444444444444
m3,m3_random_1,0,3,20250748,7,Y,insider,seller,220.0,175.0,1,11,0.0,198.0,0.4888888888888889
m3,m3_random_1,0,3,20250748,7,Y,insider,seller,220.0,175.0,2,11,0.1,197.0,0.5111111111111111
m3,m3_random_1,0,3,20250748,7,Y,insider,seller,220.0,175.0,3,11,0.2,188.0,0.7111111111111111
m3,m3_random_1,0,3,20250748,7,Y,insider,seller,220.0,175.0,4,11,0.3,179.0,0.9111111111111111
m3,m3_random_1,0,3,20250748,7,Y,insider,seller,220.0,175.0,5,11,0.4,170.0,1.1111111111111112
m3,m3_random_1,0,3,20250748,7,Y,insider,seller,220.0,175.0,6,11,0.5,174.0,1.0222222222222221
m3,m3_random_1,0,3,20250748,7,Y,insider,seller,220.0,175.0,7,11,0.6,174.0,1.0222222222222221
m3,m3_random_1,0,3,20250748,7,Y,insider,seller,220.0,175.0,8,11,0.7,174.0,1.0222222222222221
m3,m3_random_1,0,3,20250748,7,Y,insider,seller,220.0,175.0,9,11,0.8,174.0,1.0222222222222221
m3,m3_random_1,0,3,20250748,7,Y,insider,seller,220.0,175.0,10,11,0.9,174.0,1.0222222222222221
m3,m3_random_1,0,3,20250748,7,Y,insider,seller,220.0,175.0,11,11,1.0,174.0,1.0222222222222221
m3,m3_random_1,0,3,20250748,8,Y,insider,seller,220.0,175.0,1,19,0.0,179.0,0.9111111111111111
m3,m3_random_1,0,3,20250748,8,Y,insider,seller,220.0,175.0,2,19,0.05555555555555555,174.0,1.0222222222222221
m3,m3_random_1,0,3,20250748,8,Y,insider,seller,220.0,175.0,3,19,0.1111111111111111,174.0,1.0222222222222221
m3,m3_random_1,0,3,20250748,8,Y,insider,seller,220.0,175.0,4,19,0.16666666666666666,174.0,1.0222222222222221
m3,m3_random_1,0,3,20250748,8,Y,insider,seller,220.0,175.0,5,19,0.2222222222222222,174.0,1.0222222222222221
m3,m3_random_1,0,3,20250748,8,Y,insider,seller,220.0,175.0,6,19,0.2777777777777778,174.0,1.0222222222222221
m3,m3_random_1,0,3,20250748,8,Y,insider,seller,220.0,175.0,7,19,0.3333333333333333,174.0,1.0222222222222221
m3,m3_random_1,0,3,20250748,8,Y,insider,seller,220.0,175.0,8,19,0.3888888888888889,174.0,1.0222222222222221
m3,m3_random_1,0,3,20250748,8,Y,insider,seller,220.0,175.0,9,19,0.4444444444444444,174.0,1.0222222222222221
m3,m3_random_1,0,3,20250748,8,Y,insider,seller,220.0,175.0,10,19,0.5,174.0,1.0222222222222221
m3,m3_random_1,0,3,20250748,8,Y,insider,seller,220.0,175.0,11,19,0.5555555555555556,174.0,1.0222222222222221
m3,m3_random_1,0,3,20250748,8,Y,insider,seller,220.0,175.0,12,19,0.6111111111111112,174.0,1.0222222222222221
m3,m3_random_1,0,3,20250748,8,Y,insider,seller,220.0,175.0,13,19,0.6666666666666666,174.0,1.0222222222222221
m3,m3_random_1,0,3,20250748,8,Y,insider,seller,220.0,175.0,14,19,0.7222222222222222,174.0,1.0222222222222221
m3,m3_random_1,0,3,20250748,8,Y,insider,seller,220.0,175.0,15,19,0.7777777777777778,174.0,1.0222222222222221
m3,m3_random_1,0,3,20250748,8,Y,insider,seller,220.0,175.0,16,19,0.8333333333333334,174.0,1.0222222222222221
m3,m3_random_1,0,3,20250748,8,Y,insider,seller,220.0,175.0,17,19,0.8888888888888888,174.0,1.0222222222222221
m3,m3_random_1,0,3,20250748,8,Y,insider,seller,220.0,175.0,18,19,0.9444444444444444,174.0,1.0222222222222221
m3,m3_random_1,0,3,20250748,8,Y,insider,seller,220.0,175.0,19,19,1.0,174.0,1.0222222222222221
m3,m3_random_1,0,3,20250748,9,X,insider,buyer,220.0,400.0,1,19,0.0,150.0,-0.3888888888888889
m3,m3_random_1,0,3,20250748,9,X,insider,buyer,220.0,400.0,2,19,0.05555555555555555,150.0,-0.3888888888888889
m3,m3_random_1,0,3,20250748,9,X,insider,buyer,220.0,400.0,3,19,0.1111111111111111,150.0,-0.3888888888888889
m3,m3_random_1,0,3,20250748,9,X,insider,buyer,220.0,400.0,4,19,0.16666666666666666,150.0,-0.3888888888888889
m3,m3_random_1,0,3,20250748,9,X,insider,buyer,220.0,400.0,5,19,0.2222222222222222,150.0,-0.3888888888888889
m3,m3_random_1,0,3,20250748,9,X,insider,buyer,220.0,400.0,6,19,0.2777777777777778,150.0,-0.3888888888888889
m3,m3_random_1,0,3,20250748,9,X,insider,buyer,220.0,400.0,7,19,0.3333333333333333,150.0,-0.3888888888888889
m3,m3_random_1,0,3,20250748,9,X,insider,buyer,220.0,400.0,8,19,0.3888888888888889,150.0,-0.3888888888888889
m3,m3_random_1,0,3,20250748,9,X,insider,buyer,220.0,400.0,9,19,0.4444444444444444,150.0,-0.3888888888888889
m3,m3_random_1,0,3,20250748,9,X,insider,buyer,220.0,400.0,10,19,0.5,150.0,-0.3888888888888889
m3,m3_random_1,0,3,20250748,9,X,insider,buyer,220.0,400.0,11,19,0.5555555555555556,150.0,-0.3888888888888889
m3,m3_random_1,0,3,20250748,9,X,insider,buyer,220.0,400.0,12,19,0.6111111111111112,150.0,-0.3888888888888889
m3,m3_random_1,0,3,20250748,9,X,insider,buyer,220.0,400.0,13,19,0.6666666666666666,150.0,-0.3888888888888889
m3,m3_random_1,0,3,20250748,9,X,insider,buyer,220.0,400.0,14,19,0.7222222222222222,150.0,-0.3888888888888889
m3,m3_random_1,0,3,20250748,9,X,insider,buyer,220.0,400.0,15,19,0.7777777777777778,175.0,-0.25
m3,m3_random_1,0,3,20250748,9,X,insider,buyer,220.0,400.0,16,19,0.8333333333333334,200.0,-0.1111111111111111
m3,m3_random_1,0,3,20250748,9,X,insider,buyer,220.0,400.0,17,19,0.8888888888888888,200.0,-0.1111111111111111
m3,m3_random_1,0,3,20250748,9,X,insider,buyer,220.0,400.0,18,19,0.9444444444444444,200.0,-0.1111111111111111
m3,m3_random_1,0,3,20250748,9,X,insider,buyer,220.0,400.0,19,19,1.0,200.0,-0.1111111111111111
m3,m3_random_1,0,3,20250748,10,X,insider,buyer,220.0,400.0,1,21,0.0,150.0,-0.3888888888888889
m3,m3_random_1,0,3,20250748,10,X,insider,buyer,220.0,400.0,2,21,0.05,150.0,-0.3888888888888889
m3,m3_random_1,0,3,20250748,10,X,insider,buyer,220.0,400.0,3,21,0.1,175.0,-0.25
m3,m3_random_1,0,3,20250748,10,X,insider,buyer,220.0,400.0,4,21,0.15,121.0,-0.55
m3,m3_random_1,0,3,20250748,10,X,insider,buyer,220.0,400.0,5,21,0.2,130.0,-0.5
m3,m3_random_1,0,3,20250748,10,X,insider,buyer,220.0,400.0,6,21,0.25,130.0,-0.5
m3,m3_random_1,0,3,20250748,10,X,insider,buyer,220.0,400.0,7,21,0.3,201.0,-0.10555555555555556
m3,m3_random_1,0,3,20250748,10,X,insider,buyer,220.0,400.0,8,21,0.35,200.0,-0.1111111111111111
m3,m3_random_1,0,3,20250748,10,X,insider,buyer,220.0,400.0,9,21,0.4,121.0,-0.55
m3,m3_random_1,0,3,20250748,10,X,insider,buyer,220.0,400.0,10,21,0.45,121.0,-0.55
m3,m3_random_1,0,3,20250748,10,X,insider,buyer,220.0,400.0,11,21,0.5,121.0,-0.55
m3,m3_random_1,0,3,20250748,10,X,insider,buyer,220.0,400.0,12,21,0.55,200.0,-0.1111111111111111
m3,m3_random_1,0,3,20250748,10,X,insider,buyer,220.0,400.0,13,21,0.6,200.0,-0.1111111111111111
m3,m3_random_1,0,3,20250748,10,X,insider,buyer,220.0,400.0,14,21,0.65,200.0,-0.1111111111111111
m3,m3_random_1,0,3,20250748,10,X,insider,buyer,220.0,400.0,15,21,0.7,200.0,-0.1111111111111111
m3,m3_random_1,0,3,20250748,10,X,insider,buyer,220.0,400.0,16,21,0.75,200.0,-0.1111111111111111
m3,m3_random_1,0,3,20250748,10,X,insider,buyer,220.0,400.0,17,21,0.8,200.0,-0.1111111111111111
m3,m3_random_1,0,3,20250748,10,X,insider,buyer,220.0,400.0,18,21,0.85,200.0,-0.1111111111111111
m3,m3_random_1,0,3,20250748,10,X,insider,buyer,220.0,400.0,19,21,0.9,199.0,-0.11666666666666667
m3,m3_random_1,0,3,20250748,10,X,insider,buyer,220.0,400.0,20,21,0.95,200.0,-0.1111111111111111
m3,m3_random_1,0,3,20250748,10,X,insider,buyer,220.0,400.0,21,21,1.0,180.0,-0.2222222222222222
m3,m3_random_2,0,3,20250749,3,Y,insider,seller,220.0,175.0,1,20,0.0,150.0,1.5555555555555556
m3,m3_random_2,0,3,20250749,3,Y,insider,seller,220.0,175.0,2,20,0.05263157894736842,170.0,1.1111111111111112
m3,m3_random_2,0,3,20250749,3,Y,insider,seller,220.0,175.0,3,20,0.10526315789473684,178.0,0.9333333333333333
m3,m3_random_2,0,3,20250749,3,Y,insider,seller,220.0,175.0,4,20,0.15789473684210525,170.0,1.1111111111111112
m3,m3_random_2,0,3,20250749,3,Y,insider,seller,220.0,175.0,5,20,0.21052631578947367,178.0,0.9333333333333333
m3,m3_random_2,0,3,20250749,3,Y,insider,seller,220.0,175.0,6,20,0.2631578947368421,178.0,0.9333333333333333
m3,m3_random_2,0,3,20250749,3,Y,insider,seller,220.0,175.0,7,20,0.3157894736842105,176.0,0.9777777777777777
m3,m3_random_2,0,3,20250749,3,Y,insider,seller,220.0,175.0,8,20,0.3684210526315789,176.0,0.9777777777777777
m3,m3_random_2,0,3,20250749,3,Y,insider,seller,220.0,175.0,9,20,0.42105263157894735,177.0,0.9555555555555556
m3,m3_random_2,0,3,20250749,3,Y,insider,seller,220.0,175.0,10,20,0.47368421052631576,177.0,0.9555555555555556
m3,m3_random_2,0,3,20250749,3,Y,insider,seller,220.0,175.0,11,20,0.5263157894736842,174.0,1.0222222222222221
m3,m3_random_2,0,3,20250749,3,Y,insider,seller,220.0,175.0,12,20,0.5789473684210527,174.0,1.0222222222222221
m3,m3_random_2,0,3,20250749,3,Y,insider,seller,220.0,175.0,13,20,0.631578947368421,174.0,1.0222222222222221
m3,m3_random_2,0,3,20250749,3,Y,insider,seller,220.0,175.0,14,20,0.6842105263157895,174.0,1.0222222222222221
m3,m3_random_2,0,3,20250749,3,Y,insider,seller,220.0,175.0,15,20,0.7368421052631579,174.0,1.0222222222222221
m3,m3_random_2,0,3,20250749,3,Y,insider,seller,220.0,175.0,16,20,0.7894736842105263,174.0,1.0222222222222221
m3,m3_random_2,0,3,20250749,3,Y,insider,seller,220.0,175.0,17,20,0.8421052631578947,174.0,1.0222222222222221
m3,m3_random_2,0,3,20250749,3,Y,insider,seller,220.0,175.0,18,20,0.8947368421052632,174.0,1.0222222222222221
m3,m3_random_2,0,3,20250749,3,Y,insider,seller,220.0,175.0,19,20,0.9473684210526315,174.0,1.0222222222222221
m3,m3_random_2,0,3,20250749,3,Y,insider,seller,220.0,175.0,20,20,1.0,174.0,1.0222222222222221
m3,m3_random_2,0,3,20250749,4,Y,insider,seller,220.0,175.0,1,16,0.0,175.0,1.0
m3,m3_random_2,0,3,20250749,4,Y,insider,seller,220.0,175.0,2,16,0.06666666666666667,174.0,1.0222222222222221
m3,m3_random_2,0,3,20250749,4,Y,insider,seller,220.0,175.0,3,16,0.13333333333333333,174.0,1.0222222222222221
m3,m3_random_2,0,3,20250749,4,Y,insider,seller,220.0,175.0,4,16,0.2,174.0,1.0222222222222221
m3,m3_random_2,0,3,20250749,4,Y,insider,seller,220.0,175.0,5,16,0.26666666666666666,174.0,1.0222222222222221
m3,m3_random_2,0,3,20250749,4,Y,insider,seller,220.0,175.0,6,16,0.3333333333333333,174.0,1.0222222222222221
m3,m3_random_2,0,3,20250749,4,Y,insider,seller,220.0,175.0,7,16,0.4,174.0,1.0222222222222221
m3,m3_random_2,0,3,20250749,4,Y,insider,seller,220.0,175.0,8,16,0.4666666666666667,174.0,1.0222222222222221
m3,m3_random_2,0,3,20250749,4,Y,insider,seller,220.0,175.0,9,16,0.5333333333333333,174.0,1.0222222222222221
m3,m3_random_2,0,3,20250749,4,Y,insider,seller,220.0,175.0,10,16,0.6,174.0,1.0222222222222221
m3,m3_random_2,0,3,20250749,4,Y,insider,seller,220.0,175.0,11,16,0.6666666666666666,175.0,1.0
m3,m3_random_2,0,3,20250749,4,Y,insider,seller,220.0,175.0,12,16,0.7333333333333333,140.0,1.7777777777777777
m3,m3_random_2,0,3,20250749,4,Y,insider,seller,220.0,175.0,13,16,0.8,100.0,2.6666666666666665
m3,m3_random_2,0,3,20250749,4,Y,insider,seller,220.0,175.0,14,16,0.8666666666666667,100.0,2.6666666666666665
m3,m3_random_2,0,3,20250749,4,Y,insider,seller,220.0,175.0,15,16,0.9333333333333333,100.0,2.6666666666666665
m3,m3_random_2,0,3,20250749,4,Y,insider,seller,220.0,175.0,16,16,1.0,100.0,2.6666666666666665
m3,m3_random_2,0,3,20250749,5,Y,insider,seller,220.0,175.0,1,20,0.0,180.0,0.8888888888888888
m3,m3_random_2,0,3,20250749,5,Y,insider,seller,220.0,175.0,2,20,0.05263157894736842,180.0,0.8888888888888888
m3,m3_random_2,0,3,20250749,5,Y,insider,seller,220.0,175.0,3,20,0.10526315789473684,180.0,0.8888888888888888
m3,m3_random_2,0,3,20250749,5,Y,insider,seller,220.0,175.0,4,20,0.15789473684210525,180.0,0.8888888888888888
m3,m3_random_2,0,3,20250749,5,Y,insider,seller,220.0,175.0,5,20,0.21052631578947367,180.0,0.8888888888888888
m3,m3_random_2,0,3,20250749,5,Y,insider,seller,220.0,175.0,6,20,0.2631578947368421,174.0,1.0222222222222221
m3,m3_random_2,0,3,20250749,5,Y,insider,seller,220.0,175.0,7,20,0.3157894736842105,175.0,1.0
m3,m3_random_2,0,3,20250749,5,Y,insider,seller,220.0,175.0,8,20,0.3684210526315789,175.0,1.0
m3,m3_random_2,0,3,20250749,5,Y,insider,seller,220.0,175.0,9,20,0.42105263157894735,174.0,1.0222222222222221
m3,m3_random_2,0,3,20250749,5,Y,insider,seller,220.0,175.0,10,20,0.47368421052631576,174.0,1.0222222222222221
m3,m3_random_2,0,3,20250749,5,Y,insider,seller,220.0,175.0,11,20,0.5263157894736842,174.0,1.0222222222222221
m3,m3_random_2,0,3,20250749,5,Y,insider,seller,220.0,175.0,12,20,0.5789473684210527,174.0,1.0222222222222221
m3,m3_random_2,0,3,20250749,5,Y,insider,seller,220.0,175.0,13,20,0.631578947368421,149.0,1.5777777777777777
m3,m3_random_2,0,3,20250749,5,Y,insider,seller,220.0,175.0,14,20,0.6842105263157895,149.0,1.5777777777777777
m3,m3_random_2,0,3,20250749,5,Y,insider,seller,220.0,175.0,15,20,0.7368421052631579,149.0,1.5777777777777777
m3,m3_random_2,0,3,20250749,5,Y,insider,seller,220.0,175.0,16,20,0.7894736842105263,150.0,1.5555555555555556
m3,m3_random_2,0,3,20250749,5,Y,insider,seller,220.0,175.0,17,20,0.8421052631578947,174.0,1.0222222222222221
m3,m3_random_2,0,3,20250749,5,Y,insider,seller,220.0,175.0,18,20,0.8947368421052632,150.0,1.5555555555555556
m3,m3_random_2,0,3,20250749,5,Y,insider,seller,220.0,175.0,19,20,0.9473684210526315,174.0,1.0222222222222221
m3,m3_random_2,0,3,20250749,5,Y,insider,seller,220.0,175.0,20,20,1.0,150.0,1.5555555555555556
m3,m3_random_2,0,3,20250749,6,X,insider,buyer,220.0,400.0,1,20,0.0,200.0,-0.1111111111111111
m3,m3_random_2,0,3,20250749,6,X,insider,buyer,220.0,400.0,2,20,0.05263157894736842,176.0,-0.24444444444444444
m3,m3_random_2,0,3,20250749,6,X,insider,buyer,220.0,400.0,3,20,0.10526315789473684,180.0,-0.2222222222222222
m3,m3_random_2,0,3,20250749,6,X,insider,buyer,220.0,400.0,4,20,0.15789473684210525,200.0,-0.1111111111111111
m3,m3_random_2,0,3,20250749,6,X,insider,buyer,220.0,400.0,5,20,0.21052631578947367,110.0,-0.6111111111111112
m3,m3_random_2,0,3,20250749,6,X,insider,buyer,220.0,400.0,6,20,0.2631578947368421,200.0,-0.1111111111111111
m3,m3_random_2,0,3,20250749,6,X,insider,buyer,220.0,400.0,7,20,0.3157894736842105,175.0,-0.25
m3,m3_random_2,0,3,20250749,6,X,insider,buyer,220.0,400.0,8,20,0.3684210526315789,200.0,-0.1111111111111111
m3,m3_random_2,0,3,20250749,6,X,insider,buyer,220.0,400.0,9,20,0.42105263157894735,175.0,-0.25
m3,m3_random_2,0,3,20250749,6,X,insider,buyer,220.0,400.0,10,20,0.47368421052631576,180.0,-0.2222222222222222
m3,m3_random_2,0,3,20250749,6,X,insider,buyer,220.0,400.0,11,20,0.5263157894736842,139.0,-0.45
m3,m3_random_2,0,3,20250749,6,X,insider,buyer,220.0,400.0,12,20,0.5789473684210527,175.0,-0.25
m3,m3_random_2,0,3,20250749,6,X,insider,buyer,220.0,400.0,13,20,0.631578947368421,151.0,-0.38333333333333336
m3,m3_random_2,0,3,20250749,6,X,insider,buyer,220.0,400.0,14,20,0.6842105263157895,151.0,-0.38333333333333336
m3,m3_random_2,0,3,20250749,6,X,insider,buyer,220.0,400.0,15,20,0.7368421052631579,180.0,-0.2222222222222222
m3,m3_random_2,0,3,20250749,6,X,insider,buyer,220.0,400.0,16,20,0.7894736842105263,180.0,-0.2222222222222222
m3,m3_random_2,0,3,20250749,6,X,insider,buyer,220.0,400.0,17,20,0.8421052631578947,151.0,-0.38333333333333336
m3,m3_random_2,0,3,20250749,6,X,insider,buyer,220.0,400.0,18,20,0.8947368421052632,180.0,-0.2222222222222222
m3,m3_random_2,0,3,20250749,6,X,insider,buyer,220.0,400.0,19,20,0.9473684210526315,180.0,-0.2222222222222222
m3,m3_random_2,0,3,20250749,6,X,insider,buyer,220.0,400.0,20,20,1.0,150.0,-0.3888888888888889
m3,m3_random_2,0,3,20250749,7,Y,insider,seller,220.0,175.0,1,26,0.0,174.0,1.0222222222222221
m3,m3_random_2,0,3,20250749,7,Y,insider,seller,220.0,175.0,2,26,0.04,174.0,1.0222222222222221
m3,m3_random_2,0,3,20250749,7,Y,insider,seller,220.0,175.0,3,26,0.08,174.0,1.0222222222222221
m3,m3_random_2,0,3,20250749,7,Y,insider,seller,220.0,175.0,4,26,0.12,174.0,1.0222222222222221
m3,m3_random_2,0,3,20250749,7,Y,insider,seller,220.0,175.0,5,26,0.16,175.0,1.0
m3,m3_random_2,0,3,20250749,7,Y,insider,seller,220.0,175.0,6,26,0.2,175.0,1.0
m3,m3_random_2,0,3,20250749,7,Y,insider,seller,220.0,175.0,7,26,0.24,149.0,1.5777777777777777
m3,m3_random_2,0,3,20250749,7,Y,insider,seller,220.0,175.0,8,26,0.28,175.0,1.0
m3,m3_random_2,0,3,20250749,7,Y,insider,seller,220.0,175.0,9,26,0.32,149.0,1.5777777777777777
m3,m3_random_2,0,3,20250749,7,Y,insider,seller,220.0,175.0,10,26,0.36,150.0,1.5555555555555556
m3,m3_random_2,0,3,20250749,7,Y,insider,seller,220.0,175.0,11,26,0.4,150.0,1.5555555555555556
m3,m3_random_2,0,3,20250749,7,Y,insider,seller,220.0,175.0,12,26,0.44,150.0,1.5555555555555556
m3,m3_random_2,0,3,20250749,7,Y,insider,seller,220.0,175.0,13,26,0.48,150.0,1.5555555555555556
m3,m3_random_2,0,3,20250749,7,Y,insider,seller,220.0,175.0,14,26,0.52,151.0,1.5333333333333334
m3,m3_random_2,0,3,20250749,7,Y,insider,seller,220.0,175.0,15,26,0.56,150.0,1.5555555555555556
m3,m3_random_2,0,3,20250749,7,Y,insider,seller,220.0,175.0,16,26,0.6,151.0,1.5333333333333334
m3,m3_random_2,0,3,20250749,7,Y,insider,seller,220.0,175.0,17,26,0.64,150.0,1.5555555555555556
m3,m3_random_2,0,3,20250749,7,Y,insider,seller,220.0,175.0,18,26,0.68,150.0,1.5555555555555556
m3,m3_random_2,0,3,20250749,7,Y,insider,seller,220.0,175.0,19,26,0.72,150.0,1.5555555555555556
m3,m3_random_2,0,3,20250749,7,Y,insider,seller,220.0,175.0,20,26,0.76,150.0,1.5555555555555556
m3,m3_random_2,0,3,20250749,7,Y,insider,seller,220.0,175.0,21,26,0.8,150.0,1.5555555555555556
m3,m3_random_2,0,3,20250749,7,Y,insider,seller,220.0,175.0,22,26,0.84,176.0,0.9777777777777777
m3,m3_random_2,0,3,20250749,7,Y,insider,seller,220.0,175.0,23,26,0.88,150.0,1.5555555555555556
m3,m3_random_2,0,3,20250749,7,Y,insider,seller,220.0,175.0,24,26,0.92,149.0,1.5777777777777777
m3,m3_random_2,0,3,20250749,7,Y,insider,seller,220.0,175.0,25,26,0.96,175.0,1.0
m3,m3_random_2,0,3,20250749,7,Y,insider,seller,220.0,175.0,26,26,1.0,175.0,1.0
m3,m3_random_2,0,3,20250749,8,Y,insider,seller,220.0,175.0,1,17,0.0,176.0,0.9777777777777777
m3,m3_random_2,0,3,20250749,8,Y,insider,seller,220.0,175.0,2,17,0.0625,176.0,0.9777777777777777
m3,m3_random_2,0,3,20250749,8,Y,insider,seller,220.0,175.0,3,17,0.125,175.0,1.0
m3,m3_random_2,0,3,20250749,8,Y,insider,seller,220.0,175.0,4,17,0.1875,174.0,1.0222222222222221
m3,m3_random_2,0,3,20250749,8,Y,insider,seller,220.0,175.0,5,17,0.25,174.0,1.0222222222222221
m3,m3_random_2,0,3,20250749,8,Y,insider,seller,220.0,175.0,6,17,0.3125,174.0,1.0222222222222221
m3,m3_random_2,0,3,20250749,8,Y,insider,seller,220.0,175.0,7,17,0.375,174.0,1.0222222222222221
m3,m3_random_2,0,3,20250749,8,Y,insider,seller,220.0,175.0,8,17,0.4375,174.0,1.0222222222222221
m3,m3_random_2,0,3,20250749,8,Y,insider,seller,220.0,175.0,9,17,0.5,174.0,1.0222222222222221
m3,m3_random_2,0,3,20250749,8,Y,insider,seller,220.0,175.0,10,17,0.5625,174.0,1.0222222222222221
m3,m3_random_2,0,3,20250749,8,Y,insider,seller,220.0,175.0,11,17,0.625,174.0,1.0222222222222221
m3,m3_random_2,0,3,20250749,8,Y,insider,seller,220.0,175.0,12,17,0.6875,174.0,1.0222222222222221
m3,m3_random_2,0,3,20250749,8,Y,insider,seller,220.0,175.0,13,17,0.75,149.0,1.5777777777777777
m3,m3_random_2,0,3,20250749,8,Y,insider,seller,220.0,175.0,14,17,0.8125,100.0,2.6666666666666665
m3,m3_random_2,0,3,20250749,8,Y,insider,seller,220.0,175.0,15,17,0.875,174.0,1.0222222222222221
m3,m3_random_2,0,3,20250749,8,Y,insider,seller,220.0,175.0,16,17,0.9375,174.0,1.0222222222222221
m3,m3_random_2,0,3,20250749,8,Y,insider,seller,220.0,175.0,17,17,1.0,174.0,1.0222222222222221
m3,m3_random_2,0,3,20250749,9,Y,insider,seller,220.0,175.0,1,17,0.0,150.0,1.5555555555555556
m3,m3_random_2,0,3,20250749,9,Y,insider,seller,220.0,175.0,2,17,0.0625,150.0,1.5555555555555556
m3,m3_random_2,0,3,20250749,9,Y,insider,seller,220.0,175.0,3,17,0.125,150.0,1.5555555555555556
m3,m3_random_2,0,3,20250749,9,Y,insider,seller,220.0,175.0,4,17,0.1875,160.0,1.3333333333333333
m3,m3_random_2,0,3,20250749,9,Y,insider,seller,220.0,175.0,5,17,0.25,150.0,1.5555555555555556
m3,m3_random_2,0,3,20250749,9,Y,insider,seller,220.0,175.0,6,17,0.3125,160.0,1.3333333333333333
m3,m3_random_2,0,3,20250749,9,Y,insider,seller,220.0,175.0,7,17,0.375,160.0,1.3333333333333333
m3,m3_random_2,0,3,20250749,9,Y,insider,seller,220.0,175.0,8,17,0.4375,151.0,1.5333333333333334
m3,m3_random_2,0,3,20250749,9,Y,insider,seller,220.0,175.0,9,17,0.5,151.0,1.5333333333333334
m3,m3_random_2,0,3,20250749,9,Y,insider,seller,220.0,175.0,10,17,0.5625,150.0,1.5555555555555556
m3,m3_random_2,0,3,20250749,9,Y,insider,seller,220.0,175.0,11,17,0.625,151.0,1.5333333333333334
m3,m3_random_2,0,3,20250749,9,Y,insider,seller,220.0,175.0,12,17,0.6875,156.0,1.4222222222222223
m3,m3_random_2,0,3,20250749,9,Y,insider,seller,220.0,175.0,13,17,0.75,151.0,1.5333333333333334
m3,m3_random_2,0,3,20250749,9,Y,insider,seller,220.0,175.0,14,17,0.8125,150.0,1.5555555555555556
m3,m3_random_2,0,3,20250749,9,Y,insider,seller,220.0,175.0,15,17,0.875,150.0,1.5555555555555556
m3,m3_random_2,0,3,20250749,9,Y,insider,seller,220.0,175.0,16,17,0.9375,160.0,1.3333333333333333
m3,m3_random_2,0,3,20250749,9,Y,insider,seller,220.0,175.0,17,17,1.0,160.0,1.3333333333333333
m3,m3_random_2,0,3,20250749,10,Y,insider,seller,220.0,175.0,1,20,0.0,101.0,2.6444444444444444
m3,m3_random_2,0,3,20250749,10,Y,insider,seller,220.0,175.0,2,20,0.05263157894736842,101.0,2.6444444444444444
m3,m3_random_2,0,3,20250749,10,Y,insider,seller,220.0,175.0,3,20,0.10526315789473684,160.0,1.3333333333333333
m3,m3_random_2,0,3,20250749,10,Y,insider,seller,220.0,175.0,4,20,0.15789473684210525,161.0,1.3111111111111111
m3,m3_random_2,0,3,20250749,10,Y,insider,seller,220.0,175.0,5,20,0.21052631578947367,155.0,1.4444444444444444
m3,m3_random_2,0,3,20250749,10,Y,insider,seller,220.0,175.0,6,20,0.2631578947368421,150.0,1.5555555555555556
m3,m3_random_2,0,3,20250749,10,Y,insider,seller,220.0,175.0,7,20,0.3157894736842105,150.0,1.5555555555555556
m3,m3_random_2,0,3,20250749,10,Y,insider,seller,220.0,175.0,8,20,0.3684210526315789,160.0,1.3333333333333333
m3,m3_random_2,0,3,20250749,10,Y,insider,seller,220.0,175.0,9,20,0.42105263157894735,150.0,1.5555555555555556
m3,m3_random_2,0,3,20250749,10,Y,insider,seller,220.0,175.0,10,20,0.47368421052631576,160.0,1.3333333333333333
m3,m3_random_2,0,3,20250749,10,Y,insider,seller,220.0,175.0,11,20,0.5263157894736842,155.0,1.4444444444444444
m3,m3_random_2,0,3,20250749,10,Y,insider,seller,220.0,175.0,12,20,0.5789473684210527,150.0,1.5555555555555556
m3,m3_random_2,0,3,20250749,10,Y,insider,seller,220.0,175.0,13,20,0.631578947368421,165.0,1.2222222222222223
m3,m3_random_2,0,3,20250749,10,Y,insider,seller,220.0,175.0,14,20,0.6842105263157895,103.0,2.6
m3,m3_random_2,0,3,20250749,10,Y,insider,seller,220.0,175.0,15,20,0.7368421052631579,150.0,1.5555555555555556
m3,m3_random_2,0,3,20250749,10,Y,insider,seller,220.0,175.0,16,20,0.7894736842105263,158.0,1.3777777777777778
m3,m3_random_2,0,3,20250749,10,Y,insider,seller,220.0,175.0,17,20,0.8421052631578947,160.0,1.3333333333333333
m3,m3_random_2,0,3,20250749,10,Y,insider,seller,220.0,175.0,18,20,0.8947368421052632,150.0,1.5555555555555556
m3,m3_random_2,0,3,20250749,10,Y,insider,seller,220.0,175.0,19,20,0.9473684210526315,150.0,1.5555555555555556
m3,m3_random_2,0,3,20250749,10,Y,insider,seller,220.0,175.0,20,20,1.0,170.0,1.1111111111111112
m4,m4_paper_0,0,4,20250755,5,Y,insider,seller,210.0,175.0,1,20,0.0,170.0,1.1428571428571428
m4,m4_paper_0,0,4,20250755,5,Y,insider,seller,210.0,175.0,2,20,0.05263157894736842,170.0,1.1428571428571428
m4,m4_paper_0,0,4,20250755,5,Y,insider,seller,210.0,175.0,3,20,0.10526315789473684,170.0,1.1428571428571428
m4,m4_paper_0,0,4,20250755,5,Y,insider,seller,210.0,175.0,4,20,0.15789473684210525,170.0,1.1428571428571428
m4,m4_paper_0,0,4,20250755,5,Y,insider,seller,210.0,175.0,5,20,0.21052631578947367,170.0,1.1428571428571428
m4,m4_paper_0,0,4,20250755,5,Y,insider,seller,210.0,175.0,6,20,0.2631578947368421,170.0,1.1428571428571428
m4,m4_paper_0,0,4,20250755,5,Y,insider,seller,210.0,175.0,7,20,0.3157894736842105,170.0,1.1428571428571428
m4,m4_paper_0,0,4,20250755,5,Y,insider,seller,210.0,175.0,8,20,0.3684210526315789,170.0,1.1428571428571428
m4,m4_paper_0,0,4,20250755,5,Y,insider,seller,210.0,175.0,9,20,0.42105263157894735,170.0,1.1428571428571428
m4,m4_paper_0,0,4,20250755,5,Y,insider,seller,210.0,175.0,10,20,0.47368421052631576,170.0,1.1428571428571428
m4,m4_paper_0,0,4,20250755,5,Y,insider,seller,210.0,175.0,11,20,0.5263157894736842,170.0,1.1428571428571428
m4,m4_paper_0,0,4,20250755,5,Y,insider,seller,210.0,175.0,12,20,0.5789473684210527,150.0,1.7142857142857142
m4,m4_paper_0,0,4,20250755,5,Y,insider,seller,210.0,175.0,13,20,0.631578947368421,150.0,1.7142857142857142
m4,m4_paper_0,0,4,20250755,5,Y,insider,seller,210.0,175.0,14,20,0.6842105263157895,150.0,1.7142857142857142
m4,m4_paper_0,0,4,20250755,5,Y,insider,seller,210.0,175.0,15,20,0.7368421052631579,151.0,1.6857142857142857
m4,m4_paper_0,0,4,20250755,5,Y,insider,seller,210.0,175.0,16,20,0.7894736842105263,151.0,1.6857142857142857
m4,m4_paper_0,0,4,20250755,5,Y,insider,seller,210.0,175.0,17,20,0.8421052631578947,151.0,1.6857142857142857
m4,m4_paper_0,0,4,20250755,5,Y,insider,seller,210.0,175.0,18,20,0.8947368421052632,151.0,1.6857142857142857
m4,m4_paper_0,0,4,20250755,5,Y,insider,seller,210.0,175.0,19,20,0.9473684210526315,151.0,1.6857142857142857
m4,m4_paper_0,0,4,20250755,5,Y,insider,seller,210.0,175.0,20,20,1.0,150.0,1.7142857142857142
m4,m4_paper_0,0,4,20250755,6,X,insider,buyer,210.0,375.0,1,17,0.0,200.0,-0.06060606060606061
m4,m4_paper_0,0,4,20250755,6,X,insider,buyer,210.0,375.0,2,17,0.0625,210.0,0.0
m4,m4_paper_0,0,4,20250755,6,X,insider,buyer,210.0,375.0,3,17,0.125,225.0,0.09090909090909091
m4,m4_paper_0,0,4,20250755,6,X,insider,buyer,210.0,375.0,4,17,0.1875,225.0,0.09090909090909091
m4,m4_paper_0,0,4,20250755,6,X,insider,buyer,210.0,375.0,5,17,0.25,220.0,0.06060606060606061
m4,m4_paper_0,0,4,20250755,6,X,insider,buyer,210.0,375.0,6,17,0.3125,220.0,0.06060606060606061
m4,m4_paper_0,0,4,20250755,6,X,insider,buyer,210.0,375.0,7,17,0.375,225.0,0.09090909090909091
m4,m4_paper_0,0,4,20250755,6,X,insider,buyer,210.0,375.0,8,17,0.4375,220.0,0.06060606060606061
m4,m4_paper_0,0,4,20250755,6,X,insider,buyer,210.0,375.0,9,17,0.5,220.0,0.06060606060606061
m4,m4_paper_0,0,4,20250755,6,X,insider,buyer,210.0,375.0,10,17,0.5625,220.0,0.06060606060606061
m4,m4_paper_0,0,4,20250755,6,X,insider,buyer,210.0,375.0,11,17,0.625,220.0,0.06060606060606061
m4,m4_paper_0,0,4,20250755,6,X,insider,buyer,210.0,375.0,12,17,0.6875,225.0,0.09090909090909091
m4,m4_paper_0,0,4,20250755,6,X,insider,buyer,210.0,375.0,13,17,0.75,150.0,-0.36363636363636365
m4,m4_paper_0,0,4,20250755,6,X,insider,buyer,210.0,375.0,14,17,0.8125,210.0,0.0
m4,m4_paper_0,0,4,20250755,6,X,insider,buyer,210.0,375.0,15,17,0.875,220.0,0.06060606060606061
m4,m4_paper_0,0,4,20250755,6,X,insider,buyer,210.0,375.0,16,17,0.9375,220.0,0.06060606060606061
m4,m4_paper_0,0,4,20250755,6,X,insider,buyer,210.0,375.0,17,17,1.0,255.0,0.2727272727272727
m4,m4_paper_0,0,4,20250755,7,Y,insider,seller,210.0,175.0,1,22,0.0,145.0,1.8571428571428572
m4,m4_paper_0,0,4,20250755,7,Y,insider,seller,210.0,175.0,2,22,0.047619047619047616,150.0,1.7142857142857142
m4,m4_paper_0,0,4,20250755,7,Y,insider,seller,210.0,175.0,3,22,0.09523809523809523,150.0,1.7142857142857142
m4,m4_paper_0,0,4,20250755,7,Y,insider,seller,210.0,175.0,4,22,0.14285714285714285,155.0,1.5714285714285714
m4,m4_paper_0,0,4,20250755,7,Y,insider,seller,210.0,175.0,5,22,0.19047619047619047,155.0,1.5714285714285714
m4,m4_paper_0,0,4,20250755,7,Y,insider,seller,210.0,175.0,6,22,0.23809523809523808,140.0,2.0
m4,m4_paper_0,0,4,20250755,7,Y,insider,seller,210.0,175.0,7,22,0.2857142857142857,150.0,1.7142857142857142
m4,m4_paper_0,0,4,20250755,7,Y,insider,seller,210.0,175.0,8,22,0.3333333333333333,160.0,1.4285714285714286
m4,m4_paper_0,0,4,20250755,7,Y,insider,seller,210.0,175.0,9,22,0.38095238095238093,161.0,1.4
m4,m4_paper_0,0,4,20250755,7,Y,insider,seller,210.0,175.0,10,22,0.42857142857142855,161.0,1.4
m4,m4_paper_0,0,4,20250755,7,Y,insider,seller,210.0,175.0,11,22,0.47619047619047616,162.0,1.3714285714285714
m4,m4_paper_0,0,4,20250755,7,Y,insider,seller,210.0,175.0,12,22,0.5238095238095238,155.0,1.5714285714285714
m4,m4_paper_0,0,4,20250755,7,Y,insider,seller,210.0,175.0,13,22,0.5714285714285714,150.0,1.7142857142857142
m4,m4_paper_0,0,4,20250755,7,Y,insider,seller,210.0,175.0,14,22,0.6190476190476191,140.0,2.0
m4,m4_paper_0,0,4,20250755,7,Y,insider,seller,210.0,175.0,15,22,0.6666666666666666,150.0,1.7142857142857142
m4,m4_paper_0,0,4,20250755,7,Y,insider,seller,210.0,175.0,16,22,0.7142857142857143,150.0,1.7142857142857142
m4,m4_paper_0,0,4,20250755,7,Y,insider,seller,210.0,175.0,17,22,0.7619047619047619,149.0,1.7428571428571429
m4,m4_paper_0,0,4,20250755,7,Y,insider,seller,210.0,175.0,18,22,0.8095238095238095,150.0,1.7142857142857142
m4,m4_paper_0,0,4,20250755,7,Y,insider,seller,210.0,175.0,19,22,0.8571428571428571,150.0,1.7142857142857142
m4,m4_paper_0,0,4,20250755,7,Y,insider,seller,210.0,175.0,20,22,0.9047619047619048,140.0,2.0
m4,m4_paper_0,0,4,20250755,7,Y,insider,seller,210.0,175.0,21,22,0.9523809523809523,145.0,1.8571428571428572
m4,m4_paper_0,0,4,20250755,7,Y,insider,seller,210.0,175.0,22,22,1.0,149.0,1.7428571428571429
m4,m4_paper_0,0,4,20250755,8,Y,insider,seller,210.0,175.0,1,25,0.0,190.0,0.5714285714285714
m4,m4_paper_0,0,4,20250755,8,Y,insider,seller,210.0,175.0,2,25,0.041666666666666664,190.0,0.5714285714285714
m4,m4_paper_0,0,4,20250755,8,Y,insider,seller,210.0,175.0,3,25,0.08333333333333333,190.0,0.5714285714285714
m4,m4_paper_0,0,4,20250755,8,Y,insider,seller,210.0,175.0,4,25,0.125,190.0,0.5714285714285714
m4,m4_paper_0,0,4,20250755,8,Y,insider,seller,210.0,175.0,5,25,0.16666666666666666,190.0,0.5714285714285714
m4,m4_paper_0,0,4,20250755,8,Y,insider,seller,210.0,175.0,6,25,0.20833333333333334,190.0,0.5714285714285714
m4,m4_paper_0,0,4,20250755,8,Y,insider,seller,210.0,175.0,7,25,0.25,190.0,0.5714285714285714
m4,m4_paper_0,0,4,20250755,8,Y,insider,seller,210.0,175.0,8,25,0.2916666666666667,189.0,0.6
m4,m4_paper_0,0,4,20250755,8,Y,insider,seller,210.0,175.0,9,25,0.3333333333333333,189.0,0.6
m4,m4_paper_0,0,4,20250755,8,Y,insider,seller,210.0,175.0,10,25,0.375,189.0,0.6
m4,m4_paper_0,0,4,20250755,8,Y,insider,seller,210.0,175.0,11,25,0.4166666666666667,190.0,0.5714285714285714
m4,m4_paper_0,0,4,20250755,8,Y,insider,seller,210.0,175.0,12,25,0.4583333333333333,190.0,0.5714285714285714
m4,m4_paper_0,0,4,20250755,8,Y,insider,seller,210.0,175.0,13,25,0.5,190.0,0.5714285714285714
m4,m4_paper_0,0,4,20250755,8,Y,insider,seller,210.0,175.0,14,25,0.5416666666666666,190.0,0.5714285714285714
m4,m4_paper_0,0,4,20250755,8,Y,insider,seller,210.0,175.0,15,25,0.5833333333333334,190.0,0.5714285714285714
m4,m4_paper_0,0,4,20250755,8,Y,insider,seller,210.0,175.0,16,25,0.625,190.0,0.5714285714285714
m4,m4_paper_0,0,4,20250755,8,Y,insider,seller,210.0,175.0,17,25,0.6666666666666666,190.0,0.5714285714285714
m4,m4_paper_0,0,4,20250755,8,Y,insider,seller,210.0,175.0,18,25,0.7083333333333334,190.0,0.5714285714285714
m4,m4_paper_0,0,4,20250755,8,Y,insider,seller,210.0,175.0,19,25,0.75,149.0,1.7428571428571429
m4,m4_paper_0,0,4,20250755,8,Y,insider,seller,210.0,175.0,20,25,0.7916666666666666,150.0,1.7142857142857142
m4,m4_paper_0,0,4,20250755,8,Y,insider,seller,210.0,175.0,21,25,0.8333333333333334,149.0,1.7428571428571429
m4,m4_paper_0,0,4,20250755,8,Y,insider,seller,210.0,175.0,22,25,0.875,149.0,1.7428571428571429
m4,m4_paper_0,0,4,20250755,8,Y,insider,seller,210.0,175.0,23,25,0.9166666666666666,149.0,1.7428571428571429
m4,m4_paper_0,0,4,20250755,8,Y,insider,seller,210.0,175.0,24,25,0.9583333333333334,150.0,1.7142857142857142
m4,m4_paper_0,0,4,20250755,8,Y,insider,seller,210.0,175.0,25,25,1.0,140.0,2.0
m4,m4_paper_0,0,4,20250755,9,X,insider,buyer,210.0,375.0,1,19,0.0,250.0,0.24242424242424243
m4,m4_paper_0,0,4,20250755,9,X,insider,buyer,210.0,375.0,2,19,0.05555555555555555,260.0,0.30303030303030304
m4,m4_paper_0,0,4,20250755,9,X,insider,buyer,210.0,375.0,3,19,0.1111111111111111,300.0,0.5454545454545454
m4,m4_paper_0,0,4,20250755,9,X,insider,buyer,210.0,375.0,4,19,0.16666666666666666,300.0,0.5454545454545454
m4,m4_paper_0,0,4,20250755,9,X,insider,buyer,210.0,375.0,5,19,0.2222222222222222,300.0,0.5454545454545454
m4,m4_paper_0,0,4,20250755,9,X,insider,buyer,210.0,375.0,6,19,0.2777777777777778,300.0,0.5454545454545454
m4,m4_paper_0,0,4,20250755,9,X,insider,buyer,210.0,375.0,7,19,0.3333333333333333,300.0,0.5454545454545454
m4,m4_paper_0,0,4,20250755,9,X,insider,buyer,210.0,375.0,8,19,0.3888888888888889,300.0,0.5454545454545454
m4,m4_paper_0,0,4,20250755,9,X,insider,buyer,210.0,375.0,9,19,0.4444444444444444,300.0,0.5454545454545454
m4,m4_paper_0,0,4,20250755,9,X,insider,buyer,210.0,375.0,10,19,0.5,300.0,0.5454545454545454
m4,m4_paper_0,0,4,20250755,9,X,insider,buyer,210.0,375.0,11,19,0.5555555555555556,300.0,0.5454545454545454
m4,m4_paper_0,0,4,20250755,9,X,insider,buyer,210.0,375.0,12,19,0.6111111111111112,300.0,0.5454545454545454
m4,m4_paper_0,0,4,20250755,9,X,insider,buyer,210.0,375.0,13,19,0.6666666666666666,300.0,0.5454545454545454
m4,m4_paper_0,0,4,20250755,9,X,insider,buyer,210.0,375.0,14,19,0.7222222222222222,300.0,0.5454545454545454
m4,m4_paper_0,0,4,20250755,9,X,insider,buyer,210.0,375.0,15,19,0.7777777777777778,300.0,0.5454545454545454
m4,m4_paper_0,0,4,20250755,9,X,insider,buyer,210.0,375.0,16,19,0.8333333333333334,150.0,-0.36363636363636365
m4,m4_paper_0,0,4,20250755,9,X,insider,buyer,210.0,375.0,17,19,0.8888888888888888,150.0,-0.36363636363636365
m4,m4_paper_0,0,4,20250755,9,X,insider,buyer,210.0,375.0,18,19,0.9444444444444444,151.0,-0.3575757575757576
m4,m4_paper_0,0,4,20250755,9,X,insider,buyer,210.0,375.0,19,19,1.0,300.0,0.5454545454545454
m4,m4_paper_0,0,4,20250755,10,Y,insider,seller,210.0,175.0,1,18,0.0,150.0,1.7142857142857142
m4,m4_paper_0,0,4,20250755,10,Y,insider,seller,210.0,175.0,2,18,0.058823529411764705,155.0,1.5714285714285714
m4,m4_paper_0,0,4,20250755,10,Y,insider,seller,210.0,175.0,3,18,0.11764705882352941,151.0,1.6857142857142857
m4,m4_paper_0,0,4,20250755,10,Y,insider,seller,210.0,175.0,4,18,0.17647058823529413,160.0,1.4285714285714286
m4,m4_paper_0,0,4,20250755,10,Y,insider,seller,210.0,175.0,5,18,0.23529411764705882,160.0,1.4285714285714286
m4,m4_paper_0,0,4,20250755,10,Y,insider,seller,210.0,175.0,6,18,0.29411764705882354,165.0,1.2857142857142858
m4,m4_paper_0,0,4,20250755,10,Y,insider,seller,210.0,175.0,7,18,0.35294117647058826,165.0,1.2857142857142858
m4,m4_paper_0,0,4,20250755,10,Y,insider,seller,210.0,175.0,8,18,0.4117647058823529,150.0,1.7142857142857142
m4,m4_paper_0,0,4,20250755,10,Y,insider,seller,210.0,175.0,9,18,0.47058823529411764,150.0,1.7142857142857142
m4,m4_paper_0,0,4,20250755,10,Y,insider,seller,210.0,175.0,10,18,0.5294117647058824,165.0,1.2857142857142858
m4,m4_paper_0,0,4,20250755,10,Y,insider,seller,210.0,175.0,11,18,0.5882352941176471,174.0,1.0285714285714285
m4,m4_paper_0,0,4,20250755,10,Y,insider,seller,210.0,175.0,12,18,0.6470588235294118,170.0,1.1428571428571428
m4,m4_paper_0,0,4,20250755,10,Y,insider,seller,210.0,175.0,13,18,0.7058823529411765,170.0,1.1428571428571428
m4,m4_paper_0,0,4,20250755,10,Y,insider,seller,210.0,175.0,14,18,0.7647058823529411,170.0,1.1428571428571428
m4,m4_paper_0,0,4,20250755,10,Y,insider,seller,210.0,175.0,15,18,0.8235294117647058,149.0,1.7428571428571429
m4,m4_paper_0,0,4,20250755,10,Y,insider,seller,210.0,175.0,16,18,0.8823529411764706,150.0,1.7142857142857142
m4,m4_paper_0,0,4,20250755,10,Y,insider,seller,210.0,175.0,17,18,0.9411764705882353,174.0,1.0285714285714285
m4,m4_paper_0,0,4,20250755,10,Y,insider,seller,210.0,175.0,18,18,1.0,174.0,1.0285714285714285
m4,m4_paper_0,0,4,20250755,11,X,insider,buyer,210.0,375.0,1,19,0.0,200.0,-0.06060606060606061
m4,m4_paper_0,0,4,20250755,11,X,insider,buyer,210.0,375.0,2,19,0.05555555555555555,250.0,0.24242424242424243
m4,m4_paper_0,0,4,20250755,11,X,insider,buyer,210.0,375.0,3,19,0.1111111111111111,250.0,0.24242424242424243
m4,m4_paper_0,0,4,20250755,11,X,insider,buyer,210.0,375.0,4,19,0.16666666666666666,250.0,0.24242424242424243
m4,m4_paper_0,0,4,20250755,11,X,insider,buyer,210.0,375.0,5,19,0.2222222222222222,250.0,0.24242424242424243
m4,m4_paper_0,0,4,20250755,11,X,insider,buyer,210.0,375.0,6,19,0.2777777777777778,260.0,0.30303030303030304
m4,m4_paper_0,0,4,20250755,11,X,insider,buyer,210.0,375.0,7,19,0.3333333333333333,150.0,-0.36363636363636365
m4,m4_paper_0,0,4,20250755,11,X,insider,buyer,210.0,375.0,8,19,0.3888888888888889,260.0,0.30303030303030304
m4,m4_paper_0,0,4,20250755,11,X,insider,buyer,210.0,375.0,9,19,0.4444444444444444,250.0,0.24242424242424243
m4,m4_paper_0,0,4,20250755,11,X,insider,buyer,210.0,375.0,10,19,0.5,250.0,0.24242424242424243
m4,m4_paper_0,0,4,20250755,11,X,insider,buyer,210.0,375.0,11,19,0.5555555555555556,260.0,0.30303030303030304
m4,m4_paper_0,0,4,20250755,11,X,insider,buyer,210.0,375.0,12,19,0.6111111111111112,250.0,0.24242424242424243
m4,m4_paper_0,0,4,20250755,11,X,insider,buyer,210.0,375.0,13,19,0.6666666666666666,260.0,0.30303030303030304
m4,m4_paper_0,0,4,20250755,11,X,insider,buyer,210.0,375.0,14,19,0.7222222222222222,260.0,0.30303030303030304
m4,m4_paper_0,0,4,20250755,11,X,insider,buyer,210.0,375.0,15,19,0.7777777777777778,260.0,0.30303030303030304
m4,m4_paper_0,0,4,20250755,11,X,insider,buyer,210.0,375.0,16,19,0.8333333333333334,265.0,0.3333333333333333
m4,m4_paper_0,0,4,20250755,11,X,insider,buyer,210.0,375.0,17,19,0.8888888888888888,265.0,0.3333333333333333
m4,m4_paper_0,0,4,20250755,11,X,insider,buyer,210.0,375.0,18,19,0.9444444444444444,300.0,0.5454545454545454
m4,m4_paper_0,0,4,20250755,11,X,insider,buyer,210.0,375.0,19,19,1.0,280.0,0.42424242424242425
m4,m4_paper_0,0,4,20250755,12,Y,insider,seller,210.0,175.0,1,15,0.0,200.0,0.2857142857142857
m4,m4_paper_0,0,4,20250755,12,Y,insider,seller,210.0,175.0,2,15,0.07142857142857142,200.0,0.2857142857142857
m4,m4_paper_0,0,4,20250755,12,Y,insider,seller,210.0,175.0,3,15,0.14285714285714285,209.0,0.02857142857142857
m4,m4_paper_0,0,4,20250755,12,Y,insider,seller,210.0,175.0,4,15,0.21428571428571427,150.0,1.7142857142857142
m4,m4_paper_0,0,4,20250755,12,Y,insider,seller,210.0,175.0,5,15,0.2857142857142857,208.0,0.05714285714285714
m4,m4_paper_0,0,4,20250755,12,Y,insider,seller,210.0,175.0,6,15,0.35714285714285715,208.0,0.05714285714285714
m4,m4_paper_0,0,4,20250755,12,Y,insider,seller,210.0,175.0,7,15,0.42857142857142855,208.0,0.05714285714285714
m4,m4_paper_0,0,4,20250755,12,Y,insider,seller,210.0,175.0,8,15,0.5,208.0,0.05714285714285714
m4,m4_paper_0,0,4,20250755,12,Y,insider,seller,210.0,175.0,9,15,0.5714285714285714,207.0,0.08571428571428572
m4,m4_paper_0,0,4,20250755,12,Y,insider,seller,210.0,175.0,10,15,0.6428571428571429,206.0,0.11428571428571428
m4,m4_paper_0,0,4,20250755,12,Y,insider,seller,210.0,175.0,11,15,0.7142857142857143,206.0,0.11428571428571428
m4,m4_paper_0,0,4,20250755,12,Y,insider,seller,210.0,175.0,12,15,0.7857142857142857,203.0,0.2
m4,m4_paper_0,0,4,20250755,12,Y,insider,seller,210.0,175.0,13,15,0.8571428571428571,174.0,1.0285714285714285
m4,m4_paper_0,0,4,20250755,12,Y,insider,seller,210.0,175.0,14,15,0.9285714285714286,149.0,1.7428571428571429
m4,m4_paper_0,0,4,20250755,12,Y,insider,seller,210.0,175.0,15,15,1.0,174.0,1.0285714285714285
m4,m4_paper_0,0,4,20250755,13,X,insider,buyer,210.0,375.0,1,19,0.0,220.0,0.06060606060606061
m4,m4_paper_0,0,4,20250755,13,X,insider,buyer,210.0,375.0,2,19,0.05555555555555555,220.0,0.06060606060606061
m4,m4_paper_0,0,4,20250755,13,X,insider,buyer,210.0,375.0,3,19,0.1111111111111111,220.0,0.06060606060606061
m4,m4_paper_0,0,4,20250755,13,X,insider,buyer,210.0,375.0,4,19,0.16666666666666666,220.0,0.06060606060606061
m4,m4_paper_0,0,4,20250755,13,X,insider,buyer,210.0,375.0,5,19,0.2222222222222222,300.0,0.5454545454545454
m4,m4_paper_0,0,4,20250755,13,X,insider,buyer,210.0,375.0,6,19,0.2777777777777778,300.0,0.5454545454545454
m4,m4_paper_0,0,4,20250755,13,X,insider,buyer,210.0,375.0,7,19,0.3333333333333333,300.0,0.5454545454545454
m4,m4_paper_0,0,4,20250755,13,X,insider,buyer,210.0,375.0,8,19,0.3888888888888889,220.0,0.06060606060606061
m4,m4_paper_0,0,4,20250755,13,X,insider,buyer,210.0,375.0,9,19,0.4444444444444444,300.0,0.5454545454545454
m4,m4_paper_0,0,4,20250755,13,X,insider,buyer,210.0,375.0,10,19,0.5,300.0,0.5454545454545454
m4,m4_paper_0,0,4,20250755,13,X,insider,buyer,210.0,375.0,11,19,0.5555555555555556,220.0,0.06060606060606061
m4,m4_paper_0,0,4,20250755,13,X,insider,buyer,210.0,375.0,12,19,0.6111111111111112,220.0,0.06060606060606061
m4,m4_paper_0,0,4,20250755,13,X,insider,buyer,210.0,375.0,13,19,0.6666666666666666,220.0,0.06060606060606061
m4,m4_paper_0,0,4,20250755,13,X,insider,buyer,210.0,375.0,14,19,0.7222222222222222,300.0,0.5454545454545454
m4,m4_paper_0,0,4,20250755,13,X,insider,buyer,210.0,375.0,15,19,0.7777777777777778,220.0,0.06060606060606061
m4,m4_paper_0,0,4,20250755,13,X,insider,buyer,210.0,375.0,16,19,0.8333333333333334,300.0,0.5454545454545454
m4,m4_paper_0,0,4,20250755,13,X,insider,buyer,210.0,375.0,17,19,0.8888888888888888,200.0,-0.06060606060606061
m4,m4_paper_0,0,4,20250755,13,X,insider,buyer,210.0,375.0,18,19,0.9444444444444444,200.0,-0.06060606060606061
m4,m4_paper_0,0,4,20250755,13,X,insider,buyer,210.0,375.0,19,19,1.0,300.0,0.5454545454545454
m4,m4_paper_1,0,4,20250756,5,Y,insider,seller,210.0,175.0,1,17,0.0,149.0,1.7428571428571429
m4,m4_paper_1,0,4,20250756,5,Y,insider,seller,210.0,175.0,2,17,0.0625,149.0,1.7428571428571429
m4,m4_paper_1,0,4,20250756,5,Y,insider,seller,210.0,175.0,3,17,0.125,149.0,1.7428571428571429
m4,m4_paper_1,0,4,20250756,5,Y,insider,seller,210.0,175.0,4,17,0.1875,149.0,1.7428571428571429
m4,m4_paper_1,0,4,20250756,5,Y,insider,seller,210.0,175.0,5,17,0.25,149.0,1.7428571428571429
m4,m4_paper_1,0,4,20250756,5,Y,insider,seller,210.0,175.0,6,17,0.3125,149.0,1.7428571428571429
m4,m4_paper_1,0,4,20250756,5,Y,insider,seller,210.0,175.0,7,17,0.375,149.0,1.7428571428571429
m4,m4_paper_1,0,4,20250756,5,Y,insider,seller,210.0,175.0,8,17,0.4375,150.0,1.7142857142857142
m4,m4_paper_1,0,4,20250756,5,Y,insider,seller,210.0,175.0,9,17,0.5,149.0,1.7428571428571429
m4,m4_paper_1,0,4,20250756,5,Y,insider,seller,210.0,175.0,10,17,0.5625,150.0,1.7142857142857142
m4,m4_paper_1,0,4,20250756,5,Y,insider,seller,210.0,175.0,11,17,0.625,150.0,1.7142857142857142
m4,m4_paper_1,0,4,20250756,5,Y,insider,seller,210.0,175.0,12,17,0.6875,149.0,1.7428571428571429
m4,m4_paper_1,0,4,20250756,5,Y,insider,seller,210.0,175.0,13,17,0.75,151.0,1.6857142857142857
m4,m4_paper_1,0,4,20250756,5,Y,insider,seller,210.0,175.0,14,17,0.8125,151.0,1.6857142857142857
m4,m4_paper_1,0,4,20250756,5,Y,insider,seller,210.0,175.0,15,17,0.875,151.0,1.6857142857142857
m4,m4_paper_1,0,4,20250756,5,Y,insider,seller,210.0,175.0,16,17,0.9375,151.0,1.6857142857142857
m4,m4_paper_1,0,4,20250756,5,Y,insider,seller,210.0,175.0,17,17,1.0,151.0,1.6857142857142857
m4,m4_paper_1,0,4,20250756,6,X,insider,buyer,210.0,375.0,1,15,0.0,149.0,-0.3696969696969697
m4,m4_paper_1,0,4,20250756,6,X,insider,buyer,210.0,375.0,2,15,0.07142857142857142,150.0,-0.36363636363636365
m4,m4_paper_1,0,4,20250756,6,X,insider,buyer,210.0,375.0,3,15,0.14285714285714285,151.0,-0.3575757575757576
m4,m4_paper_1,0,4,20250756,6,X,insider,buyer,210.0,375.0,4,15,0.21428571428571427,152.0,-0.3515151515151515
m4,m4_paper_1,0,4,20250756,6,X,insider,buyer,210.0,375.0,5,15,0.2857142857142857,153.0,-0.34545454545454546
m4,m4_paper_1,0,4,20250756,6,X,insider,buyer,210.0,375.0,6,15,0.35714285714285715,154.0,-0.3393939393939394
m4,m4_paper_1,0,4,20250756,6,X,insider,buyer,210.0,375.0,7,15,0.42857142857142855,155.0,-0.3333333333333333
m4,m4_paper_1,0,4,20250756,6,X,insider,buyer,210.0,375.0,8,15,0.5,155.0,-0.3333333333333333
m4,m4_paper_1,0,4,20250756,6,X,insider,buyer,210.0,375.0,9,15,0.5714285714285714,160.0,-0.30303030303030304
m4,m4_paper_1,0,4,20250756,6,X,insider,buyer,210.0,375.0,10,15,0.6428571428571429,150.0,-0.36363636363636365
m4,m4_paper_1,0,4,20250756,6,X,insider,buyer,210.0,375.0,11,15,0.7142857142857143,149.0,-0.3696969696969697
m4,m4_paper_1,0,4,20250756,6,X,insider,buyer,210.0,375.0,12,15,0.7857142857142857,150.0,-0.36363636363636365
m4,m4_paper_1,0,4,20250756,6,X,insider,buyer,210.0,375.0,13,15,0.8571428571428571,150.0,-0.36363636363636365
m4,m4_paper_1,0,4,20250756,6,X,insider,buyer,210.0,375.0,14,15,0.9285714285714286,101.0,-0.6606060606060606
m4,m4_paper_1,0,4,20250756,6,X,insider,buyer,210.0,375.0,15,15,1.0,101.0,-0.6606060606060606
m4,m4_paper_1,0,4,20250756,7,Y,insider,seller,210.0,175.0,1,13,0.0,149.0,1.7428571428571429
m4,m4_paper_1,0,4,20250756,7,Y,insider,seller,210.0,175.0,2,13,0.08333333333333333,149.0,1.7428571428571429
m4,m4_paper_1,0,4,20250756,7,Y,insider,seller,210.0,175.0,3,13,0.16666666666666666,149.0,1.7428571428571429
m4,m4_paper_1,0,4,20250756,7,Y,insider,seller,210.0,175.0,4,13,0.25,149.0,1.7428571428571429
m4,m4_paper_1,0,4,20250756,7,Y,insider,seller,210.0,175.0,5,13,0.3333333333333333,150.0,1.7142857142857142
m4,m4_paper_1,0,4,20250756,7,Y,insider,seller,210.0,175.0,6,13,0.4166666666666667,150.0,1.7142857142857142
m4,m4_paper_1,0,4,20250756,7,Y,insider,seller,210.0,175.0,7,13,0.5,150.0,1.7142857142857142
m4,m4_paper_1,0,4,20250756,7,Y,insider,seller,210.0,175.0,8,13,0.5833333333333334,150.0,1.7142857142857142
m4,m4_paper_1,0,4,20250756,7,Y,insider,seller,210.0,175.0,9,13,0.6666666666666666,151.0,1.6857142857142857
m4,m4_paper_1,0,4,20250756,7,Y,insider,seller,210.0,175.0,10,13,0.75,151.0,1.6857142857142857
m4,m4_paper_1,0,4,20250756,7,Y,insider,seller,210.0,175.0,11,13,0.8333333333333334,151.0,1.6857142857142857
m4,m4_paper_1,0,4,20250756,7,Y,insider,seller,210.0,175.0,12,13,0.9166666666666666,151.0,1.6857142857142857
m4,m4_paper_1,0,4,20250756,7,Y,insider,seller,210.0,175.0,13,13,1.0,151.0,1.6857142857142857
m4,m4_paper_1,0,4,20250756,8,Y,insider,seller,210.0,175.0,1,19,0.0,151.0,1.6857142857142857
m4,m4_paper_1,0,4,20250756,8,Y,insider,seller,210.0,175.0,2,19,0.05555555555555555,151.0,1.6857142857142857
m4,m4_paper_1,0,4,20250756,8,Y,insider,seller,210.0,175.0,3,19,0.1111111111111111,151.0,1.6857142857142857
m4,m4_paper_1,0,4,20250756,8,Y,insider,seller,210.0,175.0,4,19,0.16666666666666666,152.0,1.6571428571428573
m4,m4_paper_1,0,4,20250756,8,Y,insider,seller,210.0,175.0,5,19,0.2222222222222222,150.0,1.7142857142857142
m4,m4_paper_1,0,4,20250756,8,Y,insider,seller,210.0,175.0,6,19,0.2777777777777778,152.0,1.6571428571428573
m4,m4_paper_1,0,4,20250756,8,Y,insider,seller,210.0,175.0,7,19,0.3333333333333333,152.0,1.6571428571428573
m4,m4_paper_1,0,4,20250756,8,Y,insider,seller,210.0,175.0,8,19,0.3888888888888889,151.0,1.6857142857142857
m4,m4_paper_1,0,4,20250756,8,Y,insider,seller,210.0,175.0,9,19,0.4444444444444444,153.0,1.6285714285714286
m4,m4_paper_1,0,4,20250756,8,Y,insider,seller,210.0,175.0,10,19,0.5,154.0,1.6
m4,m4_paper_1,0,4,20250756,8,Y,insider,seller,210.0,175.0,11,19,0.5555555555555556,154.0,1.6
m4,m4_paper_1,0,4,20250756,8,Y,insider,seller,210.0,175.0,12,19,0.6111111111111112,149.0,1.7428571428571429
m4,m4_paper_1,0,4,20250756,8,Y,insider,seller,210.0,175.0,13,19,0.6666666666666666,150.0,1.7142857142857142
m4,m4_paper_1,0,4,20250756,8,Y,insider,seller,210.0,175.0,14,19,0.7222222222222222,149.0,1.7428571428571429
m4,m4_paper_1,0,4,20250756,8,Y,insider,seller,210.0,175.0,15,19,0.7777777777777778,150.0,1.7142857142857142
m4,m4_paper_1,0,4,20250756,8,Y,insider,seller,210.0,175.0,16,19,0.8333333333333334,150.0,1.7142857142857142
m4,m4_paper_1,0,4,20250756,8,Y,insider,seller,210.0,175.0,17,19,0.8888888888888888,155.0,1.5714285714285714
m4,m4_paper_1,0,4,20250756,8,Y,insider,seller,210.0,175.0,18,19,0.9444444444444444,155.0,1.5714285714285714
m4,m4_paper_1,0,4,20250756,8,Y,insider,seller,210.0,175.0,19,19,1.0,152.0,1.6571428571428573
m4,m4_paper_1,0,4,20250756,9,X,insider,buyer,210.0,375.0,1,18,0.0,149.0,-0.3696969696969697
m4,m4_paper_1,0,4,20250756,9,X,insider,buyer,210.0,375.0,2,18,0.058823529411764705,150.0,-0.36363636363636365
m4,m4_paper_1,0,4,20250756,9,X,insider,buyer,210.0,375.0,3,18,0.11764705882352941,200.0,-0.06060606060606061
m4,m4_paper_1,0,4,20250756,9,X,insider,buyer,210.0,375.0,4,18,0.17647058823529413,250.0,0.24242424242424243
m4,m4_paper_1,0,4,20250756,9,X,insider,buyer,210.0,375.0,5,18,0.23529411764705882,274.0,0.3878787878787879
m4,m4_paper_1,0,4,20250756,9,X,insider,buyer,210.0,375.0,6,18,0.29411764705882354,250.0,0.24242424242424243
m4,m4_paper_1,0,4,20250756,9,X,insider,buyer,210.0,375.0,7,18,0.35294117647058826,250.0,0.24242424242424243
m4,m4_paper_1,0,4,20250756,9,X,insider,buyer,210.0,375.0,8,18,0.4117647058823529,250.0,0.24242424242424243
m4,m4_paper_1,0,4,20250756,9,X,insider,buyer,210.0,375.0,9,18,0.47058823529411764,250.0,0.24242424242424243
m4,m4_paper_1,0,4,20250756,9,X,insider,buyer,210.0,375.0,10,18,0.5294117647058824,250.0,0.24242424242424243
m4,m4_paper_1,0,4,20250756,9,X,insider,buyer,210.0,375.0,11,18,0.5882352941176471,250.0,0.24242424242424243
m4,m4_paper_1,0,4,20250756,9,X,insider,buyer,210.0,375.0,12,18,0.6470588235294118,250.0,0.24242424242424243
m4,m4_paper_1,0,4,20250756,9,X,insider,buyer,210.0,375.0,13,18,0.7058823529411765,260.0,0.30303030303030304
m4,m4_paper_1,0,4,20250756,9,X,insider,buyer,210.0,375.0,14,18,0.7647058823529411,250.0,0.24242424242424243
m4,m4_paper_1,0,4,20250756,9,X,insider,buyer,210.0,375.0,15,18,0.8235294117647058,250.0,0.24242424242424243
m4,m4_paper_1,0,4,20250756,9,X,insider,buyer,210.0,375.0,16,18,0.8823529411764706,260.0,0.30303030303030304
m4,m4_paper_1,0,4,20250756,9,X,insider,buyer,210.0,375.0,17,18,0.9411764705882353,260.0,0.30303030303030304
m4,m4_paper_1,0,4,20250756,9,X,insider,buyer,210.0,375.0,18,18,1.0,270.0,0.36363636363636365
m4,m4_paper_1,0,4,20250756,10,Y,insider,seller,210.0,175.0,1,22,0.0,149.0,1.7428571428571429
m4,m4_paper_1,0,4,20250756,10,Y,insider,seller,210.0,175.0,2,22,0.047619047619047616,150.0,1.7142857142857142
m4,m4_paper_1,0,4,20250756,10,Y,insider,seller,210.0,175.0,3,22,0.09523809523809523,149.0,1.7428571428571429
m4,m4_paper_1,0,4,20250756,10,Y,insider,seller,210.0,175.0,4,22,0.14285714285714285,151.0,1.6857142857142857
m4,m4_paper_1,0,4,20250756,10,Y,insider,seller,210.0,175.0,5,22,0.19047619047619047,150.0,1.7142857142857142
m4,m4_paper_1,0,4,20250756,10,Y,insider,seller,210.0,175.0,6,22,0.23809523809523808,151.0,1.6857142857142857
m4,m4_paper_1,0,4,20250756,10,Y,insider,seller,210.0,175.0,7,22,0.2857142857142857,149.0,1.7428571428571429
m4,m4_paper_1,0,4,20250756,10,Y,insider,seller,210.0,175.0,8,22,0.3333333333333333,151.0,1.6857142857142857
m4,m4_paper_1,0,4,20250756,10,Y,insider,seller,210.0,175.0,9,22,0.38095238095238093,151.0,1.6857142857142857
m4,m4_paper_1,0,4,20250756,10,Y,insider,seller,210.0,175.0,10,22,0.42857142857142855,152.0,1.6571428571428573
m4,m4_paper_1,0,4,20250756,10,Y,insider,seller,210.0,175.0,11,22,0.47619047619047616,152.0,1.6571428571428573
m4,m4_paper_1,0,4,20250756,10,Y,insider,seller,210.0,175.0,12,22,0.5238095238095238,151.0,1.6857142857142857
m4,m4_paper_1,0,4,20250756,10,Y,insider,seller,210.0,175.0,13,22,0.5714285714285714,152.0,1.6571428571428573
m4,m4_paper_1,0,4,20250756,10,Y,insider,seller,210.0,175.0,14,22,0.6190476190476191,150.0,1.7142857142857142
m4,m4_paper_1,0,4,20250756,10,Y,insider,seller,210.0,175.0,15,22,0.6666666666666666,152.0,1.6571428571428573
m4,m4_paper_1,0,4,20250756,10,Y,insider,seller,210.0,175.0,16,22,0.7142857142857143,149.0,1.7428571428571429
m4,m4_paper_1,0,4,20250756,10,Y,insider,seller,210.0,175.0,17,22,0.7619047619047619,153.0,1.6285714285714286
m4,m4_paper_1,0,4,20250756,10,Y,insider,seller,210.0,175.0,18,22,0.8095238095238095,152.0,1.6571428571428573
m4,m4_paper_1,0,4,20250756,10,Y,insider,seller,210.0,175.0,19,22,0.8571428571428571,149.0,1.7428571428571429
m4,m4_paper_1,0,4,20250756,10,Y,insider,seller,210.0,175.0,20,22,0.9047619047619048,149.0,1.7428571428571429
m4,m4_paper_1,0,4,20250756,10,Y,insider,seller,210.0,175.0,21,22,0.9523809523809523,150.0,1.7142857142857142
m4,m4_paper_1,0,4,20250756,10,Y,insider,seller,210.0,175.0,22,22,1.0,151.0,1.6857142857142857
m4,m4_paper_1,0,4,20250756,11,X,insider,buyer,210.0,375.0,1,25,0.0,160.0,-0.30303030303030304
m4,m4_paper_1,0,4,20250756,11,X,insider,buyer,210.0,375.0,2,25,0.041666666666666664,200.0,-0.06060606060606061
m4,m4_paper_1,0,4,20250756,11,X,insider,buyer,210.0,375.0,3,25,0.08333333333333333,200.0,-0.06060606060606061
m4,m4_paper_1,0,4,20250756,11,X,insider,buyer,210.0,375.0,4,25,0.125,200.0,-0.06060606060606061
m4,m4_paper_1,0,4,20250756,11,X,insider,buyer,210.0,375.0,5,25,0.16666666666666666,250.0,0.24242424242424243
m4,m4_paper_1,0,4,20250756,11,X,insider,buyer,210.0,375.0,6,25,0.20833333333333334,275.0,0.3939393939393939
m4,m4_paper_1,0,4,20250756,11,X,insider,buyer,210.0,375.0,7,25,0.25,270.0,0.36363636363636365
m4,m4_paper_1,0,4,20250756,11,X,insider,buyer,210.0,375.0,8,25,0.2916666666666667,275.0,0.3939393939393939
m4,m4_paper_1,0,4,20250756,11,X,insider,buyer,210.0,375.0,9,25,0.3333333333333333,280.0,0.42424242424242425
m4,m4_paper_1,0,4,20250756,11,X,insider,buyer,210.0,375.0,10,25,0.375,280.0,0.42424242424242425
m4,m4_paper_1,0,4,20250756,11,X,insider,buyer,210.0,375.0,11,25,0.4166666666666667,300.0,0.5454545454545454
m4,m4_paper_1,0,4,20250756,11,X,insider,buyer,210.0,375.0,12,25,0.4583333333333333,300.0,0.5454545454545454
m4,m4_paper_1,0,4,20250756,11,X,insider,buyer,210.0,375.0,13,25,0.5,300.0,0.5454545454545454
m4,m4_paper_1,0,4,20250756,11,X,insider,buyer,210.0,375.0,14,25,0.5416666666666666,250.0,0.24242424242424243
m4,m4_paper_1,0,4,20250756,11,X,insider,buyer,210.0,375.0,15,25,0.5833333333333334,300.0,0.5454545454545454
m4,m4_paper_1,0,4,20250756,11,X,insider,buyer,210.0,375.0,16,25,0.625,200.0,-0.06060606060606061
m4,m4_paper_1,0,4,20250756,11,X,insider,buyer,210.0,375.0,17,25,0.6666666666666666,200.0,-0.06060606060606061
m4,m4_paper_1,0,4,20250756,11,X,insider,buyer,210.0,375.0,18,25,0.7083333333333334,300.0,0.5454545454545454
m4,m4_paper_1,0,4,20250756,11,X,insider,buyer,210.0,375.0,19,25,0.75,141.0,-0.41818181818181815
m4,m4_paper_1,0,4,20250756,11,X,insider,buyer,210.0,375.0,20,25,0.7916666666666666,141.0,-0.41818181818181815
m4,m4_paper_1,0,4,20250756,11,X,insider,buyer,210.0,375.0,21,25,0.8333333333333334,141.0,-0.41818181818181815
m4,m4_paper_1,0,4,20250756,11,X,insider,buyer,210.0,375.0,22,25,0.875,150.0,-0.36363636363636365
m4,m4_paper_1,0,4,20250756,11,X,insider,buyer,210.0,375.0,23,25,0.9166666666666666,150.0,-0.36363636363636365
m4,m4_paper_1,0,4,20250756,11,X,insider,buyer,210.0,375.0,24,25,0.9583333333333334,300.0,0.5454545454545454
m4,m4_paper_1,0,4,20250756,11,X,insider,buyer,210.0,375.0,25,25,1.0,141.0,-0.41818181818181815
m4,m4_paper_1,0,4,20250756,12,Y,insider,seller,210.0,175.0,1,20,0.0,150.0,1.7142857142857142
m4,m4_paper_1,0,4,20250756,12,Y,insider,seller,210.0,175.0,2,20,0.05263157894736842,149.0,1.7428571428571429
m4,m4_paper_1,0,4,20250756,12,Y,insider,seller,210.0,175.0,3,20,0.10526315789473684,150.0,1.7142857142857142
m4,m4_paper_1,0,4,20250756,12,Y,insider,seller,210.0,175.0,4,20,0.15789473684210525,149.0,1.7428571428571429
m4,m4_paper_1,0,4,20250756,12,Y,insider,seller,210.0,175.0,5,20,0.21052631578947367,150.0,1.7142857142857142
m4,m4_paper_1,0,4,20250756,12,Y,insider,seller,210.0,175.0,6,20,0.2631578947368421,150.0,1.7142857142857142
m4,m4_paper_1,0,4,20250756,12,Y,insider,seller,210.0,175.0,7,20,0.3157894736842105,149.0,1.7428571428571429
m4,m4_paper_1,0,4,20250756,12,Y,insider,seller,210.0,175.0,8,20,0.3684210526315789,149.0,1.7428571428571429
m4,m4_paper_1,0,4,20250756,12,Y,insider,seller,210.0,175.0,9,20,0.42105263157894735,150.0,1.7142857142857142
m4,m4_paper_1,0,4,20250756,12,Y,insider,seller,210.0,175.0,10,20,0.47368421052631576,150.0,1.7142857142857142
m4,m4_paper_1,0,4,20250756,12,Y,insider,seller,210.0,175.0,11,20,0.5263157894736842,150.0,1.7142857142857142
m4,m4_paper_1,0,4,20250756,12,Y,insider,seller,210.0,175.0,12,20,0.5789473684210527,149.0,1.7428571428571429
m4,m4_paper_1,0,4,20250756,12,Y,insider,seller,210.0,175.0,13,20,0.631578947368421,149.0,1.7428571428571429
m4,m4_paper_1,0,4,20250756,12,Y,insider,seller,210.0,175.0,14,20,0.6842105263157895,150.0,1.7142857142857142
m4,m4_paper_1,0,4,20250756,12,Y,insider,seller,210.0,175.0,15,20,0.7368421052631579,150.0,1.7142857142857142
m4,m4_paper_1,0,4,20250756,12,Y,insider,seller,210.0,175.0,16,20,0.7894736842105263,150.0,1.7142857142857142
m4,m4_paper_1,0,4,20250756,12,Y,insider,seller,210.0,175.0,17,20,0.8421052631578947,150.0,1.7142857142857142
m4,m4_paper_1,0,4,20250756,12,Y,insider,seller,210.0,175.0,18,20,0.8947368421052632,150.0,1.7142857142857142
m4,m4_paper_1,0,4,20250756,12,Y,insider,seller,210.0,175.0,19,20,0.9473684210526315,150.0,1.7142857142857142
m4,m4_paper_1,0,4,20250756,12,Y,insider,seller,210.0,175.0,20,20,1.0,150.0,1.7142857142857142
m4,m4_paper_1,0,4,20250756,13,X,insider,buyer,210.0,375.0,1,23,0.0,170.0,-0.24242424242424243
m4,m4_paper_1,0,4,20250756,13,X,insider,buyer,210.0,375.0,2,23,0.045454545454545456,300.0,0.5454545454545454
m4,m4_paper_1,0,4,20250756,13,X,insider,buyer,210.0,375.0,3,23,0.09090909090909091,300.0,0.5454545454545454
m4,m4_paper_1,0,4,20250756,13,X,insider,buyer,210.0,375.0,4,23,0.13636363636363635,300.0,0.5454545454545454
m4,m4_paper_1,0,4,20250756,13,X,insider,buyer,210.0,375.0,5,23,0.18181818181818182,170.0,-0.24242424242424243
m4,m4_paper_1,0,4,20250756,13,X,insider,buyer,210.0,375.0,6,23,0.22727272727272727,300.0,0.5454545454545454
m4,m4_paper_1,0,4,20250756,13,X,insider,buyer,210.0,375.0,7,23,0.2727272727272727,300.0,0.5454545454545454
m4,m4_paper_1,0,4,20250756,13,X,insider,buyer,210.0,375.0,8,23,0.3181818181818182,300.0,0.5454545454545454
m4,m4_paper_1,0,4,20250756,13,X,insider,buyer,210.0,375.0,9,23,0.36363636363636365,300.0,0.5454545454545454
m4,m4_paper_1,0,4,20250756,13,X,insider,buyer,210.0,375.0,10,23,0.4090909090909091,300.0,0.5454545454545454
m4,m4_paper_1,0,4,20250756,13,X,insider,buyer,210.0,375.0,11,23,0.45454545454545453,200.0,-0.06060606060606061
m4,m4_paper_1,0,4,20250756,13,X,insider,buyer,210.0,375.0,12,23,0.5,300.0,0.5454545454545454
m4,m4_paper_1,0,4,20250756,13,X,insider,buyer,210.0,375.0,13,23,0.5454545454545454,300.0,0.5454545454545454
m4,m4_paper_1,0,4,20250756,13,X,insider,buyer,210.0,375.0,14,23,0.5909090909090909,200.0,-0.06060606060606061
m4,m4_paper_1,0,4,20250756,13,X,insider,buyer,210.0,375.0,15,23,0.6363636363636364,250.0,0.24242424242424243
m4,m4_paper_1,0,4,20250756,13,X,insider,buyer,210.0,375.0,16,23,0.6818181818181818,140.0,-0.42424242424242425
m4,m4_paper_1,0,4,20250756,13,X,insider,buyer,210.0,375.0,17,23,0.7272727272727273,250.0,0.24242424242424243
m4,m4_paper_1,0,4,20250756,13,X,insider,buyer,210.0,375.0,18,23,0.7727272727272727,250.0,0.24242424242424243
m4,m4_paper_1,0,4,20250756,13,X,insider,buyer,210.0,375.0,19,23,0.8181818181818182,350.0,0.8484848484848485
m4,m4_paper_1,0,4,20250756,13,X,insider,buyer,210.0,375.0,20,23,0.8636363636363636,200.0,-0.06060606060606061
m4,m4_paper_1,0,4,20250756,13,X,insider,buyer,210.0,375.0,21,23,0.9090909090909091,251.0,0.24848484848484848
m4,m4_paper_1,0,4,20250756,13,X,insider,buyer,210.0,375.0,22,23,0.9545454545454546,251.0,0.24848484848484848
m4,m4_paper_1,0,4,20250756,13,X,insider,buyer,210.0,375.0,23,23,1.0,300.0,0.5454545454545454
m4,m4_random_0,0,4,20250757,5,X,insider,buyer,210.0,375.0,1,20,0.0,140.0,-0.42424242424242425
m4,m4_random_0,0,4,20250757,5,X,insider,buyer,210.0,375.0,2,20,0.05263157894736842,141.0,-0.41818181818181815
m4,m4_random_0,0,4,20250757,5,X,insider,buyer,210.0,375.0,3,20,0.10526315789473684,141.0,-0.41818181818181815
m4,m4_random_0,0,4,20250757,5,X,insider,buyer,210.0,375.0,4,20,0.15789473684210525,142.0,-0.4121212121212121
m4,m4_random_0,0,4,20250757,5,X,insider,buyer,210.0,375.0,5,20,0.21052631578947367,143.0,-0.40606060606060607
m4,m4_random_0,0,4,20250757,5,X,insider,buyer,210.0,375.0,6,20,0.2631578947368421,145.0,-0.3939393939393939
m4,m4_random_0,0,4,20250757,5,X,insider,buyer,210.0,375.0,7,20,0.3157894736842105,144.0,-0.4
m4,m4_random_0,0,4,20250757,5,X,insider,buyer,210.0,375.0,8,20,0.3684210526315789,146.0,-0.3878787878787879
m4,m4_random_0,0,4,20250757,5,X,insider,buyer,210.0,375.0,9,20,0.42105263157894735,150.0,-0.36363636363636365
m4,m4_random_0,0,4,20250757,5,X,insider,buyer,210.0,375.0,10,20,0.47368421052631576,155.0,-0.3333333333333333
m4,m4_random_0,0,4,20250757,5,X,insider,buyer,210.0,375.0,11,20,0.5263157894736842,155.0,-0.3333333333333333
m4,m4_random_0,0,4,20250757,5,X,insider,buyer,210.0,375.0,12,20,0.5789473684210527,156.0,-0.32727272727272727
m4,m4_random_0,0,4,20250757,5,X,insider,buyer,210.0,375.0,13,20,0.631578947368421,157.0,-0.3212121212121212
m4,m4_random_0,0,4,20250757,5,X,insider,buyer,210.0,375.0,14,20,0.6842105263157895,160.0,-0.30303030303030304
m4,m4_random_0,0,4,20250757,5,X,insider,buyer,210.0,375.0,15,20,0.7368421052631579,161.0,-0.296969696969697
m4,m4_random_0,0,4,20250757,5,X,insider,buyer,210.0,375.0,16,20,0.7894736842105263,180.0,-0.18181818181818182
m4,m4_random_0,0,4,20250757,5,X,insider,buyer,210.0,375.0,17,20,0.8421052631578947,200.0,-0.06060606060606061
m4,m4_random_0,0,4,20250757,5,X,insider,buyer,210.0,375.0,18,20,0.8947368421052632,205.0,-0.030303030303030304
m4,m4_random_0,0,4,20250757,5,X,insider,buyer,210.0,375.0,19,20,0.9473684210526315,200.0,-0.06060606060606061
m4,m4_random_0,0,4,20250757,5,X,insider,buyer,210.0,375.0,20,20,1.0,300.0,0.5454545454545454
m4,m4_random_0,0,4,20250757,6,X,insider,buyer,210.0,375.0,1,14,0.0,150.0,-0.36363636363636365
m4,m4_random_0,0,4,20250757,6,X,insider,buyer,210.0,375.0,2,14,0.07692307692307693,200.0,-0.06060606060606061
m4,m4_random_0,0,4,20250757,6,X,insider,buyer,210.0,375.0,3,14,0.15384615384615385,210.0,0.0
m4,m4_random_0,0,4,20250757,6,X,insider,buyer,210.0,375.0,4,14,0.23076923076923078,220.0,0.06060606060606061
m4,m4_random_0,0,4,20250757,6,X,insider,buyer,210.0,375.0,5,14,0.3076923076923077,220.0,0.06060606060606061
m4,m4_random_0,0,4,20250757,6,X,insider,buyer,210.0,375.0,6,14,0.38461538461538464,220.0,0.06060606060606061
m4,m4_random_0,0,4,20250757,6,X,insider,buyer,210.0,375.0,7,14,0.46153846153846156,220.0,0.06060606060606061
m4,m4_random_0,0,4,20250757,6,X,insider,buyer,210.0,375.0,8,14,0.5384615384615384,220.0,0.06060606060606061
m4,m4_random_0,0,4,20250757,6,X,insider,buyer,210.0,375.0,9,14,0.6153846153846154,220.0,0.06060606060606061
m4,m4_random_0,0,4,20250757,6,X,insider,buyer,210.0,375.0,10,14,0.6923076923076923,221.0,0.06666666666666667
m4,m4_random_0,0,4,20250757,6,X,insider,buyer,210.0,375.0,11,14,0.7692307692307693,225.0,0.09090909090909091
m4,m4_random_0,0,4,20250757,6,X,insider,buyer,210.0,375.0,12,14,0.8461538461538461,225.0,0.09090909090909091
m4,m4_random_0,0,4,20250757,6,X,insider,buyer,210.0,375.0,13,14,0.9230769230769231,230.0,0.12121212121212122
m4,m4_random_0,0,4,20250757,6,X,insider,buyer,210.0,375.0,14,14,1.0,242.0,0.19393939393939394
m4,m4_random_0,0,4,20250757,7,Y,insider,seller,210.0,175.0,1,24,0.0,150.0,1.7142857142857142
m4,m4_random_0,0,4,20250757,7,Y,insider,seller,210.0,175.0,2,24,0.043478260869565216,150.0,1.7142857142857142
m4,m4_random_0,0,4,20250757,7,Y,insider,seller,210.0,175.0,3,24,0.08695652173913043,150.0,1.7142857142857142
m4,m4_random_0,0,4,20250757,7,Y,insider,seller,210.0,175.0,4,24,0.13043478260869565,149.0,1.7428571428571429
m4,m4_random_0,0,4,20250757,7,Y,insider,seller,210.0,175.0,5,24,0.17391304347826086,149.0,1.7428571428571429
m4,m4_random_0,0,4,20250757,7,Y,insider,seller,210.0,175.0,6,24,0.21739130434782608,149.0,1.7428571428571429
m4,m4_random_0,0,4,20250757,7,Y,insider,seller,210.0,175.0,7,24,0.2608695652173913,150.0,1.7142857142857142
m4,m4_random_0,0,4,20250757,7,Y,insider,seller,210.0,175.0,8,24,0.30434782608695654,149.0,1.7428571428571429
m4,m4_random_0,0,4,20250757,7,Y,insider,seller,210.0,175.0,9,24,0.34782608695652173,150.0,1.7142857142857142
m4,m4_random_0,0,4,20250757,7,Y,insider,seller,210.0,175.0,10,24,0.391304347826087,149.0,1.7428571428571429
m4,m4_random_0,0,4,20250757,7,Y,insider,seller,210.0,175.0,11,24,0.43478260869565216,150.0,1.7142857142857142
m4,m4_random_0,0,4,20250757,7,Y,insider,seller,210.0,175.0,12,24,0.4782608695652174,150.0,1.7142857142857142
m4,m4_random_0,0,4,20250757,7,Y,insider,seller,210.0,175.0,13,24,0.5217391304347826,150.0,1.7142857142857142
m4,m4_random_0,0,4,20250757,7,Y,insider,seller,210.0,175.0,14,24,0.5652173913043478,150.0,1.7142857142857142
m4,m4_random_0,0,4,20250757,7,Y,insider,seller,210.0,175.0,15,24,0.6086956521739131,150.0,1.7142857142857142
m4,m4_random_0,0,4,20250757,7,Y,insider,seller,210.0,175.0,16,24,0.6521739130434783,150.0,1.7142857142857142
m4,m4_random_0,0,4,20250757,7,Y,insider,seller,210.0,175.0,17,24,0.6956521739130435,149.0,1.7428571428571429
m4,m4_random_0,0,4,20250757,7,Y,insider,seller,210.0,175.0,18,24,0.7391304347826086,150.0,1.7142857142857142
m4,m4_random_0,0,4,20250757,7,Y,insider,seller,210.0,175.0,19,24,0.782608695652174,149.0,1.7428571428571429
m4,m4_random_0,0,4,20250757,7,Y,insider,seller,210.0,175.0,20,24,0.8260869565217391,150.0,1.7142857142857142
m4,m4_random_0,0,4,20250757,7,Y,insider,seller,210.0,175.0,21,24,0.8695652173913043,150.0,1.7142857142857142
m4,m4_random_0,0,4,20250757,7,Y,insider,seller,210.0,175.0,22,24,0.9130434782608695,150.0,1.7142857142857142
m4,m4_random_0,0,4,20250757,7,Y,insider,seller,210.0,175.0,23,24,0.9565217391304348,150.0,1.7142857142857142
m4,m4_random_0,0,4,20250757,7,Y,insider,seller,210.0,175.0,24,24,1.0,250.0,-1.1428571428571428
m4,m4_random_0,0,4,20250757,8,Y,insider,seller,210.0,175.0,1,25,0.0,155.0,1.5714285714285714
m4,m4_random_0,0,4,20250757,8,Y,insider,seller,210.0,175.0,2,25,0.041666666666666664,155.0,1.5714285714285714
m4,m4_random_0,0,4,20250757,8,Y,insider,seller,210.0,175.0,3,25,0.08333333333333333,155.0,1.5714285714285714
m4,m4_random_0,0,4,20250757,8,Y,insider,seller,210.0,175.0,4,25,0.125,160.0,1.4285714285714286
m4,m4_random_0,0,4,20250757,8,Y,insider,seller,210.0,175.0,5,25,0.16666666666666666,155.0,1.5714285714285714
m4,m4_random_0,0,4,20250757,8,Y,insider,seller,210.0,175.0,6,25,0.20833333333333334,155.0,1.5714285714285714
m4,m4_random_0,0,4,20250757,8,Y,insider,seller,210.0,175.0,7,25,0.25,160.0,1.4285714285714286
m4,m4_random_0,0,4,20250757,8,Y,insider,seller,210.0,175.0,8,25,0.2916666666666667,160.0,1.4285714285714286
m4,m4_random_0,0,4,20250757,8,Y,insider,seller,210.0,175.0,9,25,0.3333333333333333,155.0,1.5714285714285714
m4,m4_random_0,0,4,20250757,8,Y,insider,seller,210.0,175.0,10,25,0.375,160.0,1.4285714285714286
m4,m4_random_0,0,4,20250757,8,Y,insider,seller,210.0,175.0,11,25,0.4166666666666667,160.0,1.4285714285714286
m4,m4_random_0,0,4,20250757,8,Y,insider,seller,210.0,175.0,12,25,0.4583333333333333,160.0,1.4285714285714286
m4,m4_random_0,0,4,20250757,8,Y,insider,seller,210.0,175.0,13,25,0.5,149.0,1.7428571428571429
m4,m4_random_0,0,4,20250757,8,Y,insider,seller,210.0,175.0,14,25,0.5416666666666666,160.0,1.4285714285714286
m4,m4_random_0,0,4,20250757,8,Y,insider,seller,210.0,175.0,15,25,0.5833333333333334,160.0,1.4285714285714286
m4,m4_random_0,0,4,20250757,8,Y,insider,seller,210.0,175.0,16,25,0.625,155.0,1.5714285714285714
m4,m4_random_0,0,4,20250757,8,Y,insider,seller,210.0,175.0,17,25,0.6666666666666666,165.0,1.2857142857142858
m4,m4_random_0,0,4,20250757,8,Y,insider,seller,210.0,175.0,18,25,0.7083333333333334,166.0,1.2571428571428571
m4,m4_random_0,0,4,20250757,8,Y,insider,seller,210.0,175.0,19,25,0.75,155.0,1.5714285714285714
m4,m4_random_0,0,4,20250757,8,Y,insider,seller,210.0,175.0,20,25,0.7916666666666666,149.0,1.7428571428571429
m4,m4_random_0,0,4,20250757,8,Y,insider,seller,210.0,175.0,21,25,0.8333333333333334,155.0,1.5714285714285714
m4,m4_random_0,0,4,20250757,8,Y,insider,seller,210.0,175.0,22,25,0.875,149.0,1.7428571428571429
m4,m4_random_0,0,4,20250757,8,Y,insider,seller,210.0,175.0,23,25,0.9166666666666666,150.0,1.7142857142857142
m4,m4_random_0,0,4,20250757,8,Y,insider,seller,210.0,175.0,24,25,0.9583333333333334,155.0,1.5714285714285714
m4,m4_random_0,0,4,20250757,8,Y,insider,seller,210.0,175.0,25,25,1.0,160.0,1.4285714285714286
m4,m4_random_0,0,4,20250757,9,Y,insider,seller,210.0,175.0,1,24,0.0,155.0,1.5714285714285714
m4,m4_random_0,0,4,20250757,9,Y,insider,seller,210.0,175.0,2,24,0.043478260869565216,155.0,1.5714285714285714
m4,m4_random_0,0,4,20250757,9,Y,insider,seller,210.0,175.0,3,24,0.08695652173913043,160.0,1.4285714285714286
m4,m4_random_0,0,4,20250757,9,Y,insider,seller,210.0,175.0,4,24,0.13043478260869565,160.0,1.4285714285714286
m4,m4_random_0,0,4,20250757,9,Y,insider,seller,210.0,175.0,5,24,0.17391304347826086,160.0,1.4285714285714286
m4,m4_random_0,0,4,20250757,9,Y,insider,seller,210.0,175.0,6,24,0.21739130434782608,160.0,1.4285714285714286
m4,m4_random_0,0,4,20250757,9,Y,insider,seller,210.0,175.0,7,24,0.2608695652173913,165.0,1.2857142857142858
m4,m4_random_0,0,4,20250757,9,Y,insider,seller,210.0,175.0,8,24,0.30434782608695654,165.0,1.2857142857142858
m4,m4_random_0,0,4,20250757,9,Y,insider,seller,210.0,175.0,9,24,0.34782608695652173,165.0,1.2857142857142858
m4,m4_random_0,0,4,20250757,9,Y,insider,seller,210.0,175.0,10,24,0.391304347826087,165.0,1.2857142857142858
m4,m4_random_0,0,4,20250757,9,Y,insider,seller,210.0,175.0,11,24,0.43478260869565216,165.0,1.2857142857142858
m4,m4_random_0,0,4,20250757,9,Y,insider,seller,210.0,175.0,12,24,0.4782608695652174,160.0,1.4285714285714286
m4,m4_random_0,0,4,20250757,9,Y,insider,seller,210.0,175.0,13,24,0.5217391304347826,165.0,1.2857142857142858
m4,m4_random_0,0,4,20250757,9,Y,insider,seller,210.0,175.0,14,24,0.5652173913043478,165.0,1.2857142857142858
m4,m4_random_0,0,4,20250757,9,Y,insider,seller,210.0,175.0,15,24,0.6086956521739131,165.0,1.2857142857142858
m4,m4_random_0,0,4,20250757,9,Y,insider,seller,210.0,175.0,16,24,0.6521739130434783,165.0,1.2857142857142858
m4,m4_random_0,0,4,20250757,9,Y,insider,seller,210.0,175.0,17,24,0.6956521739130435,165.0,1.2857142857142858
m4,m4_random_0,0,4,20250757,9,Y,insider,seller,210.0,175.0,18,24,0.7391304347826086,165.0,1.2857142857142858
m4,m4_random_0,0,4,20250757,9,Y,insider,seller,210.0,175.0,19,24,0.782608695652174,165.0,1.2857142857142858
m4,m4_random_0,0,4,20250757,9,Y,insider,seller,210.0,175.0,20,24,0.8260869565217391,165.0,1.2857142857142858
m4,m4_random_0,0,4,20250757,9,Y,insider,seller,210.0,175.0,21,24,0.8695652173913043,165.0,1.2857142857142858
m4,m4_random_0,0,4,20250757,9,Y,insider,seller,210.0,175.0,22,24,0.9130434782608695,165.0,1.2857142857142858
m4,m4_random_0,0,4,20250757,9,Y,insider,seller,210.0,175.0,23,24,0.9565217391304348,165.0,1.2857142857142858
m4,m4_random_0,0,4,20250757,9,Y,insider,seller,210.0,175.0,24,24,1.0,165.0,1.2857142857142858
m4,m4_random_0,0,4,20250757,10,X,insider,buyer,210.0,375.0,1,24,0.0,200.0,-0.06060606060606061
m4,m4_random_0,0,4,20250757,10,X,insider,buyer,210.0,375.0,2,24,0.043478260869565216,210.0,0.0
m4,m4_random_0,0,4,20250757,10,X,insider,buyer,210.0,375.0,3,24,0.08695652173913043,210.0,0.0
m4,m4_random_0,0,4,20250757,10,X,insider,buyer,210.0,375.0,4,24,0.13043478260869565,210.0,0.0
m4,m4_random_0,0,4,20250757,10,X,insider,buyer,210.0,375.0,5,24,0.17391304347826086,210.0,0.0
m4,m4_random_0,0,4,20250757,10,X,insider,buyer,210.0,375.0,6,24,0.21739130434782608,210.0,0.0
m4,m4_random_0,0,4,20250757,10,X,insider,buyer,210.0,375.0,7,24,0.2608695652173913,210.0,0.0
m4,m4_random_0,0,4,20250757,10,X,insider,buyer,210.0,375.0,8,24,0.30434782608695654,210.0,0.0
m4,m4_random_0,0,4,20250757,10,X,insider,buyer,210.0,375.0,9,24,0.34782608695652173,210.0,0.0
m4,m4_random_0,0,4,20250757,10,X,insider,buyer,210.0,375.0,10,24,0.391304347826087,210.0,0.0
m4,m4_random_0,0,4,20250757,10,X,insider,buyer,210.0,375.0,11,24,0.43478260869565216,200.0,-0.06060606060606061
m4,m4_random_0,0,4,20250757,10,X,insider,buyer,210.0,375.0,12,24,0.4782608695652174,215.0,0.030303030303030304
m4,m4_random_0,0,4,20250757,10,X,insider,buyer,210.0,375.0,13,24,0.5217391304347826,140.0,-0.42424242424242425
m4,m4_random_0,0,4,20250757,10,X,insider,buyer,210.0,375.0,14,24,0.5652173913043478,140.0,-0.42424242424242425
m4,m4_random_0,0,4,20250757,10,X,insider,buyer,210.0,375.0,15,24,0.6086956521739131,175.0,-0.21212121212121213
m4,m4_random_0,0,4,20250757,10,X,insider,buyer,210.0,375.0,16,24,0.6521739130434783,180.0,-0.18181818181818182
m4,m4_random_0,0,4,20250757,10,X,insider,buyer,210.0,375.0,17,24,0.6956521739130435,185.0,-0.15151515151515152
m4,m4_random_0,0,4,20250757,10,X,insider,buyer,210.0,375.0,18,24,0.7391304347826086,274.0,0.3878787878787879
m4,m4_random_0,0,4,20250757,10,X,insider,buyer,210.0,375.0,19,24,0.782608695652174,250.0,0.24242424242424243
m4,m4_random_0,0,4,20250757,10,X,insider,buyer,210.0,375.0,20,24,0.8260869565217391,260.0,0.30303030303030304
m4,m4_random_0,0,4,20250757,10,X,insider,buyer,210.0,375.0,21,24,0.8695652173913043,260.0,0.30303030303030304
m4,m4_random_0,0,4,20250757,10,X,insider,buyer,210.0,375.0,22,24,0.9130434782608695,260.0,0.30303030303030304
m4,m4_random_0,0,4,20250757,10,X,insider,buyer,210.0,375.0,23,24,0.9565217391304348,100.0,-0.6666666666666666
m4,m4_random_0,0,4,20250757,10,X,insider,buyer,210.0,375.0,24,24,1.0,200.0,-0.06060606060606061
m4,m4_random_0,0,4,20250757,11,Y,insider,seller,210.0,175.0,1,23,0.0,160.0,1.4285714285714286
m4,m4_random_0,0,4,20250757,11,Y,insider,seller,210.0,175.0,2,23,0.045454545454545456,160.0,1.4285714285714286
m4,m4_random_0,0,4,20250757,11,Y,insider,seller,210.0,175.0,3,23,0.09090909090909091,160.0,1.4285714285714286
m4,m4_random_0,0,4,20250757,11,Y,insider,seller,210.0,175.0,4,23,0.13636363636363635,160.0,1.4285714285714286
m4,m4_random_0,0,4,20250757,11,Y,insider,seller,210.0,175.0,5,23,0.18181818181818182,160.0,1.4285714285714286
m4,m4_random_0,0,4,20250757,11,Y,insider,seller,210.0,175.0,6,23,0.22727272727272727,160.0,1.4285714285714286
m4,m4_random_0,0,4,20250757,11,Y,insider,seller,210.0,175.0,7,23,0.2727272727272727,160.0,1.4285714285714286
m4,m4_random_0,0,4,20250757,11,Y,insider,seller,210.0,175.0,8,23,0.3181818181818182,160.0,1.4285714285714286
m4,m4_random_0,0,4,20250757,11,Y,insider,seller,210.0,175.0,9,23,0.36363636363636365,160.0,1.4285714285714286
m4,m4_random_0,0,4,20250757,11,Y,insider,seller,210.0,175.0,10,23,0.4090909090909091,160.0,1.4285714285714286
m4,m4_random_0,0,4,20250757,11,Y,insider,seller,210.0,175.0,11,23,0.45454545454545453,160.0,1.4285714285714286
m4,m4_random_0,0,4,20250757,11,Y,insider,seller,210.0,175.0,12,23,0.5,160.0,1.4285714285714286
m4,m4_random_0,0,4,20250757,11,Y,insider,seller,210.0,175.0,13,23,0.5454545454545454,161.0,1.4
m4,m4_random_0,0,4,20250757,11,Y,insider,seller,210.0,175.0,14,23,0.5909090909090909,161.0,1.4
m4,m4_random_0,0,4,20250757,11,Y,insider,seller,210.0,175.0,15,23,0.6363636363636364,161.0,1.4
m4,m4_random_0,0,4,20250757,11,Y,insider,seller,210.0,175.0,16,23,0.6818181818181818,160.0,1.4285714285714286
m4,m4_random_0,0,4,20250757,11,Y,insider,seller,210.0,175.0,17,23,0.7272727272727273,161.0,1.4
m4,m4_random_0,0,4,20250757,11,Y,insider,seller,210.0,175.0,18,23,0.7727272727272727,161.0,1.4
m4,m4_random_0,0,4,20250757,11,Y,insider,seller,210.0,175.0,19,23,0.8181818181818182,161.0,1.4
m4,m4_random_0,0,4,20250757,11,Y,insider,seller,210.0,175.0,20,23,0.8636363636363636,166.0,1.2571428571428571
m4,m4_random_0,0,4,20250757,11,Y,insider,seller,210.0,175.0,21,23,0.9090909090909091,166.0,1.2571428571428571
m4,m4_random_0,0,4,20250757,11,Y,insider,seller,210.0,175.0,22,23,0.9545454545454546,165.0,1.2857142857142858
m4,m4_random_0,0,4,20250757,11,Y,insider,seller,210.0,175.0,23,23,1.0,166.0,1.2571428571428571
m4,m4_random_0,0,4,20250757,12,Y,insider,seller,210.0,175.0,1,22,0.0,170.0,1.1428571428571428
m4,m4_random_0,0,4,20250757,12,Y,insider,seller,210.0,175.0,2,22,0.047619047619047616,169.0,1.1714285714285715
m4,m4_random_0,0,4,20250757,12,Y,insider,seller,210.0,175.0,3,22,0.09523809523809523,169.0,1.1714285714285715
m4,m4_random_0,0,4,20250757,12,Y,insider,seller,210.0,175.0,4,22,0.14285714285714285,150.0,1.7142857142857142
m4,m4_random_0,0,4,20250757,12,Y,insider,seller,210.0,175.0,5,22,0.19047619047619047,150.0,1.7142857142857142
m4,m4_random_0,0,4,20250757,12,Y,insider,seller,210.0,175.0,6,22,0.23809523809523808,151.0,1.6857142857142857
m4,m4_random_0,0,4,20250757,12,Y,insider,seller,210.0,175.0,7,22,0.2857142857142857,100.0,3.142857142857143
m4,m4_random_0,0,4,20250757,12,Y,insider,seller,210.0,175.0,8,22,0.3333333333333333,100.0,3.142857142857143
m4,m4_random_0,0,4,20250757,12,Y,insider,seller,210.0,175.0,9,22,0.38095238095238093,100.0,3.142857142857143
m4,m4_random_0,0,4,20250757,12,Y,insider,seller,210.0,175.0,10,22,0.42857142857142855,100.0,3.142857142857143
m4,m4_random_0,0,4,20250757,12,Y,insider,seller,210.0,175.0,11,22,0.47619047619047616,100.0,3.142857142857143
m4,m4_random_0,0,4,20250757,12,Y,insider,seller,210.0,175.0,12,22,0.5238095238095238,150.0,1.7142857142857142
m4,m4_random_0,0,4,20250757,12,Y,insider,seller,210.0,175.0,13,22,0.5714285714285714,151.0,1.6857142857142857
m4,m4_random_0,0,4,20250757,12,Y,insider,seller,210.0,175.0,14,22,0.6190476190476191,170.0,1.1428571428571428
m4,m4_random_0,0,4,20250757,12,Y,insider,seller,210.0,175.0,15,22,0.6666666666666666,170.0,1.1428571428571428
m4,m4_random_0,0,4,20250757,12,Y,insider,seller,210.0,175.0,16,22,0.7142857142857143,170.0,1.1428571428571428
m4,m4_random_0,0,4,20250757,12,Y,insider,seller,210.0,175.0,17,22,0.7619047619047619,149.0,1.7428571428571429
m4,m4_random_0,0,4,20250757,12,Y,insider,seller,210.0,175.0,18,22,0.8095238095238095,170.0,1.1428571428571428
m4,m4_random_0,0,4,20250757,12,Y,insider,seller,210.0,175.0,19,22,0.8571428571428571,175.0,1.0
m4,m4_random_0,0,4,20250757,12,Y,insider,seller,210.0,175.0,20,22,0.9047619047619048,180.0,0.8571428571428571
m4,m4_random_0,0,4,20250757,12,Y,insider,seller,210.0,175.0,21,22,0.9523809523809523,180.0,0.8571428571428571
m4,m4_random_0,0,4,20250757,12,Y,insider,seller,210.0,175.0,22,22,1.0,103.0,3.057142857142857
m4,m4_random_0,0,4,20250757,13,Y,insider,seller,210.0,175.0,1,24,0.0,170.0,1.1428571428571428
m4,m4_random_0,0,4,20250757,13,Y,insider,seller,210.0,175.0,2,24,0.043478260869565216,174.0,1.0285714285714285
m4,m4_random_0,0,4,20250757,13,Y,insider,seller,210.0,175.0,3,24,0.08695652173913043,175.0,1.0
m4,m4_random_0,0,4,20250757,13,Y,insider,seller,210.0,175.0,4,24,0.13043478260869565,173.0,1.0571428571428572
m4,m4_random_0,0,4,20250757,13,Y,insider,seller,210.0,175.0,5,24,0.17391304347826086,173.0,1.0571428571428572
m4,m4_random_0,0,4,20250757,13,Y,insider,seller,210.0,175.0,6,24,0.21739130434782608,170.0,1.1428571428571428
m4,m4_random_0,0,4,20250757,13,Y,insider,seller,210.0,175.0,7,24,0.2608695652173913,170.0,1.1428571428571428
m4,m4_random_0,0,4,20250757,13,Y,insider,seller,210.0,175.0,8,24,0.30434782608695654,170.0,1.1428571428571428
m4,m4_random_0,0,4,20250757,13,Y,insider,seller,210.0,175.0,9,24,0.34782608695652173,171.0,1.1142857142857143
m4,m4_random_0,0,4,20250757,13,Y,insider,seller,210.0,175.0,10,24,0.391304347826087,171.0,1.1142857142857143
m4,m4_random_0,0,4,20250757,13,Y,insider,seller,210.0,175.0,11,24,0.43478260869565216,170.0,1.1428571428571428
m4,m4_random_0,0,4,20250757,13,Y,insider,seller,210.0,175.0,12,24,0.4782608695652174,174.0,1.0285714285714285
m4,m4_random_0,0,4,20250757,13,Y,insider,seller,210.0,175.0,13,24,0.5217391304347826,174.0,1.0285714285714285
m4,m4_random_0,0,4,20250757,13,Y,insider,seller,210.0,175.0,14,24,0.5652173913043478,174.0,1.0285714285714285
m4,m4_random_0,0,4,20250757,13,Y,insider,seller,210.0,175.0,15,24,0.6086956521739131,174.0,1.0285714285714285
m4,m4_random_0,0,4,20250757,13,Y,insider,seller,210.0,175.0,16,24,0.6521739130434783,174.0,1.0285714285714285
m4,m4_random_0,0,4,20250757,13,Y,insider,seller,210.0,175.0,17,24,0.6956521739130435,174.0,1.0285714285714285
m4,m4_random_0,0,4,20250757,13,Y,insider,seller,210.0,175.0,18,24,0.7391304347826086,174.0,1.0285714285714285
m4,m4_random_0,0,4,20250757,13,Y,insider,seller,210.0,175.0,19,24,0.782608695652174,174.0,1.0285714285714285
m4,m4_random_0,0,4,20250757,13,Y,insider,seller,210.0,175.0,20,24,0.8260869565217391,175.0,1.0
m4,m4_random_0,0,4,20250757,13,Y,insider,seller,210.0,175.0,21,24,0.8695652173913043,149.0,1.7428571428571429
m4,m4_random_0,0,4,20250757,13,Y,insider,seller,210.0,175.0,22,24,0.9130434782608695,174.0,1.0285714285714285
m4,m4_random_0,0,4,20250757,13,Y,insider,seller,210.0,175.0,23,24,0.9565217391304348,155.0,1.5714285714285714
m4,m4_random_0,0,4,20250757,13,Y,insider,seller,210.0,175.0,24,24,1.0,174.0,1.0285714285714285
m4,m4_random_1,0,4,20250758,5,X,insider,buyer,210.0,375.0,1,16,0.0,220.0,0.06060606060606061
m4,m4_random_1,0,4,20250758,5,X,insider,buyer,210.0,375.0,2,16,0.06666666666666667,230.0,0.12121212121212122
m4,m4_random_1,0,4,20250758,5,X,insider,buyer,210.0,375.0,3,16,0.13333333333333333,230.0,0.12121212121212122
m4,m4_random_1,0,4,20250758,5,X,insider,buyer,210.0,375.0,4,16,0.2,230.0,0.12121212121212122
m4,m4_random_1,0,4,20250758,5,X,insider,buyer,210.0,375.0,5,16,0.26666666666666666,230.0,0.12121212121212122
m4,m4_random_1,0,4,20250758,5,X,insider,buyer,210.0,375.0,6,16,0.3333333333333333,230.0,0.12121212121212122
m4,m4_random_1,0,4,20250758,5,X,insider,buyer,210.0,375.0,7,16,0.4,230.0,0.12121212121212122
m4,m4_random_1,0,4,20250758,5,X,insider,buyer,210.0,375.0,8,16,0.4666666666666667,230.0,0.12121212121212122
m4,m4_random_1,0,4,20250758,5,X,insider,buyer,210.0,375.0,9,16,0.5333333333333333,230.0,0.12121212121212122
m4,m4_random_1,0,4,20250758,5,X,insider,buyer,210.0,375.0,10,16,0.6,230.0,0.12121212121212122
m4,m4_random_1,0,4,20250758,5,X,insider,buyer,210.0,375.0,11,16,0.6666666666666666,230.0,0.12121212121212122
m4,m4_random_1,0,4,20250758,5,X,insider,buyer,210.0,375.0,12,16,0.7333333333333333,230.0,0.12121212121212122
m4,m4_random_1,0,4,20250758,5,X,insider,buyer,210.0,375.0,13,16,0.8,230.0,0.12121212121212122
m4,m4_random_1,0,4,20250758,5,X,insider,buyer,210.0,375.0,14,16,0.8666666666666667,230.0,0.12121212121212122
m4,m4_random_1,0,4,20250758,5,X,insider,buyer,210.0,375.0,15,16,0.9333333333333333,230.0,0.12121212121212122
m4,m4_random_1,0,4,20250758,5,X,insider,buyer,210.0,375.0,16,16,1.0,230.0,0.12121212121212122
m4,m4_random_1,0,4,20250758,6,X,insider,buyer,210.0,375.0,1,17,0.0,200.0,-0.06060606060606061
m4,m4_random_1,0,4,20250758,6,X,insider,buyer,210.0,375.0,2,17,0.0625,200.0,-0.06060606060606061
m4,m4_random_1,0,4,20250758,6,X,insider,buyer,210.0,375.0,3,17,0.125,200.0,-0.06060606060606061
m4,m4_random_1,0,4,20250758,6,X,insider,buyer,210.0,375.0,4,17,0.1875,200.0,-0.06060606060606061
m4,m4_random_1,0,4,20250758,6,X,insider,buyer,210.0,375.0,5,17,0.25,200.0,-0.06060606060606061
m4,m4_random_1,0,4,20250758,6,X,insider,buyer,210.0,375.0,6,17,0.3125,200.0,-0.06060606060606061
m4,m4_random_1,0,4,20250758,6,X,insider,buyer,210.0,375.0,7,17,0.375,200.0,-0.06060606060606061
m4,m4_random_1,0,4,20250758,6,X,insider,buyer,210.0,375.0,8,17,0.4375,220.0,0.06060606060606061
m4,m4_random_1,0,4,20250758,6,X,insider,buyer,210.0,375.0,9,17,0.5,200.0,-0.06060606060606061
m4,m4_random_1,0,4,20250758,6,X,insider,buyer,210.0,375.0,10,17,0.5625,221.0,0.06666666666666667
m4,m4_random_1,0,4,20250758,6,X,insider,buyer,210.0,375.0,11,17,0.625,220.0,0.06060606060606061
m4,m4_random_1,0,4,20250758,6,X,insider,buyer,210.0,375.0,12,17,0.6875,225.0,0.09090909090909091
m4,m4_random_1,0,4,20250758,6,X,insider,buyer,210.0,375.0,13,17,0.75,220.0,0.06060606060606061
m4,m4_random_1,0,4,20250758,6,X,insider,buyer,210.0,375.0,14,17,0.8125,230.0,0.12121212121212122
m4,m4_random_1,0,4,20250758,6,X,insider,buyer,210.0,375.0,15,17,0.875,230.0,0.12121212121212122
m4,m4_random_1,0,4,20250758,6,X,insider,buyer,210.0,375.0,16,17,0.9375,245.0,0.21212121212121213
m4,m4_random_1,0,4,20250758,6,X,insider,buyer,210.0,375.0,17,17,1.0,245.0,0.21212121212121213
m4,m4_random_1,0,4,20250758,7,Y,insider,seller,210.0,175.0,1,23,0.0,200.0,0.2857142857142857
m4,m4_random_1,0,4,20250758,7,Y,insider,seller,210.0,175.0,2,23,0.045454545454545456,200.0,0.2857142857142857
m4,m4_random_1,0,4,20250758,7,Y,insider,seller,210.0,175.0,3,23,0.09090909090909091,200.0,0.2857142857142857
m4,m4_random_1,0,4,20250758,7,Y,insider,seller,210.0,175.0,4,23,0.13636363636363635,200.0,0.2857142857142857
m4,m4_random_1,0,4,20250758,7,Y,insider,seller,210.0,175.0,5,23,0.18181818181818182,200.0,0.2857142857142857
m4,m4_random_1,0,4,20250758,7,Y,insider,seller,210.0,175.0,6,23,0.22727272727272727,200.0,0.2857142857142857
m4,m4_random_1,0,4,20250758,7,Y,insider,seller,210.0,175.0,7,23,0.2727272727272727,200.0,0.2857142857142857
m4,m4_random_1,0,4,20250758,7,Y,insider,seller,210.0,175.0,8,23,0.3181818181818182,200.0,0.2857142857142857
m4,m4_random_1,0,4,20250758,7,Y,insider,seller,210.0,175.0,9,23,0.36363636363636365,200.0,0.2857142857142857
m4,m4_random_1,0,4,20250758,7,Y,insider,seller,210.0,175.0,10,23,0.4090909090909091,200.0,0.2857142857142857
m4,m4_random_1,0,4,20250758,7,Y,insider,seller,210.0,175.0,11,23,0.45454545454545453,200.0,0.2857142857142857
m4,m4_random_1,0,4,20250758,7,Y,insider,seller,210.0,175.0,12,23,0.5,200.0,0.2857142857142857
m4,m4_random_1,0,4,20250758,7,Y,insider,seller,210.0,175.0,13,23,0.5454545454545454,200.0,0.2857142857142857
m4,m4_random_1,0,4,20250758,7,Y,insider,seller,210.0,175.0,14,23,0.5909090909090909,199.0,0.3142857142857143
m4,m4_random_1,0,4,20250758,7,Y,insider,seller,210.0,175.0,15,23,0.6363636363636364,199.0,0.3142857142857143
m4,m4_random_1,0,4,20250758,7,Y,insider,seller,210.0,175.0,16,23,0.6818181818181818,199.0,0.3142857142857143
m4,m4_random_1,0,4,20250758,7,Y,insider,seller,210.0,175.0,17,23,0.7272727272727273,199.0,0.3142857142857143
m4,m4_random_1,0,4,20250758,7,Y,insider,seller,210.0,175.0,18,23,0.7727272727272727,199.0,0.3142857142857143
m4,m4_random_1,0,4,20250758,7,Y,insider,seller,210.0,175.0,19,23,0.8181818181818182,199.0,0.3142857142857143
m4,m4_random_1,0,4,20250758,7,Y,insider,seller,210.0,175.0,20,23,0.8636363636363636,140.0,2.0
m4,m4_random_1,0,4,20250758,7,Y,insider,seller,210.0,175.0,21,23,0.9090909090909091,190.0,0.5714285714285714
m4,m4_random_1,0,4,20250758,7,Y,insider,seller,210.0,175.0,22,23,0.9545454545454546,150.0,1.7142857142857142
m4,m4_random_1,0,4,20250758,7,Y,insider,seller,210.0,175.0,23,23,1.0,180.0,0.8571428571428571
m4,m4_random_1,0,4,20250758,8,Y,insider,seller,210.0,175.0,1,8,0.0,200.0,0.2857142857142857
m4,m4_random_1,0,4,20250758,8,Y,insider,seller,210.0,175.0,2,8,0.14285714285714285,199.0,0.3142857142857143
m4,m4_random_1,0,4,20250758,8,Y,insider,seller,210.0,175.0,3,8,0.2857142857142857,199.0,0.3142857142857143
m4,m4_random_1,0,4,20250758,8,Y,insider,seller,210.0,175.0,4,8,0.42857142857142855,199.0,0.3142857142857143
m4,m4_random_1,0,4,20250758,8,Y,insider,seller,210.0,175.0,5,8,0.5714285714285714,199.0,0.3142857142857143
m4,m4_random_1,0,4,20250758,8,Y,insider,seller,210.0,175.0,6,8,0.7142857142857143,199.0,0.3142857142857143
m4,m4_random_1,0,4,20250758,8,Y,insider,seller,210.0,175.0,7,8,0.8571428571428571,180.0,0.8571428571428571
m4,m4_random_1,0,4,20250758,8,Y,insider,seller,210.0,175.0,8,8,1.0,181.0,0.8285714285714286
m4,m4_random_1,0,4,20250758,9,Y,insider,seller,210.0,175.0,1,21,0.0,160.0,1.4285714285714286
m4,m4_random_1,0,4,20250758,9,Y,insider,seller,210.0,175.0,2,21,0.05,160.0,1.4285714285714286
m4,m4_random_1,0,4,20250758,9,Y,insider,seller,210.0,175.0,3,21,0.1,160.0,1.4285714285714286
m4,m4_random_1,0,4,20250758,9,Y,insider,seller,210.0,175.0,4,21,0.15,165.0,1.2857142857142858
m4,m4_random_1,0,4,20250758,9,Y,insider,seller,210.0,175.0,5,21,0.2,165.0,1.2857142857142858
m4,m4_random_1,0,4,20250758,9,Y,insider,seller,210.0,175.0,6,21,0.25,174.0,1.0285714285714285
m4,m4_random_1,0,4,20250758,9,Y,insider,seller,210.0,175.0,7,21,0.3,174.0,1.0285714285714285
m4,m4_random_1,0,4,20250758,9,Y,insider,seller,210.0,175.0,8,21,0.35,174.0,1.0285714285714285
m4,m4_random_1,0,4,20250758,9,Y,insider,seller,210.0,175.0,9,21,0.4,174.0,1.0285714285714285
m4,m4_random_1,0,4,20250758,9,Y,insider,seller,210.0,175.0,10,21,0.45,174.0,1.0285714285714285
m4,m4_random_1,0,4,20250758,9,Y,insider,seller,210.0,175.0,11,21,0.5,174.0,1.0285714285714285
m4,m4_random_1,0,4,20250758,9,Y,insider,seller,210.0,175.0,12,21,0.55,144.0,1.8857142857142857
m4,m4_random_1,0,4,20250758,9,Y,insider,seller,210.0,175.0,13,21,0.6,144.0,1.8857142857142857
m4,m4_random_1,0,4,20250758,9,Y,insider,seller,210.0,175.0,14,21,0.65,174.0,1.0285714285714285
m4,m4_random_1,0,4,20250758,9,Y,insider,seller,210.0,175.0,15,21,0.7,174.0,1.0285714285714285
m4,m4_random_1,0,4,20250758,9,Y,insider,seller,210.0,175.0,16,21,0.75,174.0,1.0285714285714285
m4,m4_random_1,0,4,20250758,9,Y,insider,seller,210.0,175.0,17,21,0.8,144.0,1.8857142857142857
m4,m4_random_1,0,4,20250758,9,Y,insider,seller,210.0,175.0,18,21,0.85,174.0,1.0285714285714285
m4,m4_random_1,0,4,20250758,9,Y,insider,seller,210.0,175.0,19,21,0.9,174.0,1.0285714285714285
m4,m4_random_1,0,4,20250758,9,Y,insider,seller,210.0,175.0,20,21,0.95,174.0,1.0285714285714285
m4,m4_random_1,0,4,20250758,9,Y,insider,seller,210.0,175.0,21,21,1.0,174.0,1.0285714285714285
m4,m4_random_1,0,4,20250758,10,Y,insider,seller,210.0,175.0,1,20,0.0,174.0,1.0285714285714285
m4,m4_random_1,0,4,20250758,10,Y,insider,seller,210.0,175.0,2,20,0.05263157894736842,174.0,1.0285714285714285
m4,m4_random_1,0,4,20250758,10,Y,insider,seller,210.0,175.0,3,20,0.10526315789473684,174.0,1.0285714285714285
m4,m4_random_1,0,4,20250758,10,Y,insider,seller,210.0,175.0,4,20,0.15789473684210525,174.0,1.0285714285714285
m4,m4_random_1,0,4,20250758,10,Y,insider,seller,210.0,175.0,5,20,0.21052631578947367,174.0,1.0285714285714285
m4,m4_random_1,0,4,20250758,10,Y,insider,seller,210.0,175.0,6,20,0.2631578947368421,174.0,1.0285714285714285
m4,m4_random_1,0,4,20250758,10,Y,insider,seller,210.0,175.0,7,20,0.3157894736842105,174.0,1.0285714285714285
m4,m4_random_1,0,4,20250758,10,Y,insider,seller,210.0,175.0,8,20,0.3684210526315789,174.0,1.0285714285714285
m4,m4_random_1,0,4,20250758,10,Y,insider,seller,210.0,175.0,9,20,0.42105263157894735,174.0,1.0285714285714285
m4,m4_random_1,0,4,20250758,10,Y,insider,seller,210.0,175.0,10,20,0.47368421052631576,174.0,1.0285714285714285
m4,m4_random_1,0,4,20250758,10,Y,insider,seller,210.0,175.0,11,20,0.5263157894736842,174.0,1.0285714285714285
m4,m4_random_1,0,4,20250758,10,Y,insider,seller,210.0,175.0,12,20,0.5789473684210527,174.0,1.0285714285714285
m4,m4_random_1,0,4,20250758,10,Y,insider,seller,210.0,175.0,13,20,0.631578947368421,174.0,1.0285714285714285
m4,m4_random_1,0,4,20250758,10,Y,insider,seller,210.0,175.0,14,20,0.6842105263157895,174.0,1.0285714285714285
m4,m4_random_1,0,4,20250758,10,Y,insider,seller,210.0,175.0,15,20,0.7368421052631579,174.0,1.0285714285714285
m4,m4_random_1,0,4,20250758,10,Y,insider,seller,210.0,175.0,16,20,0.7894736842105263,174.0,1.0285714285714285
m4,m4_random_1,0,4,20250758,10,Y,insider,seller,210.0,175.0,17,20,0.8421052631578947,174.0,1.0285714285714285
m4,m4_random_1,0,4,20250758,10,Y,insider,seller,210.0,175.0,18,20,0.8947368421052632,174.0,1.0285714285714285
m4,m4_random_1,0,4,20250758,10,Y,insider,seller,210.0,175.0,19,20,0.9473684210526315,174.0,1.0285714285714285
m4,m4_random_1,0,4,20250758,10,Y,insider,seller,210.0,175.0,20,20,1.0,174.0,1.0285714285714285
m4,m4_random_1,0,4,20250758,11,Y,insider,seller,210.0,175.0,1,19,0.0,140.0,2.0
m4,m4_random_1,0,4,20250758,11,Y,insider,seller,210.0,175.0,2,19,0.05555555555555555,140.0,2.0
m4,m4_random_1,0,4,20250758,11,Y,insider,seller,210.0,175.0,3,19,0.1111111111111111,140.0,2.0
m4,m4_random_1,0,4,20250758,11,Y,insider,seller,210.0,175.0,4,19,0.16666666666666666,140.0,2.0
m4,m4_random_1,0,4,20250758,11,Y,insider,seller,210.0,175.0,5,19,0.2222222222222222,140.0,2.0
m4,m4_random_1,0,4,20250758,11,Y,insider,seller,210.0,175.0,6,19,0.2777777777777778,140.0,2.0
m4,m4_random_1,0,4,20250758,11,Y,insider,seller,210.0,175.0,7,19,0.3333333333333333,140.0,2.0
m4,m4_random_1,0,4,20250758,11,Y,insider,seller,210.0,175.0,8,19,0.3888888888888889,141.0,1.9714285714285715
m4,m4_random_1,0,4,20250758,11,Y,insider,seller,210.0,175.0,9,19,0.4444444444444444,150.0,1.7142857142857142
m4,m4_random_1,0,4,20250758,11,Y,insider,seller,210.0,175.0,10,19,0.5,150.0,1.7142857142857142
m4,m4_random_1,0,4,20250758,11,Y,insider,seller,210.0,175.0,11,19,0.5555555555555556,145.0,1.8571428571428572
m4,m4_random_1,0,4,20250758,11,Y,insider,seller,210.0,175.0,12,19,0.6111111111111112,143.0,1.9142857142857144
m4,m4_random_1,0,4,20250758,11,Y,insider,seller,210.0,175.0,13,19,0.6666666666666666,145.0,1.8571428571428572
m4,m4_random_1,0,4,20250758,11,Y,insider,seller,210.0,175.0,14,19,0.7222222222222222,146.0,1.8285714285714285
m4,m4_random_1,0,4,20250758,11,Y,insider,seller,210.0,175.0,15,19,0.7777777777777778,145.0,1.8571428571428572
m4,m4_random_1,0,4,20250758,11,Y,insider,seller,210.0,175.0,16,19,0.8333333333333334,170.0,1.1428571428571428
m4,m4_random_1,0,4,20250758,11,Y,insider,seller,210.0,175.0,17,19,0.8888888888888888,145.0,1.8571428571428572
m4,m4_random_1,0,4,20250758,11,Y,insider,seller,210.0,175.0,18,19,0.9444444444444444,146.0,1.8285714285714285
m4,m4_random_1,0,4,20250758,11,Y,insider,seller,210.0,175.0,19,19,1.0,146.0,1.8285714285714285
m4,m4_random_1,0,4,20250758,12,X,insider,buyer,210.0,375.0,1,20,0.0,200.0,-0.06060606060606061
m4,m4_random_1,0,4,20250758,12,X,insider,buyer,210.0,375.0,2,20,0.05263157894736842,205.0,-0.030303030303030304
m4,m4_random_1,0,4,20250758,12,X,insider,buyer,210.0,375.0,3,20,0.10526315789473684,200.0,-0.06060606060606061
m4,m4_random_1,0,4,20250758,12,X,insider,buyer,210.0,375.0,4,20,0.15789473684210525,220.0,0.06060606060606061
m4,m4_random_1,0,4,20250758,12,X,insider,buyer,210.0,375.0,5,20,0.21052631578947367,220.0,0.06060606060606061
m4,m4_random_1,0,4,20250758,12,X,insider,buyer,210.0,375.0,6,20,0.2631578947368421,220.0,0.06060606060606061
m4,m4_random_1,0,4,20250758,12,X,insider,buyer,210.0,375.0,7,20,0.3157894736842105,220.0,0.06060606060606061
m4,m4_random_1,0,4,20250758,12,X,insider,buyer,210.0,375.0,8,20,0.3684210526315789,230.0,0.12121212121212122
m4,m4_random_1,0,4,20250758,12,X,insider,buyer,210.0,375.0,9,20,0.42105263157894735,240.0,0.18181818181818182
m4,m4_random_1,0,4,20250758,12,X,insider,buyer,210.0,375.0,10,20,0.47368421052631576,240.0,0.18181818181818182
m4,m4_random_1,0,4,20250758,12,X,insider,buyer,210.0,375.0,11,20,0.5263157894736842,250.0,0.24242424242424243
m4,m4_random_1,0,4,20250758,12,X,insider,buyer,210.0,375.0,12,20,0.5789473684210527,250.0,0.24242424242424243
m4,m4_random_1,0,4,20250758,12,X,insider,buyer,210.0,375.0,13,20,0.631578947368421,260.0,0.30303030303030304
m4,m4_random_1,0,4,20250758,12,X,insider,buyer,210.0,375.0,14,20,0.6842105263157895,250.0,0.24242424242424243
m4,m4_random_1,0,4,20250758,12,X,insider,buyer,210.0,375.0,15,20,0.7368421052631579,260.0,0.30303030303030304
m4,m4_random_1,0,4,20250758,12,X,insider,buyer,210.0,375.0,16,20,0.7894736842105263,270.0,0.36363636363636365
m4,m4_random_1,0,4,20250758,12,X,insider,buyer,210.0,375.0,17,20,0.8421052631578947,280.0,0.42424242424242425
m4,m4_random_1,0,4,20250758,12,X,insider,buyer,210.0,375.0,18,20,0.8947368421052632,280.0,0.42424242424242425
m4,m4_random_1,0,4,20250758,12,X,insider,buyer,210.0,375.0,19,20,0.9473684210526315,350.0,0.8484848484848485
m4,m4_random_1,0,4,20250758,12,X,insider,buyer,210.0,375.0,20,20,1.0,300.0,0.5454545454545454
m4,m4_random_1,0,4,20250758,13,Y,insider,seller,210.0,175.0,1,25,0.0,150.0,1.7142857142857142
m4,m4_random_1,0,4,20250758,13,Y,insider,seller,210.0,175.0,2,25,0.041666666666666664,160.0,1.4285714285714286
m4,m4_random_1,0,4,20250758,13,Y,insider,seller,210.0,175.0,3,25,0.08333333333333333,174.0,1.0285714285714285
m4,m4_random_1,0,4,20250758,13,Y,insider,seller,210.0,175.0,4,25,0.125,175.0,1.0
m4,m4_random_1,0,4,20250758,13,Y,insider,seller,210.0,175.0,5,25,0.16666666666666666,175.0,1.0
m4,m4_random_1,0,4,20250758,13,Y,insider,seller,210.0,175.0,6,25,0.20833333333333334,175.0,1.0
m4,m4_random_1,0,4,20250758,13,Y,insider,seller,210.0,175.0,7,25,0.25,176.0,0.9714285714285714
m4,m4_random_1,0,4,20250758,13,Y,insider,seller,210.0,175.0,8,25,0.2916666666666667,175.0,1.0
m4,m4_random_1,0,4,20250758,13,Y,insider,seller,210.0,175.0,9,25,0.3333333333333333,174.0,1.0285714285714285
m4,m4_random_1,0,4,20250758,13,Y,insider,seller,210.0,175.0,10,25,0.375,175.0,1.0
m4,m4_random_1,0,4,20250758,13,Y,insider,seller,210.0,175.0,11,25,0.4166666666666667,175.0,1.0
m4,m4_random_1,0,4,20250758,13,Y,insider,seller,210.0,175.0,12,25,0.4583333333333333,175.0,1.0
m4,m4_random_1,0,4,20250758,13,Y,insider,seller,210.0,175.0,13,25,0.5,175.0,1.0
m4,m4_random_1,0,4,20250758,13,Y,insider,seller,210.0,175.0,14,25,0.5416666666666666,174.0,1.0285714285714285
m4,m4_random_1,0,4,20250758,13,Y,insider,seller,210.0,175.0,15,25,0.5833333333333334,174.0,1.0285714285714285
m4,m4_random_1,0,4,20250758,13,Y,insider,seller,210.0,175.0,16,25,0.625,175.0,1.0
m4,m4_random_1,0,4,20250758,13,Y,insider,seller,210.0,175.0,17,25,0.6666666666666666,175.0,1.0
m4,m4_random_1,0,4,20250758,13,Y,insider,seller,210.0,175.0,18,25,0.7083333333333334,176.0,0.9714285714285714
m4,m4_random_1,0,4,20250758,13,Y,insider,seller,210.0,175.0,19,25,0.75,176.0,0.9714285714285714
m4,m4_random_1,0,4,20250758,13,Y,insider,seller,210.0,175.0,20,25,0.7916666666666666,175.0,1.0
m4,m4_random_1,0,4,20250758,13,Y,insider,seller,210.0,175.0,21,25,0.8333333333333334,174.0,1.0285714285714285
m4,m4_random_1,0,4,20250758,13,Y,insider,seller,210.0,175.0,22,25,0.875,174.0,1.0285714285714285
m4,m4_random_1,0,4,20250758,13,Y,insider,seller,210.0,175.0,23,25,0.9166666666666666,175.0,1.0
m4,m4_random_1,0,4,20250758,13,Y,insider,seller,210.0,175.0,24,25,0.9583333333333334,176.0,0.9714285714285714
m4,m4_random_1,0,4,20250758,13,Y,insider,seller,210.0,175.0,25,25,1.0,150.0,1.7142857142857142
m4,m4_random_2,0,4,20250759,5,X,insider,buyer,210.0,375.0,1,23,0.0,220.0,0.06060606060606061
m4,m4_random_2,0,4,20250759,5,X,insider,buyer,210.0,375.0,2,23,0.045454545454545456,220.0,0.06060606060606061
m4,m4_random_2,0,4,20250759,5,X,insider,buyer,210.0,375.0,3,23,0.09090909090909091,220.0,0.06060606060606061
m4,m4_random_2,0,4,20250759,5,X,insider,buyer,210.0,375.0,4,23,0.13636363636363635,221.0,0.06666666666666667
m4,m4_random_2,0,4,20250759,5,X,insider,buyer,210.0,375.0,5,23,0.18181818181818182,221.0,0.06666666666666667
m4,m4_random_2,0,4,20250759,5,X,insider,buyer,210.0,375.0,6,23,0.22727272727272727,221.0,0.06666666666666667
m4,m4_random_2,0,4,20250759,5,X,insider,buyer,210.0,375.0,7,23,0.2727272727272727,220.0,0.06060606060606061
m4,m4_random_2,0,4,20250759,5,X,insider,buyer,210.0,375.0,8,23,0.3181818181818182,220.0,0.06060606060606061
m4,m4_random_2,0,4,20250759,5,X,insider,buyer,210.0,375.0,9,23,0.36363636363636365,221.0,0.06666666666666667
m4,m4_random_2,0,4,20250759,5,X,insider,buyer,210.0,375.0,10,23,0.4090909090909091,220.0,0.06060606060606061
m4,m4_random_2,0,4,20250759,5,X,insider,buyer,210.0,375.0,11,23,0.45454545454545453,220.0,0.06060606060606061
m4,m4_random_2,0,4,20250759,5,X,insider,buyer,210.0,375.0,12,23,0.5,222.0,0.07272727272727272
m4,m4_random_2,0,4,20250759,5,X,insider,buyer,210.0,375.0,13,23,0.5454545454545454,222.0,0.07272727272727272
m4,m4_random_2,0,4,20250759,5,X,insider,buyer,210.0,375.0,14,23,0.5909090909090909,222.0,0.07272727272727272
m4,m4_random_2,0,4,20250759,5,X,insider,buyer,210.0,375.0,15,23,0.6363636363636364,225.0,0.09090909090909091
m4,m4_random_2,0,4,20250759,5,X,insider,buyer,210.0,375.0,16,23,0.6818181818181818,220.0,0.06060606060606061
m4,m4_random_2,0,4,20250759,5,X,insider,buyer,210.0,375.0,17,23,0.7272727272727273,230.0,0.12121212121212122
m4,m4_random_2,0,4,20250759,5,X,insider,buyer,210.0,375.0,18,23,0.7727272727272727,231.0,0.12727272727272726
m4,m4_random_2,0,4,20250759,5,X,insider,buyer,210.0,375.0,19,23,0.8181818181818182,219.0,0.05454545454545454
m4,m4_random_2,0,4,20250759,5,X,insider,buyer,210.0,375.0,20,23,0.8636363636363636,218.0,0.048484848484848485
m4,m4_random_2,0,4,20250759,5,X,insider,buyer,210.0,375.0,21,23,0.9090909090909091,218.0,0.048484848484848485
m4,m4_random_2,0,4,20250759,5,X,insider,buyer,210.0,375.0,22,23,0.9545454545454546,219.0,0.05454545454545454
m4,m4_random_2,0,4,20250759,5,X,insider,buyer,210.0,375.0,23,23,1.0,230.0,0.12121212121212122
m4,m4_random_2,0,4,20250759,6,Y,insider,seller,210.0,175.0,1,14,0.0,140.0,2.0
m4,m4_random_2,0,4,20250759,6,Y,insider,seller,210.0,175.0,2,14,0.07692307692307693,140.0,2.0
m4,m4_random_2,0,4,20250759,6,Y,insider,seller,210.0,175.0,3,14,0.15384615384615385,140.0,2.0
m4,m4_random_2,0,4,20250759,6,Y,insider,seller,210.0,175.0,4,14,0.23076923076923078,140.0,2.0
m4,m4_random_2,0,4,20250759,6,Y,insider,seller,210.0,175.0,5,14,0.3076923076923077,140.0,2.0
m4,m4_random_2,0,4,20250759,6,Y,insider,seller,210.0,175.0,6,14,0.38461538461538464,140.0,2.0
m4,m4_random_2,0,4,20250759,6,Y,insider,seller,210.0,175.0,7,14,0.46153846153846156,140.0,2.0
m4,m4_random_2,0,4,20250759,6,Y,insider,seller,210.0,175.0,8,14,0.5384615384615384,140.0,2.0
m4,m4_random_2,0,4,20250759,6,Y,insider,seller,210.0,175.0,9,14,0.6153846153846154,101.0,3.1142857142857143
m4,m4_random_2,0,4,20250759,6,Y,insider,seller,210.0,175.0,10,14,0.6923076923076923,101.0,3.1142857142857143
m4,m4_random_2,0,4,20250759,6,Y,insider,seller,210.0,175.0,11,14,0.7692307692307693,101.0,3.1142857142857143
m4,m4_random_2,0,4,20250759,6,Y,insider,seller,210.0,175.0,12,14,0.8461538461538461,144.0,1.8857142857142857
m4,m4_random_2,0,4,20250759,6,Y,insider,seller,210.0,175.0,13,14,0.9230769230769231,146.0,1.8285714285714285
m4,m4_random_2,0,4,20250759,6,Y,insider,seller,210.0,175.0,14,14,1.0,146.0,1.8285714285714285
m4,m4_random_2,0,4,20250759,7,Y,insider,seller,210.0,175.0,1,28,0.0,140.0,2.0
m4,m4_random_2,0,4,20250759,7,Y,insider,seller,210.0,175.0,2,28,0.037037037037037035,150.0,1.7142857142857142
m4,m4_random_2,0,4,20250759,7,Y,insider,seller,210.0,175.0,3,28,0.07407407407407407,150.0,1.7142857142857142
m4,m4_random_2,0,4,20250759,7,Y,insider,seller,210.0,175.0,4,28,0.1111111111111111,150.0,1.7142857142857142
m4,m4_random_2,0,4,20250759,7,Y,insider,seller,210.0,175.0,5,28,0.14814814814814814,149.0,1.7428571428571429
m4,m4_random_2,0,4,20250759,7,Y,insider,seller,210.0,175.0,6,28,0.18518518518518517,149.0,1.7428571428571429
m4,m4_random_2,0,4,20250759,7,Y,insider,seller,210.0,175.0,7,28,0.2222222222222222,151.0,1.6857142857142857
m4,m4_random_2,0,4,20250759,7,Y,insider,seller,210.0,175.0,8,28,0.25925925925925924,151.0,1.6857142857142857
m4,m4_random_2,0,4,20250759,7,Y,insider,seller,210.0,175.0,9,28,0.2962962962962963,151.0,1.6857142857142857
m4,m4_random_2,0,4,20250759,7,Y,insider,seller,210.0,175.0,10,28,0.3333333333333333,151.0,1.6857142857142857
m4,m4_random_2,0,4,20250759,7,Y,insider,seller,210.0,175.0,11,28,0.37037037037037035,151.0,1.6857142857142857
m4,m4_random_2,0,4,20250759,7,Y,insider,seller,210.0,175.0,12,28,0.4074074074074074,152.0,1.6571428571428573
m4,m4_random_2,0,4,20250759,7,Y,insider,seller,210.0,175.0,13,28,0.4444444444444444,152.0,1.6571428571428573
m4,m4_random_2,0,4,20250759,7,Y,insider,seller,210.0,175.0,14,28,0.48148148148148145,150.0,1.7142857142857142
m4,m4_random_2,0,4,20250759,7,Y,insider,seller,210.0,175.0,15,28,0.5185185185185185,150.0,1.7142857142857142
m4,m4_random_2,0,4,20250759,7,Y,insider,seller,210.0,175.0,16,28,0.5555555555555556,150.0,1.7142857142857142
m4,m4_random_2,0,4,20250759,7,Y,insider,seller,210.0,175.0,17,28,0.5925925925925926,149.0,1.7428571428571429
m4,m4_random_2,0,4,20250759,7,Y,insider,seller,210.0,175.0,18,28,0.6296296296296297,151.0,1.6857142857142857
m4,m4_random_2,0,4,20250759,7,Y,insider,seller,210.0,175.0,19,28,0.6666666666666666,152.0,1.6571428571428573
m4,m4_random_2,0,4,20250759,7,Y,insider,seller,210.0,175.0,20,28,0.7037037037037037,152.0,1.6571428571428573
m4,m4_random_2,0,4,20250759,7,Y,insider,seller,210.0,175.0,21,28,0.7407407407407407,144.0,1.8857142857142857
m4,m4_random_2,0,4,20250759,7,Y,insider,seller,210.0,175.0,22,28,0.7777777777777778,151.0,1.6857142857142857
m4,m4_random_2,0,4,20250759,7,Y,insider,seller,210.0,175.0,23,28,0.8148148148148148,150.0,1.7142857142857142
m4,m4_random_2,0,4,20250759,7,Y,insider,seller,210.0,175.0,24,28,0.8518518518518519,151.0,1.6857142857142857
m4,m4_random_2,0,4,20250759,7,Y,insider,seller,210.0,175.0,25,28,0.8888888888888888,149.0,1.7428571428571429
m4,m4_random_2,0,4,20250759,7,Y,insider,seller,210.0,175.0,26,28,0.9259259259259259,149.0,1.7428571428571429
m4,m4_random_2,0,4,20250759,7,Y,insider,seller,210.0,175.0,27,28,0.9629629629629629,150.0,1.7142857142857142
m4,m4_random_2,0,4,20250759,7,Y,insider,seller,210.0,175.0,28,28,1.0,150.0,1.7142857142857142
m4,m4_random_2,0,4,20250759,8,X,insider,buyer,210.0,375.0,1,20,0.0,140.0,-0.42424242424242425
m4,m4_random_2,0,4,20250759,8,X,insider,buyer,210.0,375.0,2,20,0.05263157894736842,140.0,-0.42424242424242425
m4,m4_random_2,0,4,20250759,8,X,insider,buyer,210.0,375.0,3,20,0.10526315789473684,140.0,-0.42424242424242425
m4,m4_random_2,0,4,20250759,8,X,insider,buyer,210.0,375.0,4,20,0.15789473684210525,140.0,-0.42424242424242425
m4,m4_random_2,0,4,20250759,8,X,insider,buyer,210.0,375.0,5,20,0.21052631578947367,150.0,-0.36363636363636365
m4,m4_random_2,0,4,20250759,8,X,insider,buyer,210.0,375.0,6,20,0.2631578947368421,150.0,-0.36363636363636365
m4,m4_random_2,0,4,20250759,8,X,insider,buyer,210.0,375.0,7,20,0.3157894736842105,150.0,-0.36363636363636365
m4,m4_random_2,0,4,20250759,8,X,insider,buyer,210.0,375.0,8,20,0.3684210526315789,150.0,-0.36363636363636365
m4,m4_random_2,0,4,20250759,8,X,insider,buyer,210.0,375.0,9,20,0.42105263157894735,150.0,-0.36363636363636365
m4,m4_random_2,0,4,20250759,8,X,insider,buyer,210.0,375.0,10,20,0.47368421052631576,151.0,-0.3575757575757576
m4,m4_random_2,0,4,20250759,8,X,insider,buyer,210.0,375.0,11,20,0.5263157894736842,151.0,-0.3575757575757576
m4,m4_random_2,0,4,20250759,8,X,insider,buyer,210.0,375.0,12,20,0.5789473684210527,155.0,-0.3333333333333333
m4,m4_random_2,0,4,20250759,8,X,insider,buyer,210.0,375.0,13,20,0.631578947368421,155.0,-0.3333333333333333
m4,m4_random_2,0,4,20250759,8,X,insider,buyer,210.0,375.0,14,20,0.6842105263157895,155.0,-0.3333333333333333
m4,m4_random_2,0,4,20250759,8,X,insider,buyer,210.0,375.0,15,20,0.7368421052631579,151.0,-0.3575757575757576
m4,m4_random_2,0,4,20250759,8,X,insider,buyer,210.0,375.0,16,20,0.7894736842105263,154.0,-0.3393939393939394
m4,m4_random_2,0,4,20250759,8,X,insider,buyer,210.0,375.0,17,20,0.8421052631578947,154.0,-0.3393939393939394
m4,m4_random_2,0,4,20250759,8,X,insider,buyer,210.0,375.0,18,20,0.8947368421052632,155.0,-0.3333333333333333
m4,m4_random_2,0,4,20250759,8,X,insider,buyer,210.0,375.0,19,20,0.9473684210526315,155.0,-0.3333333333333333
m4,m4_random_2,0,4,20250759,8,X,insider,buyer,210.0,375.0,20,20,1.0,160.0,-0.30303030303030304
m4,m4_random_2,0,4,20250759,9,X,insider,buyer,210.0,375.0,1,19,0.0,140.0,-0.42424242424242425
m4,m4_random_2,0,4,20250759,9,X,insider,buyer,210.0,375.0,2,19,0.05555555555555555,145.0,-0.3939393939393939
m4,m4_random_2,0,4,20250759,9,X,insider,buyer,210.0,375.0,3,19,0.1111111111111111,150.0,-0.36363636363636365
m4,m4_random_2,0,4,20250759,9,X,insider,buyer,210.0,375.0,4,19,0.16666666666666666,155.0,-0.3333333333333333
m4,m4_random_2,0,4,20250759,9,X,insider,buyer,210.0,375.0,5,19,0.2222222222222222,200.0,-0.06060606060606061
m4,m4_random_2,0,4,20250759,9,X,insider,buyer,210.0,375.0,6,19,0.2777777777777778,210.0,0.0
m4,m4_random_2,0,4,20250759,9,X,insider,buyer,210.0,375.0,7,19,0.3333333333333333,210.0,0.0
m4,m4_random_2,0,4,20250759,9,X,insider,buyer,210.0,375.0,8,19,0.3888888888888889,210.0,0.0
m4,m4_random_2,0,4,20250759,9,X,insider,buyer,210.0,375.0,9,19,0.4444444444444444,210.0,0.0
m4,m4_random_2,0,4,20250759,9,X,insider,buyer,210.0,375.0,10,19,0.5,210.0,0.0
m4,m4_random_2,0,4,20250759,9,X,insider,buyer,210.0,375.0,11,19,0.5555555555555556,215.0,0.030303030303030304
m4,m4_random_2,0,4,20250759,9,X,insider,buyer,210.0,375.0,12,19,0.6111111111111112,215.0,0.030303030303030304
m4,m4_random_2,0,4,20250759,9,X,insider,buyer,210.0,375.0,13,19,0.6666666666666666,220.0,0.06060606060606061
m4,m4_random_2,0,4,20250759,9,X,insider,buyer,210.0,375.0,14,19,0.7222222222222222,220.0,0.06060606060606061
m4,m4_random_2,0,4,20250759,9,X,insider,buyer,210.0,375.0,15,19,0.7777777777777778,240.0,0.18181818181818182
m4,m4_random_2,0,4,20250759,9,X,insider,buyer,210.0,375.0,16,19,0.8333333333333334,245.0,0.21212121212121213
m4,m4_random_2,0,4,20250759,9,X,insider,buyer,210.0,375.0,17,19,0.8888888888888888,250.0,0.24242424242424243
m4,m4_random_2,0,4,20250759,9,X,insider,buyer,210.0,375.0,18,19,0.9444444444444444,300.0,0.5454545454545454
m4,m4_random_2,0,4,20250759,9,X,insider,buyer,210.0,375.0,19,19,1.0,330.0,0.7272727272727273
m4,m4_random_2,0,4,20250759,10,Y,insider,seller,210.0,175.0,1,25,0.0,200.0,0.2857142857142857
m4,m4_random_2,0,4,20250759,10,Y,insider,seller,210.0,175.0,2,25,0.041666666666666664,200.0,0.2857142857142857
m4,m4_random_2,0,4,20250759,10,Y,insider,seller,210.0,175.0,3,25,0.08333333333333333,210.0,-0.0
m4,m4_random_2,0,4,20250759,10,Y,insider,seller,210.0,175.0,4,25,0.125,215.0,-0.14285714285714285
m4,m4_random_2,0,4,20250759,10,Y,insider,seller,210.0,175.0,5,25,0.16666666666666666,220.0,-0.2857142857142857
m4,m4_random_2,0,4,20250759,10,Y,insider,seller,210.0,175.0,6,25,0.20833333333333334,220.0,-0.2857142857142857
m4,m4_random_2,0,4,20250759,10,Y,insider,seller,210.0,175.0,7,25,0.25,220.0,-0.2857142857142857
m4,m4_random_2,0,4,20250759,10,Y,insider,seller,210.0,175.0,8,25,0.2916666666666667,220.0,-0.2857142857142857
m4,m4_random_2,0,4,20250759,10,Y,insider,seller,210.0,175.0,9,25,0.3333333333333333,221.0,-0.3142857142857143
m4,m4_random_2,0,4,20250759,10,Y,insider,seller,210.0,175.0,10,25,0.375,221.0,-0.3142857142857143
m4,m4_random_2,0,4,20250759,10,Y,insider,seller,210.0,175.0,11,25,0.4166666666666667,222.0,-0.34285714285714286
m4,m4_random_2,0,4,20250759,10,Y,insider,seller,210.0,175.0,12,25,0.4583333333333333,220.0,-0.2857142857142857
m4,m4_random_2,0,4,20250759,10,Y,insider,seller,210.0,175.0,13,25,0.5,222.0,-0.34285714285714286
m4,m4_random_2,0,4,20250759,10,Y,insider,seller,210.0,175.0,14,25,0.5416666666666666,222.0,-0.34285714285714286
m4,m4_random_2,0,4,20250759,10,Y,insider,seller,210.0,175.0,15,25,0.5833333333333334,222.0,-0.34285714285714286
m4,m4_random_2,0,4,20250759,10,Y,insider,seller,210.0,175.0,16,25,0.625,222.0,-0.34285714285714286
m4,m4_random_2,0,4,20250759,10,Y,insider,seller,210.0,175.0,17,25,0.6666666666666666,222.0,-0.34285714285714286
m4,m4_random_2,0,4,20250759,10,Y,insider,seller,210.0,175.0,18,25,0.7083333333333334,222.0,-0.34285714285714286
m4,m4_random_2,0,4,20250759,10,Y,insider,seller,210.0,175.0,19,25,0.75,222.0,-0.34285714285714286
m4,m4_random_2,0,4,20250759,10,Y,insider,seller,210.0,175.0,20,25,0.7916666666666666,222.0,-0.34285714285714286
m4,m4_random_2,0,4,20250759,10,Y,insider,seller,210.0,175.0,21,25,0.8333333333333334,141.0,1.9714285714285715
m4,m4_random_2,0,4,20250759,10,Y,insider,seller,210.0,175.0,22,25,0.875,141.0,1.9714285714285715
m4,m4_random_2,0,4,20250759,10,Y,insider,seller,210.0,175.0,23,25,0.9166666666666666,141.0,1.9714285714285715
m4,m4_random_2,0,4,20250759,10,Y,insider,seller,210.0,175.0,24,25,0.9583333333333334,140.0,2.0
m4,m4_random_2,0,4,20250759,10,Y,insider,seller,210.0,175.0,25,25,1.0,140.0,2.0
m4,m4_random_2,0,4,20250759,11,X,insider,buyer,210.0,375.0,1,19,0.0,350.0,0.8484848484848485
m4,m4_random_2,0,4,20250759,11,X,insider,buyer,210.0,375.0,2,19,0.05555555555555555,350.0,0.8484848484848485
m4,m4_random_2,0,4,20250759,11,X,insider,buyer,210.0,375.0,3,19,0.1111111111111111,350.0,0.8484848484848485
m4,m4_random_2,0,4,20250759,11,X,insider,buyer,210.0,375.0,4,19,0.16666666666666666,350.0,0.8484848484848485
m4,m4_random_2,0,4,20250759,11,X,insider,buyer,210.0,375.0,5,19,0.2222222222222222,350.0,0.8484848484848485
m4,m4_random_2,0,4,20250759,11,X,insider,buyer,210.0,375.0,6,19,0.2777777777777778,350.0,0.8484848484848485
m4,m4_random_2,0,4,20250759,11,X,insider,buyer,210.0,375.0,7,19,0.3333333333333333,350.0,0.8484848484848485
m4,m4_random_2,0,4,20250759,11,X,insider,buyer,210.0,375.0,8,19,0.3888888888888889,350.0,0.8484848484848485
m4,m4_random_2,0,4,20250759,11,X,insider,buyer,210.0,375.0,9,19,0.4444444444444444,350.0,0.8484848484848485
m4,m4_random_2,0,4,20250759,11,X,insider,buyer,210.0,375.0,10,19,0.5,350.0,0.8484848484848485
m4,m4_random_2,0,4,20250759,11,X,insider,buyer,210.0,375.0,11,19,0.5555555555555556,350.0,0.8484848484848485
m4,m4_random_2,0,4,20250759,11,X,insider,buyer,210.0,375.0,12,19,0.6111111111111112,350.0,0.8484848484848485
m4,m4_random_2,0,4,20250759,11,X,insider,buyer,210.0,375.0,13,19,0.6666666666666666,240.0,0.18181818181818182
m4,m4_random_2,0,4,20250759,11,X,insider,buyer,210.0,375.0,14,19,0.7222222222222222,240.0,0.18181818181818182
m4,m4_random_2,0,4,20250759,11,X,insider,buyer,210.0,375.0,15,19,0.7777777777777778,240.0,0.18181818181818182
m4,m4_random_2,0,4,20250759,11,X,insider,buyer,210.0,375.0,16,19,0.8333333333333334,240.0,0.18181818181818182
m4,m4_random_2,0,4,20250759,11,X,insider,buyer,210.0,375.0,17,19,0.8888888888888888,240.0,0.18181818181818182
m4,m4_random_2,0,4,20250759,11,X,insider,buyer,210.0,375.0,18,19,0.9444444444444444,240.0,0.18181818181818182
m4,m4_random_2,0,4,20250759,11,X,insider,buyer,210.0,375.0,19,19,1.0,240.0,0.18181818181818182
m4,m4_random_2,0,4,20250759,12,X,insider,buyer,210.0,375.0,1,18,0.0,300.0,0.5454545454545454
m4,m4_random_2,0,4,20250759,12,X,insider,buyer,210.0,375.0,2,18,0.058823529411764705,310.0,0.6060606060606061
m4,m4_random_2,0,4,20250759,12,X,insider,buyer,210.0,375.0,3,18,0.11764705882352941,310.0,0.6060606060606061
m4,m4_random_2,0,4,20250759,12,X,insider,buyer,210.0,375.0,4,18,0.17647058823529413,310.0,0.6060606060606061
m4,m4_random_2,0,4,20250759,12,X,insider,buyer,210.0,375.0,5,18,0.23529411764705882,310.0,0.6060606060606061
m4,m4_random_2,0,4,20250759,12,X,insider,buyer,210.0,375.0,6,18,0.29411764705882354,310.0,0.6060606060606061
m4,m4_random_2,0,4,20250759,12,X,insider,buyer,210.0,375.0,7,18,0.35294117647058826,310.0,0.6060606060606061
m4,m4_random_2,0,4,20250759,12,X,insider,buyer,210.0,375.0,8,18,0.4117647058823529,310.0,0.6060606060606061
m4,m4_random_2,0,4,20250759,12,X,insider,buyer,210.0,375.0,9,18,0.47058823529411764,310.0,0.6060606060606061
m4,m4_random_2,0,4,20250759,12,X,insider,buyer,210.0,375.0,10,18,0.5294117647058824,310.0,0.6060606060606061
m4,m4_random_2,0,4,20250759,12,X,insider,buyer,210.0,375.0,11,18,0.5882352941176471,310.0,0.6060606060606061
m4,m4_random_2,0,4,20250759,12,X,insider,buyer,210.0,375.0,12,18,0.6470588235294118,310.0,0.6060606060606061
m4,m4_random_2,0,4,20250759,12,X,insider,buyer,210.0,375.0,13,18,0.7058823529411765,310.0,0.6060606060606061
m4,m4_random_2,0,4,20250759,12,X,insider,buyer,210.0,375.0,14,18,0.7647058823529411,310.0,0.6060606060606061
m4,m4_random_2,0,4,20250759,12,X,insider,buyer,210.0,375.0,15,18,0.8235294117647058,310.0,0.6060606060606061
m4,m4_random_2,0,4,20250759,12,X,insider,buyer,210.0,375.0,16,18,0.8823529411764706,260.0,0.30303030303030304
m4,m4_random_2,0,4,20250759,12,X,insider,buyer,210.0,375.0,17,18,0.9411764705882353,260.0,0.30303030303030304
m4,m4_random_2,0,4,20250759,12,X,insider,buyer,210.0,375.0,18,18,1.0,260.0,0.30303030303030304
m4,m4_random_2,0,4,20250759,13,Y,insider,seller,210.0,175.0,1,17,0.0,200.0,0.2857142857142857
m4,m4_random_2,0,4,20250759,13,Y,insider,seller,210.0,175.0,2,17,0.0625,210.0,-0.0
m4,m4_random_2,0,4,20250759,13,Y,insider,seller,210.0,175.0,3,17,0.125,208.0,0.05714285714285714
m4,m4_random_2,0,4,20250759,13,Y,insider,seller,210.0,175.0,4,17,0.1875,208.0,0.05714285714285714
m4,m4_random_2,0,4,20250759,13,Y,insider,seller,210.0,175.0,5,17,0.25,207.0,0.08571428571428572
m4,m4_random_2,0,4,20250759,13,Y,insider,seller,210.0,175.0,6,17,0.3125,207.0,0.08571428571428572
m4,m4_random_2,0,4,20250759,13,Y,insider,seller,210.0,175.0,7,17,0.375,208.0,0.05714285714285714
m4,m4_random_2,0,4,20250759,13,Y,insider,seller,210.0,175.0,8,17,0.4375,208.0,0.05714285714285714
m4,m4_random_2,0,4,20250759,13,Y,insider,seller,210.0,175.0,9,17,0.5,208.0,0.05714285714285714
m4,m4_random_2,0,4,20250759,13,Y,insider,seller,210.0,175.0,10,17,0.5625,208.0,0.05714285714285714
m4,m4_random_2,0,4,20250759,13,Y,insider,seller,210.0,175.0,11,17,0.625,209.0,0.02857142857142857
m4,m4_random_2,0,4,20250759,13,Y,insider,seller,210.0,175.0,12,17,0.6875,208.0,0.05714285714285714
m4,m4_random_2,0,4,20250759,13,Y,insider,seller,210.0,175.0,13,17,0.75,208.0,0.05714285714285714
m4,m4_random_2,0,4,20250759,13,Y,insider,seller,210.0,175.0,14,17,0.8125,207.0,0.08571428571428572
m4,m4_random_2,0,4,20250759,13,Y,insider,seller,210.0,175.0,15,17,0.875,207.0,0.08571428571428572
m4,m4_random_2,0,4,20250759,13,Y,insider,seller,210.0,175.0,16,17,0.9375,206.0,0.11428571428571428
m4,m4_random_2,0,4,20250759,13,Y,insider,seller,210.0,175.0,17,17,1.0,206.0,0.11428571428571428
m5,m5_paper_0,0,5,20250765,4,X,insider,seller,212.5,180.0,1,20,0.0,170.0,1.3076923076923077
m5,m5_paper_0,0,5,20250765,4,X,insider,seller,212.5,180.0,2,20,0.05263157894736842,170.0,1.3076923076923077
m5,m5_paper_0,0,5,20250765,4,X,insider,seller,212.5,180.0,3,20,0.10526315789473684,170.0,1.3076923076923077
m5,m5_paper_0,0,5,20250765,4,X,insider,seller,212.5,180.0,4,20,0.15789473684210525,170.0,1.3076923076923077
m5,m5_paper_0,0,5,20250765,4,X,insider,seller,212.5,180.0,5,20,0.21052631578947367,170.0,1.3076923076923077
m5,m5_paper_0,0,5,20250765,4,X,insider,seller,212.5,180.0,6,20,0.2631578947368421,170.0,1.3076923076923077
m5,m5_paper_0,0,5,20250765,4,X,insider,seller,212.5,180.0,7,20,0.3157894736842105,170.0,1.3076923076923077
m5,m5_paper_0,0,5,20250765,4,X,insider,seller,212.5,180.0,8,20,0.3684210526315789,170.0,1.3076923076923077
m5,m5_paper_0,0,5,20250765,4,X,insider,seller,212.5,180.0,9,20,0.42105263157894735,170.0,1.3076923076923077
m5,m5_paper_0,0,5,20250765,4,X,insider,seller,212.5,180.0,10,20,0.47368421052631576,170.0,1.3076923076923077
m5,m5_paper_0,0,5,20250765,4,X,insider,seller,212.5,180.0,11,20,0.5263157894736842,150.0,1.9230769230769231
m5,m5_paper_0,0,5,20250765,4,X,insider,seller,212.5,180.0,12,20,0.5789473684210527,150.0,1.9230769230769231
m5,m5_paper_0,0,5,20250765,4,X,insider,seller,212.5,180.0,13,20,0.631578947368421,150.0,1.9230769230769231
m5,m5_paper_0,0,5,20250765,4,X,insider,seller,212.5,180.0,14,20,0.6842105263157895,150.0,1.9230769230769231
m5,m5_paper_0,0,5,20250765,4,X,insider,seller,212.5,180.0,15,20,0.7368421052631579,160.0,1.6153846153846154
m5,m5_paper_0,0,5,20250765,4,X,insider,seller,212.5,180.0,16,20,0.7894736842105263,160.0,1.6153846153846154
m5,m5_paper_0,0,5,20250765,4,X,insider,seller,212.5,180.0,17,20,0.8421052631578947,160.0,1.6153846153846154
m5,m5_paper_0,0,5,20250765,4,X,insider,seller,212.5,180.0,18,20,0.8947368421052632,160.0,1.6153846153846154
m5,m5_paper_0,0,5,20250765,4,X,insider,seller,212.5,180.0,19,20,0.9473684210526315,155.0,1.7692307692307692
m5,m5_paper_0,0,5,20250765,4,X,insider,seller,212.5,180.0,20,20,1.0,155.0,1.7692307692307692
m5,m5_paper_0,0,5,20250765,5,X,insider,seller,212.5,180.0,1,23,0.0,170.0,1.3076923076923077
m5,m5_paper_0,0,5,20250765,5,X,insider,seller,212.5,180.0,2,23,0.045454545454545456,170.0,1.3076923076923077
m5,m5_paper_0,0,5,20250765,5,X,insider,seller,212.5,180.0,3,23,0.09090909090909091,170.0,1.3076923076923077
m5,m5_paper_0,0,5,20250765,5,X,insider,seller,212.5,180.0,4,23,0.13636363636363635,170.0,1.3076923076923077
m5,m5_paper_0,0,5,20250765,5,X,insider,seller,212.5,180.0,5,23,0.18181818181818182,170.0,1.3076923076923077
m5,m5_paper_0,0,5,20250765,5,X,insider,seller,212.5,180.0,6,23,0.22727272727272727,170.0,1.3076923076923077
m5,m5_paper_0,0,5,20250765,5,X,insider,seller,212.5,180.0,7,23,0.2727272727272727,170.0,1.3076923076923077
m5,m5_paper_0,0,5,20250765,5,X,insider,seller,212.5,180.0,8,23,0.3181818181818182,170.0,1.3076923076923077
m5,m5_paper_0,0,5,20250765,5,X,insider,seller,212.5,180.0,9,23,0.36363636363636365,170.0,1.3076923076923077
m5,m5_paper_0,0,5,20250765,5,X,insider,seller,212.5,180.0,10,23,0.4090909090909091,180.0,1.0
m5,m5_paper_0,0,5,20250765,5,X,insider,seller,212.5,180.0,11,23,0.45454545454545453,170.0,1.3076923076923077
m5,m5_paper_0,0,5,20250765,5,X,insider,seller,212.5,180.0,12,23,0.5,170.0,1.3076923076923077
m5,m5_paper_0,0,5,20250765,5,X,insider,seller,212.5,180.0,13,23,0.5454545454545454,170.0,1.3076923076923077
m5,m5_paper_0,0,5,20250765,5,X,insider,seller,212.5,180.0,14,23,0.5909090909090909,180.0,1.0
m5,m5_paper_0,0,5,20250765,5,X,insider,seller,212.5,180.0,15,23,0.6363636363636364,170.0,1.3076923076923077
m5,m5_paper_0,0,5,20250765,5,X,insider,seller,212.5,180.0,16,23,0.6818181818181818,171.0,1.2769230769230768
m5,m5_paper_0,0,5,20250765,5,X,insider,seller,212.5,180.0,17,23,0.7272727272727273,170.0,1.3076923076923077
m5,m5_paper_0,0,5,20250765,5,X,insider,seller,212.5,180.0,18,23,0.7727272727272727,171.0,1.2769230769230768
m5,m5_paper_0,0,5,20250765,5,X,insider,seller,212.5,180.0,19,23,0.8181818181818182,170.0,1.3076923076923077
m5,m5_paper_0,0,5,20250765,5,X,insider,seller,212.5,180.0,20,23,0.8636363636363636,150.0,1.9230769230769231
m5,m5_paper_0,0,5,20250765,5,X,insider,seller,212.5,180.0,21,23,0.9090909090909091,150.0,1.9230769230769231
m5,m5_paper_0,0,5,20250765,5,X,insider,seller,212.5,180.0,22,23,0.9545454545454546,170.0,1.3076923076923077
m5,m5_paper_0,0,5,20250765,5,X,insider,seller,212.5,180.0,23,23,1.0,170.0,1.3076923076923077
m5,m5_paper_0,0,5,20250765,6,Y,insider,buyer,212.5,245.0,1,22,0.0,220.0,0.23076923076923078
m5,m5_paper_0,0,5,20250765,6,Y,insider,buyer,212.5,245.0,2,22,0.047619047619047616,220.0,0.23076923076923078
m5,m5_paper_0,0,5,20250765,6,Y,insider,buyer,212.5,245.0,3,22,0.09523809523809523,220.0,0.23076923076923078
m5,m5_paper_0,0,5,20250765,6,Y,insider,buyer,212.5,245.0,4,22,0.14285714285714285,220.0,0.23076923076923078
m5,m5_paper_0,0,5,20250765,6,Y,insider,buyer,212.5,245.0,5,22,0.19047619047619047,220.0,0.23076923076923078
m5,m5_paper_0,0,5,20250765,6,Y,insider,buyer,212.5,245.0,6,22,0.23809523809523808,220.0,0.23076923076923078
m5,m5_paper_0,0,5,20250765,6,Y,insider,buyer,212.5,245.0,7,22,0.2857142857142857,221.0,0.26153846153846155
m5,m5_paper_0,0,5,20250765,6,Y,insider,buyer,212.5,245.0,8,22,0.3333333333333333,221.0,0.26153846153846155
m5,m5_paper_0,0,5,20250765,6,Y,insider,buyer,212.5,245.0,9,22,0.38095238095238093,221.0,0.26153846153846155
m5,m5_paper_0,0,5,20250765,6,Y,insider,buyer,212.5,245.0,10,22,0.42857142857142855,221.0,0.26153846153846155
m5,m5_paper_0,0,5,20250765,6,Y,insider,buyer,212.5,245.0,11,22,0.47619047619047616,221.0,0.26153846153846155
m5,m5_paper_0,0,5,20250765,6,Y,insider,buyer,212.5,245.0,12,22,0.5238095238095238,220.0,0.23076923076923078
m5,m5_paper_0,0,5,20250765,6,Y,insider,buyer,212.5,245.0,13,22,0.5714285714285714,220.0,0.23076923076923078
m5,m5_paper_0,0,5,20250765,6,Y,insider,buyer,212.5,245.0,14,22,0.6190476190476191,221.0,0.26153846153846155
m5,m5_paper_0,0,5,20250765,6,Y,insider,buyer,212.5,245.0,15,22,0.6666666666666666,222.0,0.2923076923076923
m5,m5_paper_0,0,5,20250765,6,Y,insider,buyer,212.5,245.0,16,22,0.7142857142857143,222.0,0.2923076923076923
m5,m5_paper_0,0,5,20250765,6,Y,insider,buyer,212.5,245.0,17,22,0.7619047619047619,223.0,0.3230769230769231
m5,m5_paper_0,0,5,20250765,6,Y,insider,buyer,212.5,245.0,18,22,0.8095238095238095,224.0,0.35384615384615387
m5,m5_paper_0,0,5,20250765,6,Y,insider,buyer,212.5,245.0,19,22,0.8571428571428571,224.0,0.35384615384615387
m5,m5_paper_0,0,5,20250765,6,Y,insider,buyer,212.5,245.0,20,22,0.9047619047619048,224.0,0.35384615384615387
m5,m5_paper_0,0,5,20250765,6,Y,insider,buyer,212.5,245.0,21,22,0.9523809523809523,224.0,0.35384615384615387
m5,m5_paper_0,0,5,20250765,6,Y,insider,buyer,212.5,245.0,22,22,1.0,224.0,0.35384615384615387
m5,m5_paper_0,0,5,20250765,7,Z,insider,buyer,212.5,320.0,1,22,0.0,250.0,0.3488372093023256
m5,m5_paper_0,0,5,20250765,7,Z,insider,buyer,212.5,320.0,2,22,0.047619047619047616,250.0,0.3488372093023256
m5,m5_paper_0,0,5,20250765,7,Z,insider,buyer,212.5,320.0,3,22,0.09523809523809523,250.0,0.3488372093023256
m5,m5_paper_0,0,5,20250765,7,Z,insider,buyer,212.5,320.0,4,22,0.14285714285714285,250.0,0.3488372093023256
m5,m5_paper_0,0,5,20250765,7,Z,insider,buyer,212.5,320.0,5,22,0.19047619047619047,250.0,0.3488372093023256
m5,m5_paper_0,0,5,20250765,7,Z,insider,buyer,212.5,320.0,6,22,0.23809523809523808,250.0,0.3488372093023256
m5,m5_paper_0,0,5,20250765,7,Z,insider,buyer,212.5,320.0,7,22,0.2857142857142857,250.0,0.3488372093023256
m5,m5_paper_0,0,5,20250765,7,Z,insider,buyer,212.5,320.0,8,22,0.3333333333333333,250.0,0.3488372093023256
m5,m5_paper_0,0,5,20250765,7,Z,insider,buyer,212.5,320.0,9,22,0.38095238095238093,250.0,0.3488372093023256
m5,m5_paper_0,0,5,20250765,7,Z,insider,buyer,212.5,320.0,10,22,0.42857142857142855,250.0,0.3488372093023256
m5,m5_paper_0,0,5,20250765,7,Z,insider,buyer,212.5,320.0,11,22,0.47619047619047616,250.0,0.3488372093023256
m5,m5_paper_0,0,5,20250765,7,Z,insider,buyer,212.5,320.0,12,22,0.5238095238095238,250.0,0.3488372093023256
m5,m5_paper_0,0,5,20250765,7,Z,insider,buyer,212.5,320.0,13,22,0.5714285714285714,250.0,0.3488372093023256
m5,m5_paper_0,0,5,20250765,7,Z,insider,buyer,212.5,320.0,14,22,0.6190476190476191,250.0,0.3488372093023256
m5,m5_paper_0,0,5,20250765,7,Z,insider,buyer,212.5,320.0,15,22,0.6666666666666666,250.0,0.3488372093023256
m5,m5_paper_0,0,5,20250765,7,Z,insider,buyer,212.5,320.0,16,22,0.7142857142857143,250.0,0.3488372093023256
m5,m5_paper_0,0,5,20250765,7,Z,insider,buyer,212.5,320.0,17,22,0.7619047619047619,250.0,0.3488372093023256
m5,m5_paper_0,0,5,20250765,7,Z,insider,buyer,212.5,320.0,18,22,0.8095238095238095,250.0,0.3488372093023256
m5,m5_paper_0,0,5,20250765,7,Z,insider,buyer,212.5,320.0,19,22,0.8571428571428571,150.0,-0.5813953488372093
m5,m5_paper_0,0,5,20250765,7,Z,insider,buyer,212.5,320.0,20,22,0.9047619047619048,250.0,0.3488372093023256
m5,m5_paper_0,0,5,20250765,7,Z,insider,buyer,212.5,320.0,21,22,0.9523809523809523,150.0,-0.5813953488372093
m5,m5_paper_0,0,5,20250765,7,Z,insider,buyer,212.5,320.0,22,22,1.0,250.0,0.3488372093023256
m5,m5_paper_0,0,5,20250765,8,Z,insider,buyer,212.5,320.0,1,25,0.0,200.0,-0.11627906976744186
m5,m5_paper_0,0,5,20250765,8,Z,insider,buyer,212.5,320.0,2,25,0.041666666666666664,200.0,-0.11627906976744186
m5,m5_paper_0,0,5,20250765,8,Z,insider,buyer,212.5,320.0,3,25,0.08333333333333333,200.0,-0.11627906976744186
m5,m5_paper_0,0,5,20250765,8,Z,insider,buyer,212.5,320.0,4,25,0.125,200.0,-0.11627906976744186
m5,m5_paper_0,0,5,20250765,8,Z,insider,buyer,212.5,320.0,5,25,0.16666666666666666,200.0,-0.11627906976744186
m5,m5_paper_0,0,5,20250765,8,Z,insider,buyer,212.5,320.0,6,25,0.20833333333333334,200.0,-0.11627906976744186
m5,m5_paper_0,0,5,20250765,8,Z,insider,buyer,212.5,320.0,7,25,0.25,200.0,-0.11627906976744186
m5,m5_paper_0,0,5,20250765,8,Z,insider,buyer,212.5,320.0,8,25,0.2916666666666667,200.0,-0.11627906976744186
m5,m5_paper_0,0,5,20250765,8,Z,insider,buyer,212.5,320.0,9,25,0.3333333333333333,200.0,-0.11627906976744186
m5,m5_paper_0,0,5,20250765,8,Z,insider,buyer,212.5,320.0,10,25,0.375,200.0,-0.11627906976744186
m5,m5_paper_0,0,5,20250765,8,Z,insider,buyer,212.5,320.0,11,25,0.4166666666666667,200.0,-0.11627906976744186
m5,m5_paper_0,0,5,20250765,8,Z,insider,buyer,212.5,320.0,12,25,0.4583333333333333,200.0,-0.11627906976744186
m5,m5_paper_0,0,5,20250765,8,Z,insider,buyer,212.5,320.0,13,25,0.5,200.0,-0.11627906976744186
m5,m5_paper_0,0,5,20250765,8,Z,insider,buyer,212.5,320.0,14,25,0.5416666666666666,200.0,-0.11627906976744186
m5,m5_paper_0,0,5,20250765,8,Z,insider,buyer,212.5,320.0,15,25,0.5833333333333334,200.0,-0.11627906976744186
m5,m5_paper_0,0,5,20250765,8,Z,insider,buyer,212.5,320.0,16,25,0.625,151.0,-0.5720930232558139
m5,m5_paper_0,0,5,20250765,8,Z,insider,buyer,212.5,320.0,17,25,0.6666666666666666,151.0,-0.5720930232558139
m5,m5_paper_0,0,5,20250765,8,Z,insider,buyer,212.5,320.0,18,25,0.7083333333333334,151.0,-0.5720930232558139
m5,m5_paper_0,0,5,20250765,8,Z,insider,buyer,212.5,320.0,19,25,0.75,160.0,-0.4883720930232558
m5,m5_paper_0,0,5,20250765,8,Z,insider,buyer,212.5,320.0,20,25,0.7916666666666666,159.0,-0.49767441860465117
m5,m5_paper_0,0,5,20250765,8,Z,insider,buyer,212.5,320.0,21,25,0.8333333333333334,152.0,-0.5627906976744186
m5,m5_paper_0,0,5,20250765,8,Z,insider,buyer,212.5,320.0,22,25,0.875,152.0,-0.5627906976744186
m5,m5_paper_0,0,5,20250765,8,Z,insider,buyer,212.5,320.0,23,25,0.9166666666666666,152.0,-0.5627906976744186
m5,m5_paper_0,0,5,20250765,8,Z,insider,buyer,212.5,320.0,24,25,0.9583333333333334,152.0,-0.5627906976744186
m5,m5_paper_0,0,5,20250765,8,Z,insider,buyer,212.5,320.0,25,25,1.0,151.0,-0.5720930232558139
m5,m5_paper_0,0,5,20250765,9,Y,insider,buyer,212.5,245.0,1,18,0.0,200.0,-0.38461538461538464
m5,m5_paper_0,0,5,20250765,9,Y,insider,buyer,212.5,245.0,2,18,0.058823529411764705,200.0,-0.38461538461538464
m5,m5_paper_0,0,5,20250765,9,Y,insider,buyer,212.5,245.0,3,18,0.11764705882352941,200.0,-0.38461538461538464
m5,m5_paper_0,0,5,20250765,9,Y,insider,buyer,212.5,245.0,4,18,0.17647058823529413,200.0,-0.38461538461538464
m5,m5_paper_0,0,5,20250765,9,Y,insider,buyer,212.5,245.0,5,18,0.23529411764705882,200.0,-0.38461538461538464
m5,m5_paper_0,0,5,20250765,9,Y,insider,buyer,212.5,245.0,6,18,0.29411764705882354,200.0,-0.38461538461538464
m5,m5_paper_0,0,5,20250765,9,Y,insider,buyer,212.5,245.0,7,18,0.35294117647058826,200.0,-0.38461538461538464
m5,m5_paper_0,0,5,20250765,9,Y,insider,buyer,212.5,245.0,8,18,0.4117647058823529,200.0,-0.38461538461538464
m5,m5_paper_0,0,5,20250765,9,Y,insider,buyer,212.5,245.0,9,18,0.47058823529411764,200.0,-0.38461538461538464
m5,m5_paper_0,0,5,20250765,9,Y,insider,buyer,212.5,245.0,10,18,0.5294117647058824,200.0,-0.38461538461538464
m5,m5_paper_0,0,5,20250765,9,Y,insider,buyer,212.5,245.0,11,18,0.5882352941176471,169.0,-1.3384615384615384
m5,m5_paper_0,0,5,20250765,9,Y,insider,buyer,212.5,245.0,12,18,0.6470588235294118,169.0,-1.3384615384615384
m5,m5_paper_0,0,5,20250765,9,Y,insider,buyer,212.5,245.0,13,18,0.7058823529411765,170.0,-1.3076923076923077
m5,m5_paper_0,0,5,20250765,9,Y,insider,buyer,212.5,245.0,14,18,0.7647058823529411,170.0,-1.3076923076923077
m5,m5_paper_0,0,5,20250765,9,Y,insider,buyer,212.5,245.0,15,18,0.8235294117647058,200.0,-0.38461538461538464
m5,m5_paper_0,0,5,20250765,9,Y,insider,buyer,212.5,245.0,16,18,0.8823529411764706,170.0,-1.3076923076923077
m5,m5_paper_0,0,5,20250765,9,Y,insider,buyer,212.5,245.0,17,18,0.9411764705882353,170.0,-1.3076923076923077
m5,m5_paper_0,0,5,20250765,9,Y,insider,buyer,212.5,245.0,18,18,1.0,171.0,-1.2769230769230768
m5,m5_paper_0,0,5,20250765,10,Y,insider,buyer,212.5,245.0,1,20,0.0,169.0,-1.3384615384615384
m5,m5_paper_0,0,5,20250765,10,Y,insider,buyer,212.5,245.0,2,20,0.05263157894736842,169.0,-1.3384615384615384
m5,m5_paper_0,0,5,20250765,10,Y,insider,buyer,212.5,245.0,3,20,0.10526315789473684,169.0,-1.3384615384615384
m5,m5_paper_0,0,5,20250765,10,Y,insider,buyer,212.5,245.0,4,20,0.15789473684210525,169.0,-1.3384615384615384
m5,m5_paper_0,0,5,20250765,10,Y,insider,buyer,212.5,245.0,5,20,0.21052631578947367,169.0,-1.3384615384615384
m5,m5_paper_0,0,5,20250765,10,Y,insider,buyer,212.5,245.0,6,20,0.2631578947368421,169.0,-1.3384615384615384
m5,m5_paper_0,0,5,20250765,10,Y,insider,buyer,212.5,245.0,7,20,0.3157894736842105,169.0,-1.3384615384615384
m5,m5_paper_0,0,5,20250765,10,Y,insider,buyer,212.5,245.0,8,20,0.3684210526315789,169.0,-1.3384615384615384
m5,m5_paper_0,0,5,20250765,10,Y,insider,buyer,212.5,245.0,9,20,0.42105263157894735,169.0,-1.3384615384615384
m5,m5_paper_0,0,5,20250765,10,Y,insider,buyer,212.5,245.0,10,20,0.47368421052631576,169.0,-1.3384615384615384
m5,m5_paper_0,0,5,20250765,10,Y,insider,buyer,212.5,245.0,11,20,0.5263157894736842,169.0,-1.3384615384615384
m5,m5_paper_0,0,5,20250765,10,Y,insider,buyer,212.5,245.0,12,20,0.5789473684210527,169.0,-1.3384615384615384
m5,m5_paper_0,0,5,20250765,10,Y,insider,buyer,212.5,245.0,13,20,0.631578947368421,169.0,-1.3384615384615384
m5,m5_paper_0,0,5,20250765,10,Y,insider,buyer,212.5,245.0,14,20,0.6842105263157895,121.0,-2.8153846153846156
m5,m5_paper_0,0,5,20250765,10,Y,insider,buyer,212.5,245.0,15,20,0.7368421052631579,169.0,-1.3384615384615384
m5,m5_paper_0,0,5,20250765,10,Y,insider,buyer,212.5,245.0,16,20,0.7894736842105263,121.0,-2.8153846153846156
m5,m5_paper_0,0,5,20250765,10,Y,insider,buyer,212.5,245.0,17,20,0.8421052631578947,121.0,-2.8153846153846156
m5,m5_paper_0,0,5,20250765,10,Y,insider,buyer,212.5,245.0,18,20,0.8947368421052632,121.0,-2.8153846153846156
m5,m5_paper_0,0,5,20250765,10,Y,insider,buyer,212.5,245.0,19,20,0.9473684210526315,121.0,-2.8153846153846156
m5,m5_paper_0,0,5,20250765,10,Y,insider,buyer,212.5,245.0,20,20,1.0,121.0,-2.8153846153846156
m5,m5_paper_0,0,5,20250765,11,X,insider,seller,212.5,180.0,1,23,0.0,200.0,0.38461538461538464
m5,m5_paper_0,0,5,20250765,11,X,insider,seller,212.5,180.0,2,23,0.045454545454545456,200.0,0.38461538461538464
m5,m5_paper_0,0,5,20250765,11,X,insider,seller,212.5,180.0,3,23,0.09090909090909091,200.0,0.38461538461538464
m5,m5_paper_0,0,5,20250765,11,X,insider,seller,212.5,180.0,4,23,0.13636363636363635,199.0,0.4153846153846154
m5,m5_paper_0,0,5,20250765,11,X,insider,seller,212.5,180.0,5,23,0.18181818181818182,199.0,0.4153846153846154
m5,m5_paper_0,0,5,20250765,11,X,insider,seller,212.5,180.0,6,23,0.22727272727272727,200.0,0.38461538461538464
m5,m5_paper_0,0,5,20250765,11,X,insider,seller,212.5,180.0,7,23,0.2727272727272727,200.0,0.38461538461538464
m5,m5_paper_0,0,5,20250765,11,X,insider,seller,212.5,180.0,8,23,0.3181818181818182,200.0,0.38461538461538464
m5,m5_paper_0,0,5,20250765,11,X,insider,seller,212.5,180.0,9,23,0.36363636363636365,200.0,0.38461538461538464
m5,m5_paper_0,0,5,20250765,11,X,insider,seller,212.5,180.0,10,23,0.4090909090909091,200.0,0.38461538461538464
m5,m5_paper_0,0,5,20250765,11,X,insider,seller,212.5,180.0,11,23,0.45454545454545453,200.0,0.38461538461538464
m5,m5_paper_0,0,5,20250765,11,X,insider,seller,212.5,180.0,12,23,0.5,200.0,0.38461538461538464
m5,m5_paper_0,0,5,20250765,11,X,insider,seller,212.5,180.0,13,23,0.5454545454545454,199.0,0.4153846153846154
m5,m5_paper_0,0,5,20250765,11,X,insider,seller,212.5,180.0,14,23,0.5909090909090909,199.0,0.4153846153846154
m5,m5_paper_0,0,5,20250765,11,X,insider,seller,212.5,180.0,15,23,0.6363636363636364,199.0,0.4153846153846154
m5,m5_paper_0,0,5,20250765,11,X,insider,seller,212.5,180.0,16,23,0.6818181818181818,200.0,0.38461538461538464
m5,m5_paper_0,0,5,20250765,11,X,insider,seller,212.5,180.0,17,23,0.7272727272727273,200.0,0.38461538461538464
m5,m5_paper_0,0,5,20250765,11,X,insider,seller,212.5,180.0,18,23,0.7727272727272727,200.0,0.38461538461538464
m5,m5_paper_0,0,5,20250765,11,X,insider,seller,212.5,180.0,19,23,0.8181818181818182,200.0,0.38461538461538464
m5,m5_paper_0,0,5,20250765,11,X,insider,seller,212.5,180.0,20,23,0.8636363636363636,150.0,1.9230769230769231
m5,m5_paper_0,0,5,20250765,11,X,insider,seller,212.5,180.0,21,23,0.9090909090909091,150.0,1.9230769230769231
m5,m5_paper_0,0,5,20250765,11,X,insider,seller,212.5,180.0,22,23,0.9545454545454546,119.0,2.876923076923077
m5,m5_paper_0,0,5,20250765,11,X,insider,seller,212.5,180.0,23,23,1.0,120.0,2.8461538461538463
m5,m5_paper_0,0,5,20250765,12,Y,insider,buyer,212.5,245.0,1,20,0.0,200.0,-0.38461538461538464
m5,m5_paper_0,0,5,20250765,12,Y,insider,buyer,212.5,245.0,2,20,0.05263157894736842,200.0,-0.38461538461538464
m5,m5_paper_0,0,5,20250765,12,Y,insider,buyer,212.5,245.0,3,20,0.10526315789473684,200.0,-0.38461538461538464
m5,m5_paper_0,0,5,20250765,12,Y,insider,buyer,212.5,245.0,4,20,0.15789473684210525,200.0,-0.38461538461538464
m5,m5_paper_0,0,5,20250765,12,Y,insider,buyer,212.5,245.0,5,20,0.21052631578947367,200.0,-0.38461538461538464
m5,m5_paper_0,0,5,20250765,12,Y,insider,buyer,212.5,245.0,6,20,0.2631578947368421,200.0,-0.38461538461538464
m5,m5_paper_0,0,5,20250765,12,Y,insider,buyer,212.5,245.0,7,20,0.3157894736842105,200.0,-0.38461538461538464
m5,m5_paper_0,0,5,20250765,12,Y,insider,buyer,212.5,245.0,8,20,0.3684210526315789,200.0,-0.38461538461538464
m5,m5_paper_0,0,5,20250765,12,Y,insider,buyer,212.5,245.0,9,20,0.42105263157894735,200.0,-0.38461538461538464
m5,m5_paper_0,0,5,20250765,12,Y,insider,buyer,212.5,245.0,10,20,0.47368421052631576,200.0,-0.38461538461538464
m5,m5_paper_0,0,5,20250765,12,Y,insider,buyer,212.5,245.0,11,20,0.5263157894736842,200.0,-0.38461538461538464
m5,m5_paper_0,0,5,20250765,12,Y,insider,buyer,212.5,245.0,12,20,0.5789473684210527,200.0,-0.38461538461538464
m5,m5_paper_0,0,5,20250765,12,Y,insider,buyer,212.5,245.0,13,20,0.631578947368421,200.0,-0.38461538461538464
m5,m5_paper_0,0,5,20250765,12,Y,insider,buyer,212.5,245.0,14,20,0.6842105263157895,200.0,-0.38461538461538464
m5,m5_paper_0,0,5,20250765,12,Y,insider,buyer,212.5,245.0,15,20,0.7368421052631579,200.0,-0.38461538461538464
m5,m5_paper_0,0,5,20250765,12,Y,insider,buyer,212.5,245.0,16,20,0.7894736842105263,200.0,-0.38461538461538464
m5,m5_paper_0,0,5,20250765,12,Y,insider,buyer,212.5,245.0,17,20,0.8421052631578947,200.0,-0.38461538461538464
m5,m5_paper_0,0,5,20250765,12,Y,insider,buyer,212.5,245.0,18,20,0.8947368421052632,201.0,-0.35384615384615387
m5,m5_paper_0,0,5,20250765,12,Y,insider,buyer,212.5,245.0,19,20,0.9473684210526315,201.0,-0.35384615384615387
m5,m5_paper_0,0,5,20250765,12,Y,insider,buyer,212.5,245.0,20,20,1.0,202.0,-0.3230769230769231
m5,m5_paper_0,0,5,20250765,13,Z,insider,buyer,212.5,320.0,1,22,0.0,200.0,-0.11627906976744186
m5,m5_paper_0,0,5,20250765,13,Z,insider,buyer,212.5,320.0,2,22,0.047619047619047616,200.0,-0.11627906976744186
m5,m5_paper_0,0,5,20250765,13,Z,insider,buyer,212.5,320.0,3,22,0.09523809523809523,200.0,-0.11627906976744186
m5,m5_paper_0,0,5,20250765,13,Z,insider,buyer,212.5,320.0,4,22,0.14285714285714285,200.0,-0.11627906976744186
m5,m5_paper_0,0,5,20250765,13,Z,insider,buyer,212.5,320.0,5,22,0.19047619047619047,200.0,-0.11627906976744186
m5,m5_paper_0,0,5,20250765,13,Z,insider,buyer,212.5,320.0,6,22,0.23809523809523808,200.0,-0.11627906976744186
m5,m5_paper_0,0,5,20250765,13,Z,insider,buyer,212.5,320.0,7,22,0.2857142857142857,200.0,-0.11627906976744186
m5,m5_paper_0,0,5,20250765,13,Z,insider,buyer,212.5,320.0,8,22,0.3333333333333333,200.0,-0.11627906976744186
m5,m5_paper_0,0,5,20250765,13,Z,insider,buyer,212.5,320.0,9,22,0.38095238095238093,200.0,-0.11627906976744186
m5,m5_paper_0,0,5,20250765,13,Z,insider,buyer,212.5,320.0,10,22,0.42857142857142855,200.0,-0.11627906976744186
m5,m5_paper_0,0,5,20250765,13,Z,insider,buyer,212.5,320.0,11,22,0.47619047619047616,200.0,-0.11627906976744186
m5,m5_paper_0,0,5,20250765,13,Z,insider,buyer,212.5,320.0,12,22,0.5238095238095238,200.0,-0.11627906976744186
m5,m5_paper_0,0,5,20250765,13,Z,insider,buyer,212.5,320.0,13,22,0.5714285714285714,200.0,-0.11627906976744186
m5,m5_paper_0,0,5,20250765,13,Z,insider,buyer,212.5,320.0,14,22,0.6190476190476191,200.0,-0.11627906976744186
m5,m5_paper_0,0,5,20250765,13,Z,insider,buyer,212.5,320.0,15,22,0.6666666666666666,200.0,-0.11627906976744186
m5,m5_paper_0,0,5,20250765,13,Z,insider,buyer,212.5,320.0,16,22,0.7142857142857143,200.0,-0.11627906976744186
m5,m5_paper_0,0,5,20250765,13,Z,insider,buyer,212.5,320.0,17,22,0.7619047619047619,200.0,-0.11627906976744186
m5,m5_paper_0,0,5,20250765,13,Z,insider,buyer,212.5,320.0,18,22,0.8095238095238095,200.0,-0.11627906976744186
m5,m5_paper_0,0,5,20250765,13,Z,insider,buyer,212.5,320.0,19,22,0.8571428571428571,150.0,-0.5813953488372093
m5,m5_paper_0,0,5,20250765,13,Z,insider,buyer,212.5,320.0,20,22,0.9047619047619048,200.0,-0.11627906976744186
m5,m5_paper_0,0,5,20250765,13,Z,insider,buyer,212.5,320.0,21,22,0.9523809523809523,200.0,-0.11627906976744186
m5,m5_paper_0,0,5,20250765,13,Z,insider,buyer,212.5,320.0,22,22,1.0,200.0,-0.11627906976744186
m5,m5_paper_1,0,5,20250766,4,X,insider,seller,212.5,180.0,1,17,0.0,170.0,1.3076923076923077
m5,m5_paper_1,0,5,20250766,4,X,insider,seller,212.5,180.0,2,17,0.0625,170.0,1.3076923076923077
m5,m5_paper_1,0,5,20250766,4,X,insider,seller,212.5,180.0,3,17,0.125,170.0,1.3076923076923077
m5,m5_paper_1,0,5,20250766,4,X,insider,seller,212.5,180.0,4,17,0.1875,170.0,1.3076923076923077
m5,m5_paper_1,0,5,20250766,4,X,insider,seller,212.5,180.0,5,17,0.25,170.0,1.3076923076923077
m5,m5_paper_1,0,5,20250766,4,X,insider,seller,212.5,180.0,6,17,0.3125,180.0,1.0
m5,m5_paper_1,0,5,20250766,4,X,insider,seller,212.5,180.0,7,17,0.375,180.0,1.0
m5,m5_paper_1,0,5,20250766,4,X,insider,seller,212.5,180.0,8,17,0.4375,180.0,1.0
m5,m5_paper_1,0,5,20250766,4,X,insider,seller,212.5,180.0,9,17,0.5,170.0,1.3076923076923077
m5,m5_paper_1,0,5,20250766,4,X,insider,seller,212.5,180.0,10,17,0.5625,180.0,1.0
m5,m5_paper_1,0,5,20250766,4,X,insider,seller,212.5,180.0,11,17,0.625,180.0,1.0
m5,m5_paper_1,0,5,20250766,4,X,insider,seller,212.5,180.0,12,17,0.6875,180.0,1.0
m5,m5_paper_1,0,5,20250766,4,X,insider,seller,212.5,180.0,13,17,0.75,180.0,1.0
m5,m5_paper_1,0,5,20250766,4,X,insider,seller,212.5,180.0,14,17,0.8125,180.0,1.0
m5,m5_paper_1,0,5,20250766,4,X,insider,seller,212.5,180.0,15,17,0.875,180.0,1.0
m5,m5_paper_1,0,5,20250766,4,X,insider,seller,212.5,180.0,16,17,0.9375,170.0,1.3076923076923077
m5,m5_paper_1,0,5,20250766,4,X,insider,seller,212.5,180.0,17,17,1.0,177.0,1.0923076923076922
m5,m5_paper_1,0,5,20250766,5,X,insider,seller,212.5,180.0,1,20,0.0,170.0,1.3076923076923077
m5,m5_paper_1,0,5,20250766,5,X,insider,seller,212.5,180.0,2,20,0.05263157894736842,170.0,1.3076923076923077
m5,m5_paper_1,0,5,20250766,5,X,insider,seller,212.5,180.0,3,20,0.10526315789473684,170.0,1.3076923076923077
m5,m5_paper_1,0,5,20250766,5,X,insider,seller,212.5,180.0,4,20,0.15789473684210525,170.0,1.3076923076923077
m5,m5_paper_1,0,5,20250766,5,X,insider,seller,212.5,180.0,5,20,0.21052631578947367,170.0,1.3076923076923077
m5,m5_paper_1,0,5,20250766,5,X,insider,seller,212.5,180.0,6,20,0.2631578947368421,170.0,1.3076923076923077
m5,m5_paper_1,0,5,20250766,5,X,insider,seller,212.5,180.0,7,20,0.3157894736842105,170.0,1.3076923076923077
m5,m5_paper_1,0,5,20250766,5,X,insider,seller,212.5,180.0,8,20,0.3684210526315789,170.0,1.3076923076923077
m5,m5_paper_1,0,5,20250766,5,X,insider,seller,212.5,180.0,9,20,0.42105263157894735,170.0,1.3076923076923077
m5,m5_paper_1,0,5,20250766,5,X,insider,seller,212.5,180.0,10,20,0.47368421052631576,170.0,1.3076923076923077
m5,m5_paper_1,0,5,20250766,5,X,insider,seller,212.5,180.0,11,20,0.5263157894736842,170.0,1.3076923076923077
m5,m5_paper_1,0,5,20250766,5,X,insider,seller,212.5,180.0,12,20,0.5789473684210527,171.0,1.2769230769230768
m5,m5_paper_1,0,5,20250766,5,X,insider,seller,212.5,180.0,13,20,0.631578947368421,170.0,1.3076923076923077
m5,m5_paper_1,0,5,20250766,5,X,insider,seller,212.5,180.0,14,20,0.6842105263157895,170.0,1.3076923076923077
m5,m5_paper_1,0,5,20250766,5,X,insider,seller,212.5,180.0,15,20,0.7368421052631579,170.0,1.3076923076923077
m5,m5_paper_1,0,5,20250766,5,X,insider,seller,212.5,180.0,16,20,0.7894736842105263,170.0,1.3076923076923077
m5,m5_paper_1,0,5,20250766,5,X,insider,seller,212.5,180.0,17,20,0.8421052631578947,171.0,1.2769230769230768
m5,m5_paper_1,0,5,20250766,5,X,insider,seller,212.5,180.0,18,20,0.8947368421052632,170.0,1.3076923076923077
m5,m5_paper_1,0,5,20250766,5,X,insider,seller,212.5,180.0,19,20,0.9473684210526315,155.0,1.7692307692307692
m5,m5_paper_1,0,5,20250766,5,X,insider,seller,212.5,180.0,20,20,1.0,155.0,1.7692307692307692
m5,m5_paper_1,0,5,20250766,6,Y,insider,buyer,212.5,245.0,1,23,0.0,170.0,-1.3076923076923077
m5,m5_paper_1,0,5,20250766,6,Y,insider,buyer,212.5,245.0,2,23,0.045454545454545456,171.0,-1.2769230769230768
m5,m5_paper_1,0,5,20250766,6,Y,insider,buyer,212.5,245.0,3,23,0.09090909090909091,170.0,-1.3076923076923077
m5,m5_paper_1,0,5,20250766,6,Y,insider,buyer,212.5,245.0,4,23,0.13636363636363635,171.0,-1.2769230769230768
m5,m5_paper_1,0,5,20250766,6,Y,insider,buyer,212.5,245.0,5,23,0.18181818181818182,171.0,-1.2769230769230768
m5,m5_paper_1,0,5,20250766,6,Y,insider,buyer,212.5,245.0,6,23,0.22727272727272727,170.0,-1.3076923076923077
m5,m5_paper_1,0,5,20250766,6,Y,insider,buyer,212.5,245.0,7,23,0.2727272727272727,171.0,-1.2769230769230768
m5,m5_paper_1,0,5,20250766,6,Y,insider,buyer,212.5,245.0,8,23,0.3181818181818182,171.0,-1.2769230769230768
m5,m5_paper_1,0,5,20250766,6,Y,insider,buyer,212.5,245.0,9,23,0.36363636363636365,170.0,-1.3076923076923077
m5,m5_paper_1,0,5,20250766,6,Y,insider,buyer,212.5,245.0,10,23,0.4090909090909091,170.0,-1.3076923076923077
m5,m5_paper_1,0,5,20250766,6,Y,insider,buyer,212.5,245.0,11,23,0.45454545454545453,170.0,-1.3076923076923077
m5,m5_paper_1,0,5,20250766,6,Y,insider,buyer,212.5,245.0,12,23,0.5,170.0,-1.3076923076923077
m5,m5_paper_1,0,5,20250766,6,Y,insider,buyer,212.5,245.0,13,23,0.5454545454545454,171.0,-1.2769230769230768
m5,m5_paper_1,0,5,20250766,6,Y,insider,buyer,212.5,245.0,14,23,0.5909090909090909,170.0,-1.3076923076923077
m5,m5_paper_1,0,5,20250766,6,Y,insider,buyer,212.5,245.0,15,23,0.6363636363636364,171.0,-1.2769230769230768
m5,m5_paper_1,0,5,20250766,6,Y,insider,buyer,212.5,245.0,16,23,0.6818181818181818,172.0,-1.2461538461538462
m5,m5_paper_1,0,5,20250766,6,Y,insider,buyer,212.5,245.0,17,23,0.7272727272727273,170.0,-1.3076923076923077
m5,m5_paper_1,0,5,20250766,6,Y,insider,buyer,212.5,245.0,18,23,0.7727272727272727,170.0,-1.3076923076923077
m5,m5_paper_1,0,5,20250766,6,Y,insider,buyer,212.5,245.0,19,23,0.8181818181818182,171.0,-1.2769230769230768
m5,m5_paper_1,0,5,20250766,6,Y,insider,buyer,212.5,245.0,20,23,0.8636363636363636,170.0,-1.3076923076923077
m5,m5_paper_1,0,5,20250766,6,Y,insider,buyer,212.5,245.0,21,23,0.9090909090909091,170.0,-1.3076923076923077
m5,m5_paper_1,0,5,20250766,6,Y,insider,buyer,212.5,245.0,22,23,0.9545454545454546,171.0,-1.2769230769230768
m5,m5_paper_1,0,5,20250766,6,Y,insider,buyer,212.5,245.0,23,23,1.0,171.0,-1.2769230769230768
m5,m5_paper_1,0,5,20250766,7,Z,insider,buyer,212.5,320.0,1,21,0.0,155.0,-0.5348837209302325
m5,m5_paper_1,0,5,20250766,7,Z,insider,buyer,212.5,320.0,2,21,0.05,158.0,-0.5069767441860465
m5,m5_paper_1,0,5,20250766,7,Z,insider,buyer,212.5,320.0,3,21,0.1,159.0,-0.49767441860465117
m5,m5_paper_1,0,5,20250766,7,Z,insider,buyer,212.5,320.0,4,21,0.15,160.0,-0.4883720930232558
m5,m5_paper_1,0,5,20250766,7,Z,insider,buyer,212.5,320.0,5,21,0.2,160.0,-0.4883720930232558
m5,m5_paper_1,0,5,20250766,7,Z,insider,buyer,212.5,320.0,6,21,0.25,160.0,-0.4883720930232558
m5,m5_paper_1,0,5,20250766,7,Z,insider,buyer,212.5,320.0,7,21,0.3,160.0,-0.4883720930232558
m5,m5_paper_1,0,5,20250766,7,Z,insider,buyer,212.5,320.0,8,21,0.35,161.0,-0.4790697674418605
m5,m5_paper_1,0,5,20250766,7,Z,insider,buyer,212.5,320.0,9,21,0.4,162.0,-0.4697674418604651
m5,m5_paper_1,0,5,20250766,7,Z,insider,buyer,212.5,320.0,10,21,0.45,163.0,-0.4604651162790698
m5,m5_paper_1,0,5,20250766,7,Z,insider,buyer,212.5,320.0,11,21,0.5,163.0,-0.4604651162790698
m5,m5_paper_1,0,5,20250766,7,Z,insider,buyer,212.5,320.0,12,21,0.55,165.0,-0.4418604651162791
m5,m5_paper_1,0,5,20250766,7,Z,insider,buyer,212.5,320.0,13,21,0.6,165.0,-0.4418604651162791
m5,m5_paper_1,0,5,20250766,7,Z,insider,buyer,212.5,320.0,14,21,0.65,166.0,-0.4325581395348837
m5,m5_paper_1,0,5,20250766,7,Z,insider,buyer,212.5,320.0,15,21,0.7,167.0,-0.4232558139534884
m5,m5_paper_1,0,5,20250766,7,Z,insider,buyer,212.5,320.0,16,21,0.75,159.0,-0.49767441860465117
m5,m5_paper_1,0,5,20250766,7,Z,insider,buyer,212.5,320.0,17,21,0.8,159.0,-0.49767441860465117
m5,m5_paper_1,0,5,20250766,7,Z,insider,buyer,212.5,320.0,18,21,0.85,159.0,-0.49767441860465117
m5,m5_paper_1,0,5,20250766,7,Z,insider,buyer,212.5,320.0,19,21,0.9,159.0,-0.49767441860465117
m5,m5_paper_1,0,5,20250766,7,Z,insider,buyer,212.5,320.0,20,21,0.95,160.0,-0.4883720930232558
m5,m5_paper_1,0,5,20250766,7,Z,insider,buyer,212.5,320.0,21,21,1.0,161.0,-0.4790697674418605
m5,m5_paper_1,0,5,20250766,8,Z,insider,buyer,212.5,320.0,1,21,0.0,190.0,-0.20930232558139536
m5,m5_paper_1,0,5,20250766,8,Z,insider,buyer,212.5,320.0,2,21,0.05,191.0,-0.2
m5,m5_paper_1,0,5,20250766,8,Z,insider,buyer,212.5,320.0,3,21,0.1,192.0,-0.19069767441860466
m5,m5_paper_1,0,5,20250766,8,Z,insider,buyer,212.5,320.0,4,21,0.15,193.0,-0.1813953488372093
m5,m5_paper_1,0,5,20250766,8,Z,insider,buyer,212.5,320.0,5,21,0.2,194.0,-0.17209302325581396
m5,m5_paper_1,0,5,20250766,8,Z,insider,buyer,212.5,320.0,6,21,0.25,195.0,-0.16279069767441862
m5,m5_paper_1,0,5,20250766,8,Z,insider,buyer,212.5,320.0,7,21,0.3,195.0,-0.16279069767441862
m5,m5_paper_1,0,5,20250766,8,Z,insider,buyer,212.5,320.0,8,21,0.35,196.0,-0.15348837209302327
m5,m5_paper_1,0,5,20250766,8,Z,insider,buyer,212.5,320.0,9,21,0.4,196.0,-0.15348837209302327
m5,m5_paper_1,0,5,20250766,8,Z,insider,buyer,212.5,320.0,10,21,0.45,196.0,-0.15348837209302327
m5,m5_paper_1,0,5,20250766,8,Z,insider,buyer,212.5,320.0,11,21,0.5,196.0,-0.15348837209302327
m5,m5_paper_1,0,5,20250766,8,Z,insider,buyer,212.5,320.0,12,21,0.55,196.0,-0.15348837209302327
m5,m5_paper_1,0,5,20250766,8,Z,insider,buyer,212.5,320.0,13,21,0.6,196.0,-0.15348837209302327
m5,m5_paper_1,0,5,20250766,8,Z,insider,buyer,212.5,320.0,14,21,0.65,196.0,-0.15348837209302327
m5,m5_paper_1,0,5,20250766,8,Z,insider,buyer,212.5,320.0,15,21,0.7,196.0,-0.15348837209302327
m5,m5_paper_1,0,5,20250766,8,Z,insider,buyer,212.5,320.0,16,21,0.75,196.0,-0.15348837209302327
m5,m5_paper_1,0,5,20250766,8,Z,insider,buyer,212.5,320.0,17,21,0.8,196.0,-0.15348837209302327
m5,m5_paper_1,0,5,20250766,8,Z,insider,buyer,212.5,320.0,18,21,0.85,198.0,-0.13488372093023257
m5,m5_paper_1,0,5,20250766,8,Z,insider,buyer,212.5,320.0,19,21,0.9,198.0,-0.13488372093023257
m5,m5_paper_1,0,5,20250766,8,Z,insider,buyer,212.5,320.0,20,21,0.95,198.0,-0.13488372093023257
m5,m5_paper_1,0,5,20250766,8,Z,insider,buyer,212.5,320.0,21,21,1.0,198.0,-0.13488372093023257
m5,m5_paper_1,0,5,20250766,9,Y,insider,buyer,212.5,245.0,1,18,0.0,175.0,-1.1538461538461537
m5,m5_paper_1,0,5,20250766,9,Y,insider,buyer,212.5,245.0,2,18,0.058823529411764705,175.0,-1.1538461538461537
m5,m5_paper_1,0,5,20250766,9,Y,insider,buyer,212.5,245.0,3,18,0.11764705882352941,180.0,-1.0
m5,m5_paper_1,0,5,20250766,9,Y,insider,buyer,212.5,245.0,4,18,0.17647058823529413,180.0,-1.0
m5,m5_paper_1,0,5,20250766,9,Y,insider,buyer,212.5,245.0,5,18,0.23529411764705882,185.0,-0.8461538461538461
m5,m5_paper_1,0,5,20250766,9,Y,insider,buyer,212.5,245.0,6,18,0.29411764705882354,190.0,-0.6923076923076923
m5,m5_paper_1,0,5,20250766,9,Y,insider,buyer,212.5,245.0,7,18,0.35294117647058826,190.0,-0.6923076923076923
m5,m5_paper_1,0,5,20250766,9,Y,insider,buyer,212.5,245.0,8,18,0.4117647058823529,190.0,-0.6923076923076923
m5,m5_paper_1,0,5,20250766,9,Y,insider,buyer,212.5,245.0,9,18,0.47058823529411764,190.0,-0.6923076923076923
m5,m5_paper_1,0,5,20250766,9,Y,insider,buyer,212.5,245.0,10,18,0.5294117647058824,190.0,-0.6923076923076923
m5,m5_paper_1,0,5,20250766,9,Y,insider,buyer,212.5,245.0,11,18,0.5882352941176471,190.0,-0.6923076923076923
m5,m5_paper_1,0,5,20250766,9,Y,insider,buyer,212.5,245.0,12,18,0.6470588235294118,190.0,-0.6923076923076923
m5,m5_paper_1,0,5,20250766,9,Y,insider,buyer,212.5,245.0,13,18,0.7058823529411765,190.0,-0.6923076923076923
m5,m5_paper_1,0,5,20250766,9,Y,insider,buyer,212.5,245.0,14,18,0.7647058823529411,190.0,-0.6923076923076923
m5,m5_paper_1,0,5,20250766,9,Y,insider,buyer,212.5,245.0,15,18,0.8235294117647058,190.0,-0.6923076923076923
m5,m5_paper_1,0,5,20250766,9,Y,insider,buyer,212.5,245.0,16,18,0.8823529411764706,190.0,-0.6923076923076923
m5,m5_paper_1,0,5,20250766,9,Y,insider,buyer,212.5,245.0,17,18,0.9411764705882353,190.0,-0.6923076923076923
m5,m5_paper_1,0,5,20250766,9,Y,insider,buyer,212.5,245.0,18,18,1.0,190.0,-0.6923076923076923
m5,m5_paper_1,0,5,20250766,10,Y,insider,buyer,212.5,245.0,1,22,0.0,180.0,-1.0
m5,m5_paper_1,0,5,20250766,10,Y,insider,buyer,212.5,245.0,2,22,0.047619047619047616,180.0,-1.0
m5,m5_paper_1,0,5,20250766,10,Y,insider,buyer,212.5,245.0,3,22,0.09523809523809523,180.0,-1.0
m5,m5_paper_1,0,5,20250766,10,Y,insider,buyer,212.5,245.0,4,22,0.14285714285714285,180.0,-1.0
m5,m5_paper_1,0,5,20250766,10,Y,insider,buyer,212.5,245.0,5,22,0.19047619047619047,180.0,-1.0
m5,m5_paper_1,0,5,20250766,10,Y,insider,buyer,212.5,245.0,6,22,0.23809523809523808,180.0,-1.0
m5,m5_paper_1,0,5,20250766,10,Y,insider,buyer,212.5,245.0,7,22,0.2857142857142857,181.0,-0.9692307692307692
m5,m5_paper_1,0,5,20250766,10,Y,insider,buyer,212.5,245.0,8,22,0.3333333333333333,180.0,-1.0
m5,m5_paper_1,0,5,20250766,10,Y,insider,buyer,212.5,245.0,9,22,0.38095238095238093,181.0,-0.9692307692307692
m5,m5_paper_1,0,5,20250766,10,Y,insider,buyer,212.5,245.0,10,22,0.42857142857142855,181.0,-0.9692307692307692
m5,m5_paper_1,0,5,20250766,10,Y,insider,buyer,212.5,245.0,11,22,0.47619047619047616,181.0,-0.9692307692307692
m5,m5_paper_1,0,5,20250766,10,Y,insider,buyer,212.5,245.0,12,22,0.5238095238095238,181.0,-0.9692307692307692
m5,m5_paper_1,0,5,20250766,10,Y,insider,buyer,212.5,245.0,13,22,0.5714285714285714,180.0,-1.0
m5,m5_paper_1,0,5,20250766,10,Y,insider,buyer,212.5,245.0,14,22,0.6190476190476191,180.0,-1.0
m5,m5_paper_1,0,5,20250766,10,Y,insider,buyer,212.5,245.0,15,22,0.6666666666666666,180.0,-1.0
m5,m5_paper_1,0,5,20250766,10,Y,insider,buyer,212.5,245.0,16,22,0.7142857142857143,180.0,-1.0
m5,m5_paper_1,0,5,20250766,10,Y,insider,buyer,212.5,245.0,17,22,0.7619047619047619,180.0,-1.0
m5,m5_paper_1,0,5,20250766,10,Y,insider,buyer,212.5,245.0,18,22,0.8095238095238095,181.0,-0.9692307692307692
m5,m5_paper_1,0,5,20250766,10,Y,insider,buyer,212.5,245.0,19,22,0.8571428571428571,181.0,-0.9692307692307692
m5,m5_paper_1,0,5,20250766,10,Y,insider,buyer,212.5,245.0,20,22,0.9047619047619048,180.0,-1.0
m5,m5_paper_1,0,5,20250766,10,Y,insider,buyer,212.5,245.0,21,22,0.9523809523809523,181.0,-0.9692307692307692
m5,m5_paper_1,0,5,20250766,10,Y,insider,buyer,212.5,245.0,22,22,1.0,182.0,-0.9384615384615385
m5,m5_paper_1,0,5,20250766,11,X,insider,seller,212.5,180.0,1,19,0.0,210.0,0.07692307692307693
m5,m5_paper_1,0,5,20250766,11,X,insider,seller,212.5,180.0,2,19,0.05555555555555555,210.0,0.07692307692307693
m5,m5_paper_1,0,5,20250766,11,X,insider,seller,212.5,180.0,3,19,0.1111111111111111,210.0,0.07692307692307693
m5,m5_paper_1,0,5,20250766,11,X,insider,seller,212.5,180.0,4,19,0.16666666666666666,210.0,0.07692307692307693
m5,m5_paper_1,0,5,20250766,11,X,insider,seller,212.5,180.0,5,19,0.2222222222222222,210.0,0.07692307692307693
m5,m5_paper_1,0,5,20250766,11,X,insider,seller,212.5,180.0,6,19,0.2777777777777778,210.0,0.07692307692307693
m5,m5_paper_1,0,5,20250766,11,X,insider,seller,212.5,180.0,7,19,0.3333333333333333,210.0,0.07692307692307693
m5,m5_paper_1,0,5,20250766,11,X,insider,seller,212.5,180.0,8,19,0.3888888888888889,209.0,0.1076923076923077
m5,m5_paper_1,0,5,20250766,11,X,insider,seller,212.5,180.0,9,19,0.4444444444444444,209.0,0.1076923076923077
m5,m5_paper_1,0,5,20250766,11,X,insider,seller,212.5,180.0,10,19,0.5,209.0,0.1076923076923077
m5,m5_paper_1,0,5,20250766,11,X,insider,seller,212.5,180.0,11,19,0.5555555555555556,209.0,0.1076923076923077
m5,m5_paper_1,0,5,20250766,11,X,insider,seller,212.5,180.0,12,19,0.6111111111111112,209.0,0.1076923076923077
m5,m5_paper_1,0,5,20250766,11,X,insider,seller,212.5,180.0,13,19,0.6666666666666666,202.0,0.3230769230769231
m5,m5_paper_1,0,5,20250766,11,X,insider,seller,212.5,180.0,14,19,0.7222222222222222,202.0,0.3230769230769231
m5,m5_paper_1,0,5,20250766,11,X,insider,seller,212.5,180.0,15,19,0.7777777777777778,200.0,0.38461538461538464
m5,m5_paper_1,0,5,20250766,11,X,insider,seller,212.5,180.0,16,19,0.8333333333333334,199.0,0.4153846153846154
m5,m5_paper_1,0,5,20250766,11,X,insider,seller,212.5,180.0,17,19,0.8888888888888888,199.0,0.4153846153846154
m5,m5_paper_1,0,5,20250766,11,X,insider,seller,212.5,180.0,18,19,0.9444444444444444,198.0,0.4461538461538462
m5,m5_paper_1,0,5,20250766,11,X,insider,seller,212.5,180.0,19,19,1.0,154.0,1.8
m5,m5_paper_1,0,5,20250766,12,Y,insider,buyer,212.5,245.0,1,17,0.0,150.0,-1.9230769230769231
m5,m5_paper_1,0,5,20250766,12,Y,insider,buyer,212.5,245.0,2,17,0.0625,153.0,-1.8307692307692307
m5,m5_paper_1,0,5,20250766,12,Y,insider,buyer,212.5,245.0,3,17,0.125,154.0,-1.8
m5,m5_paper_1,0,5,20250766,12,Y,insider,buyer,212.5,245.0,4,17,0.1875,155.0,-1.7692307692307692
m5,m5_paper_1,0,5,20250766,12,Y,insider,buyer,212.5,245.0,5,17,0.25,155.0,-1.7692307692307692
m5,m5_paper_1,0,5,20250766,12,Y,insider,buyer,212.5,245.0,6,17,0.3125,155.0,-1.7692307692307692
m5,m5_paper_1,0,5,20250766,12,Y,insider,buyer,212.5,245.0,7,17,0.375,155.0,-1.7692307692307692
m5,m5_paper_1,0,5,20250766,12,Y,insider,buyer,212.5,245.0,8,17,0.4375,155.0,-1.7692307692307692
m5,m5_paper_1,0,5,20250766,12,Y,insider,buyer,212.5,245.0,9,17,0.5,160.0,-1.6153846153846154
m5,m5_paper_1,0,5,20250766,12,Y,insider,buyer,212.5,245.0,10,17,0.5625,161.0,-1.5846153846153845
m5,m5_paper_1,0,5,20250766,12,Y,insider,buyer,212.5,245.0,11,17,0.625,160.0,-1.6153846153846154
m5,m5_paper_1,0,5,20250766,12,Y,insider,buyer,212.5,245.0,12,17,0.6875,160.0,-1.6153846153846154
m5,m5_paper_1,0,5,20250766,12,Y,insider,buyer,212.5,245.0,13,17,0.75,161.0,-1.5846153846153845
m5,m5_paper_1,0,5,20250766,12,Y,insider,buyer,212.5,245.0,14,17,0.8125,170.0,-1.3076923076923077
m5,m5_paper_1,0,5,20250766,12,Y,insider,buyer,212.5,245.0,15,17,0.875,163.0,-1.523076923076923
m5,m5_paper_1,0,5,20250766,12,Y,insider,buyer,212.5,245.0,16,17,0.9375,170.0,-1.3076923076923077
m5,m5_paper_1,0,5,20250766,12,Y,insider,buyer,212.5,245.0,17,17,1.0,180.0,-1.0
m5,m5_paper_1,0,5,20250766,13,Z,insider,buyer,212.5,320.0,1,21,0.0,300.0,0.813953488372093
m5,m5_paper_1,0,5,20250766,13,Z,insider,buyer,212.5,320.0,2,21,0.05,300.0,0.813953488372093
m5,m5_paper_1,0,5,20250766,13,Z,insider,buyer,212.5,320.0,3,21,0.1,300.0,0.813953488372093
m5,m5_paper_1,0,5,20250766,13,Z,insider,buyer,212.5,320.0,4,21,0.15,300.0,0.813953488372093
m5,m5_paper_1,0,5,20250766,13,Z,insider,buyer,212.5,320.0,5,21,0.2,300.0,0.813953488372093
m5,m5_paper_1,0,5,20250766,13,Z,insider,buyer,212.5,320.0,6,21,0.25,300.0,0.813953488372093
m5,m5_paper_1,0,5,20250766,13,Z,insider,buyer,212.5,320.0,7,21,0.3,300.0,0.813953488372093
m5,m5_paper_1,0,5,20250766,13,Z,insider,buyer,212.5,320.0,8,21,0.35,300.0,0.813953488372093
m5,m5_paper_1,0,5,20250766,13,Z,insider,buyer,212.5,320.0,9,21,0.4,300.0,0.813953488372093
m5,m5_paper_1,0,5,20250766,13,Z,insider,buyer,212.5,320.0,10,21,0.45,300.0,0.813953488372093
m5,m5_paper_1,0,5,20250766,13,Z,insider,buyer,212.5,320.0,11,21,0.5,300.0,0.813953488372093
m5,m5_paper_1,0,5,20250766,13,Z,insider,buyer,212.5,320.0,12,21,0.55,300.0,0.813953488372093
m5,m5_paper_1,0,5,20250766,13,Z,insider,buyer,212.5,320.0,13,21,0.6,300.0,0.813953488372093
m5,m5_paper_1,0,5,20250766,13,Z,insider,buyer,212.5,320.0,14,21,0.65,300.0,0.813953488372093
m5,m5_paper_1,0,5,20250766,13,Z,insider,buyer,212.5,320.0,15,21,0.7,310.0,0.9069767441860465
m5,m5_paper_1,0,5,20250766,13,Z,insider,buyer,212.5,320.0,16,21,0.75,311.0,0.9162790697674419
m5,m5_paper_1,0,5,20250766,13,Z,insider,buyer,212.5,320.0,17,21,0.8,310.0,0.9069767441860465
m5,m5_paper_1,0,5,20250766,13,Z,insider,buyer,212.5,320.0,18,21,0.85,310.0,0.9069767441860465
m5,m5_paper_1,0,5,20250766,13,Z,insider,buyer,212.5,320.0,19,21,0.9,310.0,0.9069767441860465
m5,m5_paper_1,0,5,20250766,13,Z,insider,buyer,212.5,320.0,20,21,0.95,310.0,0.9069767441860465
m5,m5_paper_1,0,5,20250766,13,Z,insider,buyer,212.5,320.0,21,21,1.0,311.0,0.9162790697674419
m5,m5_random_0,0,5,20250767,4,Z,insider,buyer,212.5,320.0,1,24,0.0,150.0,-0.5813953488372093
m5,m5_random_0,0,5,20250767,4,Z,insider,buyer,212.5,320.0,2,24,0.043478260869565216,150.0,-0.5813953488372093
m5,m5_random_0,0,5,20250767,4,Z,insider,buyer,212.5,320.0,3,24,0.08695652173913043,150.0,-0.5813953488372093
m5,m5_random_0,0,5,20250767,4,Z,insider,buyer,212.5,320.0,4,24,0.13043478260869565,150.0,-0.5813953488372093
m5,m5_random_0,0,5,20250767,4,Z,insider,buyer,212.5,320.0,5,24,0.17391304347826086,150.0,-0.5813953488372093
m5,m5_random_0,0,5,20250767,4,Z,insider,buyer,212.5,320.0,6,24,0.21739130434782608,150.0,-0.5813953488372093
m5,m5_random_0,0,5,20250767,4,Z,insider,buyer,212.5,320.0,7,24,0.2608695652173913,150.0,-0.5813953488372093
m5,m5_random_0,0,5,20250767,4,Z,insider,buyer,212.5,320.0,8,24,0.30434782608695654,150.0,-0.5813953488372093
m5,m5_random_0,0,5,20250767,4,Z,insider,buyer,212.5,320.0,9,24,0.34782608695652173,150.0,-0.5813953488372093
m5,m5_random_0,0,5,20250767,4,Z,insider,buyer,212.5,320.0,10,24,0.391304347826087,150.0,-0.5813953488372093
m5,m5_random_0,0,5,20250767,4,Z,insider,buyer,212.5,320.0,11,24,0.43478260869565216,151.0,-0.5720930232558139
m5,m5_random_0,0,5,20250767,4,Z,insider,buyer,212.5,320.0,12,24,0.4782608695652174,152.0,-0.5627906976744186
m5,m5_random_0,0,5,20250767,4,Z,insider,buyer,212.5,320.0,13,24,0.5217391304347826,153.0,-0.5534883720930233
m5,m5_random_0,0,5,20250767,4,Z,insider,buyer,212.5,320.0,14,24,0.5652173913043478,154.0,-0.5441860465116279
m5,m5_random_0,0,5,20250767,4,Z,insider,buyer,212.5,320.0,15,24,0.6086956521739131,155.0,-0.5348837209302325
m5,m5_random_0,0,5,20250767,4,Z,insider,buyer,212.5,320.0,16,24,0.6521739130434783,135.0,-0.7209302325581395
m5,m5_random_0,0,5,20250767,4,Z,insider,buyer,212.5,320.0,17,24,0.6956521739130435,135.0,-0.7209302325581395
m5,m5_random_0,0,5,20250767,4,Z,insider,buyer,212.5,320.0,18,24,0.7391304347826086,135.0,-0.7209302325581395
m5,m5_random_0,0,5,20250767,4,Z,insider,buyer,212.5,320.0,19,24,0.782608695652174,135.0,-0.7209302325581395
m5,m5_random_0,0,5,20250767,4,Z,insider,buyer,212.5,320.0,20,24,0.8260869565217391,135.0,-0.7209302325581395
m5,m5_random_0,0,5,20250767,4,Z,insider,buyer,212.5,320.0,21,24,0.8695652173913043,135.0,-0.7209302325581395
m5,m5_random_0,0,5,20250767,4,Z,insider,buyer,212.5,320.0,22,24,0.9130434782608695,135.0,-0.7209302325581395
m5,m5_random_0,0,5,20250767,4,Z,insider,buyer,212.5,320.0,23,24,0.9565217391304348,135.0,-0.7209302325581395
m5,m5_random_0,0,5,20250767,4,Z,insider,buyer,212.5,320.0,24,24,1.0,200.0,-0.11627906976744186
m5,m5_random_0,0,5,20250767,5,Z,insider,buyer,212.5,320.0,1,20,0.0,250.0,0.3488372093023256
m5,m5_random_0,0,5,20250767,5,Z,insider,buyer,212.5,320.0,2,20,0.05263157894736842,240.0,0.2558139534883721
m5,m5_random_0,0,5,20250767,5,Z,insider,buyer,212.5,320.0,3,20,0.10526315789473684,260.0,0.4418604651162791
m5,m5_random_0,0,5,20250767,5,Z,insider,buyer,212.5,320.0,4,20,0.15789473684210525,260.0,0.4418604651162791
m5,m5_random_0,0,5,20250767,5,Z,insider,buyer,212.5,320.0,5,20,0.21052631578947367,260.0,0.4418604651162791
m5,m5_random_0,0,5,20250767,5,Z,insider,buyer,212.5,320.0,6,20,0.2631578947368421,260.0,0.4418604651162791
m5,m5_random_0,0,5,20250767,5,Z,insider,buyer,212.5,320.0,7,20,0.3157894736842105,260.0,0.4418604651162791
m5,m5_random_0,0,5,20250767,5,Z,insider,buyer,212.5,320.0,8,20,0.3684210526315789,260.0,0.4418604651162791
m5,m5_random_0,0,5,20250767,5,Z,insider,buyer,212.5,320.0,9,20,0.42105263157894735,260.0,0.4418604651162791
m5,m5_random_0,0,5,20250767,5,Z,insider,buyer,212.5,320.0,10,20,0.47368421052631576,260.0,0.4418604651162791
m5,m5_random_0,0,5,20250767,5,Z,insider,buyer,212.5,320.0,11,20,0.5263157894736842,260.0,0.4418604651162791
m5,m5_random_0,0,5,20250767,5,Z,insider,buyer,212.5,320.0,12,20,0.5789473684210527,261.0,0.4511627906976744
m5,m5_random_0,0,5,20250767,5,Z,insider,buyer,212.5,320.0,13,20,0.631578947368421,262.0,0.4604651162790698
m5,m5_random_0,0,5,20250767,5,Z,insider,buyer,212.5,320.0,14,20,0.6842105263157895,260.0,0.4418604651162791
m5,m5_random_0,0,5,20250767,5,Z,insider,buyer,212.5,320.0,15,20,0.7368421052631579,260.0,0.4418604651162791
m5,m5_random_0,0,5,20250767,5,Z,insider,buyer,212.5,320.0,16,20,0.7894736842105263,260.0,0.4418604651162791
m5,m5_random_0,0,5,20250767,5,Z,insider,buyer,212.5,320.0,17,20,0.8421052631578947,260.0,0.4418604651162791
m5,m5_random_0,0,5,20250767,5,Z,insider,buyer,212.5,320.0,18,20,0.8947368421052632,261.0,0.4511627906976744
m5,m5_random_0,0,5,20250767,5,Z,insider,buyer,212.5,320.0,19,20,0.9473684210526315,263.0,0.4697674418604651
m5,m5_random_0,0,5,20250767,5,Z,insider,buyer,212.5,320.0,20,20,1.0,260.0,0.4418604651162791
m5,m5_random_0,0,5,20250767,6,X,insider,seller,212.5,180.0,1,22,0.0,200.0,0.38461538461538464
m5,m5_random_0,0,5,20250767,6,X,insider,seller,212.5,180.0,2,22,0.047619047619047616,200.0,0.38461538461538464
m5,m5_random_0,0,5,20250767,6,X,insider,seller,212.5,180.0,3,22,0.09523809523809523,200.0,0.38461538461538464
m5,m5_random_0,0,5,20250767,6,X,insider,seller,212.5,180.0,4,22,0.14285714285714285,200.0,0.38461538461538464
m5,m5_random_0,0,5,20250767,6,X,insider,seller,212.5,180.0,5,22,0.19047619047619047,200.0,0.38461538461538464
m5,m5_random_0,0,5,20250767,6,X,insider,seller,212.5,180.0,6,22,0.23809523809523808,200.0,0.38461538461538464
m5,m5_random_0,0,5,20250767,6,X,insider,seller,212.5,180.0,7,22,0.2857142857142857,200.0,0.38461538461538464
m5,m5_random_0,0,5,20250767,6,X,insider,seller,212.5,180.0,8,22,0.3333333333333333,200.0,0.38461538461538464
m5,m5_random_0,0,5,20250767,6,X,insider,seller,212.5,180.0,9,22,0.38095238095238093,200.0,0.38461538461538464
m5,m5_random_0,0,5,20250767,6,X,insider,seller,212.5,180.0,10,22,0.42857142857142855,200.0,0.38461538461538464
m5,m5_random_0,0,5,20250767,6,X,insider,seller,212.5,180.0,11,22,0.47619047619047616,200.0,0.38461538461538464
m5,m5_random_0,0,5,20250767,6,X,insider,seller,212.5,180.0,12,22,0.5238095238095238,200.0,0.38461538461538464
m5,m5_random_0,0,5,20250767,6,X,insider,seller,212.5,180.0,13,22,0.5714285714285714,199.0,0.4153846153846154
m5,m5_random_0,0,5,20250767,6,X,insider,seller,212.5,180.0,14,22,0.6190476190476191,199.0,0.4153846153846154
m5,m5_random_0,0,5,20250767,6,X,insider,seller,212.5,180.0,15,22,0.6666666666666666,199.0,0.4153846153846154
m5,m5_random_0,0,5,20250767,6,X,insider,seller,212.5,180.0,16,22,0.7142857142857143,199.0,0.4153846153846154
m5,m5_random_0,0,5,20250767,6,X,insider,seller,212.5,180.0,17,22,0.7619047619047619,199.0,0.4153846153846154
m5,m5_random_0,0,5,20250767,6,X,insider,seller,212.5,180.0,18,22,0.8095238095238095,199.0,0.4153846153846154
m5,m5_random_0,0,5,20250767,6,X,insider,seller,212.5,180.0,19,22,0.8571428571428571,199.0,0.4153846153846154
m5,m5_random_0,0,5,20250767,6,X,insider,seller,212.5,180.0,20,22,0.9047619047619048,199.0,0.4153846153846154
m5,m5_random_0,0,5,20250767,6,X,insider,seller,212.5,180.0,21,22,0.9523809523809523,179.0,1.0307692307692307
m5,m5_random_0,0,5,20250767,6,X,insider,seller,212.5,180.0,22,22,1.0,179.0,1.0307692307692307
m5,m5_random_0,0,5,20250767,7,X,insider,seller,212.5,180.0,1,11,0.0,199.0,0.4153846153846154
m5,m5_random_0,0,5,20250767,7,X,insider,seller,212.5,180.0,2,11,0.1,179.0,1.0307692307692307
m5,m5_random_0,0,5,20250767,7,X,insider,seller,212.5,180.0,3,11,0.2,179.0,1.0307692307692307
m5,m5_random_0,0,5,20250767,7,X,insider,seller,212.5,180.0,4,11,0.3,179.0,1.0307692307692307
m5,m5_random_0,0,5,20250767,7,X,insider,seller,212.5,180.0,5,11,0.4,179.0,1.0307692307692307
m5,m5_random_0,0,5,20250767,7,X,insider,seller,212.5,180.0,6,11,0.5,179.0,1.0307692307692307
m5,m5_random_0,0,5,20250767,7,X,insider,seller,212.5,180.0,7,11,0.6,179.0,1.0307692307692307
m5,m5_random_0,0,5,20250767,7,X,insider,seller,212.5,180.0,8,11,0.7,179.0,1.0307692307692307
m5,m5_random_0,0,5,20250767,7,X,insider,seller,212.5,180.0,9,11,0.8,179.0,1.0307692307692307
m5,m5_random_0,0,5,20250767,7,X,insider,seller,212.5,180.0,10,11,0.9,179.0,1.0307692307692307
m5,m5_random_0,0,5,20250767,7,X,insider,seller,212.5,180.0,11,11,1.0,179.0,1.0307692307692307
m5,m5_random_0,0,5,20250767,8,Z,insider,buyer,212.5,320.0,1,23,0.0,159.0,-0.49767441860465117
m5,m5_random_0,0,5,20250767,8,Z,insider,buyer,212.5,320.0,2,23,0.045454545454545456,159.0,-0.49767441860465117
m5,m5_random_0,0,5,20250767,8,Z,insider,buyer,212.5,320.0,3,23,0.09090909090909091,160.0,-0.4883720930232558
m5,m5_random_0,0,5,20250767,8,Z,insider,buyer,212.5,320.0,4,23,0.13636363636363635,160.0,-0.4883720930232558
m5,m5_random_0,0,5,20250767,8,Z,insider,buyer,212.5,320.0,5,23,0.18181818181818182,161.0,-0.4790697674418605
m5,m5_random_0,0,5,20250767,8,Z,insider,buyer,212.5,320.0,6,23,0.22727272727272727,162.0,-0.4697674418604651
m5,m5_random_0,0,5,20250767,8,Z,insider,buyer,212.5,320.0,7,23,0.2727272727272727,162.0,-0.4697674418604651
m5,m5_random_0,0,5,20250767,8,Z,insider,buyer,212.5,320.0,8,23,0.3181818181818182,162.0,-0.4697674418604651
m5,m5_random_0,0,5,20250767,8,Z,insider,buyer,212.5,320.0,9,23,0.36363636363636365,159.0,-0.49767441860465117
m5,m5_random_0,0,5,20250767,8,Z,insider,buyer,212.5,320.0,10,23,0.4090909090909091,159.0,-0.49767441860465117
m5,m5_random_0,0,5,20250767,8,Z,insider,buyer,212.5,320.0,11,23,0.45454545454545453,159.0,-0.49767441860465117
m5,m5_random_0,0,5,20250767,8,Z,insider,buyer,212.5,320.0,12,23,0.5,159.0,-0.49767441860465117
m5,m5_random_0,0,5,20250767,8,Z,insider,buyer,212.5,320.0,13,23,0.5454545454545454,159.0,-0.49767441860465117
m5,m5_random_0,0,5,20250767,8,Z,insider,buyer,212.5,320.0,14,23,0.5909090909090909,165.0,-0.4418604651162791
m5,m5_random_0,0,5,20250767,8,Z,insider,buyer,212.5,320.0,15,23,0.6363636363636364,161.0,-0.4790697674418605
m5,m5_random_0,0,5,20250767,8,Z,insider,buyer,212.5,320.0,16,23,0.6818181818181818,161.0,-0.4790697674418605
m5,m5_random_0,0,5,20250767,8,Z,insider,buyer,212.5,320.0,17,23,0.7272727272727273,161.0,-0.4790697674418605
m5,m5_random_0,0,5,20250767,8,Z,insider,buyer,212.5,320.0,18,23,0.7727272727272727,161.0,-0.4790697674418605
m5,m5_random_0,0,5,20250767,8,Z,insider,buyer,212.5,320.0,19,23,0.8181818181818182,161.0,-0.4790697674418605
m5,m5_random_0,0,5,20250767,8,Z,insider,buyer,212.5,320.0,20,23,0.8636363636363636,170.0,-0.3953488372093023
m5,m5_random_0,0,5,20250767,8,Z,insider,buyer,212.5,320.0,21,23,0.9090909090909091,161.0,-0.4790697674418605
m5,m5_random_0,0,5,20250767,8,Z,insider,buyer,212.5,320.0,22,23,0.9545454545454546,165.0,-0.4418604651162791
m5,m5_random_0,0,5,20250767,8,Z,insider,buyer,212.5,320.0,23,23,1.0,161.0,-0.4790697674418605
m5,m5_random_0,0,5,20250767,9,Z,insider,buyer,212.5,320.0,1,22,0.0,159.0,-0.49767441860465117
m5,m5_random_0,0,5,20250767,9,Z,insider,buyer,212.5,320.0,2,22,0.047619047619047616,160.0,-0.4883720930232558
m5,m5_random_0,0,5,20250767,9,Z,insider,buyer,212.5,320.0,3,22,0.09523809523809523,200.0,-0.11627906976744186
m5,m5_random_0,0,5,20250767,9,Z,insider,buyer,212.5,320.0,4,22,0.14285714285714285,200.0,-0.11627906976744186
m5,m5_random_0,0,5,20250767,9,Z,insider,buyer,212.5,320.0,5,22,0.19047619047619047,200.0,-0.11627906976744186
m5,m5_random_0,0,5,20250767,9,Z,insider,buyer,212.5,320.0,6,22,0.23809523809523808,180.0,-0.3023255813953488
m5,m5_random_0,0,5,20250767,9,Z,insider,buyer,212.5,320.0,7,22,0.2857142857142857,180.0,-0.3023255813953488
m5,m5_random_0,0,5,20250767,9,Z,insider,buyer,212.5,320.0,8,22,0.3333333333333333,180.0,-0.3023255813953488
m5,m5_random_0,0,5,20250767,9,Z,insider,buyer,212.5,320.0,9,22,0.38095238095238093,180.0,-0.3023255813953488
m5,m5_random_0,0,5,20250767,9,Z,insider,buyer,212.5,320.0,10,22,0.42857142857142855,180.0,-0.3023255813953488
m5,m5_random_0,0,5,20250767,9,Z,insider,buyer,212.5,320.0,11,22,0.47619047619047616,179.0,-0.3116279069767442
m5,m5_random_0,0,5,20250767,9,Z,insider,buyer,212.5,320.0,12,22,0.5238095238095238,180.0,-0.3023255813953488
m5,m5_random_0,0,5,20250767,9,Z,insider,buyer,212.5,320.0,13,22,0.5714285714285714,180.0,-0.3023255813953488
m5,m5_random_0,0,5,20250767,9,Z,insider,buyer,212.5,320.0,14,22,0.6190476190476191,180.0,-0.3023255813953488
m5,m5_random_0,0,5,20250767,9,Z,insider,buyer,212.5,320.0,15,22,0.6666666666666666,179.0,-0.3116279069767442
m5,m5_random_0,0,5,20250767,9,Z,insider,buyer,212.5,320.0,16,22,0.7142857142857143,180.0,-0.3023255813953488
m5,m5_random_0,0,5,20250767,9,Z,insider,buyer,212.5,320.0,17,22,0.7619047619047619,159.0,-0.49767441860465117
m5,m5_random_0,0,5,20250767,9,Z,insider,buyer,212.5,320.0,18,22,0.8095238095238095,180.0,-0.3023255813953488
m5,m5_random_0,0,5,20250767,9,Z,insider,buyer,212.5,320.0,19,22,0.8571428571428571,180.0,-0.3023255813953488
m5,m5_random_0,0,5,20250767,9,Z,insider,buyer,212.5,320.0,20,22,0.9047619047619048,160.0,-0.4883720930232558
m5,m5_random_0,0,5,20250767,9,Z,insider,buyer,212.5,320.0,21,22,0.9523809523809523,160.0,-0.4883720930232558
m5,m5_random_0,0,5,20250767,9,Z,insider,buyer,212.5,320.0,22,22,1.0,160.0,-0.4883720930232558
m5,m5_random_0,0,5,20250767,10,X,insider,seller,212.5,180.0,1,18,0.0,180.0,1.0
m5,m5_random_0,0,5,20250767,10,X,insider,seller,212.5,180.0,2,18,0.058823529411764705,190.0,0.6923076923076923
m5,m5_random_0,0,5,20250767,10,X,insider,seller,212.5,180.0,3,18,0.11764705882352941,190.0,0.6923076923076923
m5,m5_random_0,0,5,20250767,10,X,insider,seller,212.5,180.0,4,18,0.17647058823529413,190.0,0.6923076923076923
m5,m5_random_0,0,5,20250767,10,X,insider,seller,212.5,180.0,5,18,0.23529411764705882,190.0,0.6923076923076923
m5,m5_random_0,0,5,20250767,10,X,insider,seller,212.5,180.0,6,18,0.29411764705882354,190.0,0.6923076923076923
m5,m5_random_0,0,5,20250767,10,X,insider,seller,212.5,180.0,7,18,0.35294117647058826,190.0,0.6923076923076923
m5,m5_random_0,0,5,20250767,10,X,insider,seller,212.5,180.0,8,18,0.4117647058823529,190.0,0.6923076923076923
m5,m5_random_0,0,5,20250767,10,X,insider,seller,212.5,180.0,9,18,0.47058823529411764,190.0,0.6923076923076923
m5,m5_random_0,0,5,20250767,10,X,insider,seller,212.5,180.0,10,18,0.5294117647058824,190.0,0.6923076923076923
m5,m5_random_0,0,5,20250767,10,X,insider,seller,212.5,180.0,11,18,0.5882352941176471,190.0,0.6923076923076923
m5,m5_random_0,0,5,20250767,10,X,insider,seller,212.5,180.0,12,18,0.6470588235294118,190.0,0.6923076923076923
m5,m5_random_0,0,5,20250767,10,X,insider,seller,212.5,180.0,13,18,0.7058823529411765,190.0,0.6923076923076923
m5,m5_random_0,0,5,20250767,10,X,insider,seller,212.5,180.0,14,18,0.7647058823529411,190.0,0.6923076923076923
m5,m5_random_0,0,5,20250767,10,X,insider,seller,212.5,180.0,15,18,0.8235294117647058,190.0,0.6923076923076923
m5,m5_random_0,0,5,20250767,10,X,insider,seller,212.5,180.0,16,18,0.8823529411764706,190.0,0.6923076923076923
m5,m5_random_0,0,5,20250767,10,X,insider,seller,212.5,180.0,17,18,0.9411764705882353,190.0,0.6923076923076923
m5,m5_random_0,0,5,20250767,10,X,insider,seller,212.5,180.0,18,18,1.0,190.0,0.6923076923076923
m5,m5_random_0,0,5,20250767,11,X,insider,seller,212.5,180.0,1,21,0.0,180.0,1.0
m5,m5_random_0,0,5,20250767,11,X,insider,seller,212.5,180.0,2,21,0.05,180.0,1.0
m5,m5_random_0,0,5,20250767,11,X,insider,seller,212.5,180.0,3,21,0.1,181.0,0.9692307692307692
m5,m5_random_0,0,5,20250767,11,X,insider,seller,212.5,180.0,4,21,0.15,180.0,1.0
m5,m5_random_0,0,5,20250767,11,X,insider,seller,212.5,180.0,5,21,0.2,180.0,1.0
m5,m5_random_0,0,5,20250767,11,X,insider,seller,212.5,180.0,6,21,0.25,180.0,1.0
m5,m5_random_0,0,5,20250767,11,X,insider,seller,212.5,180.0,7,21,0.3,180.0,1.0
m5,m5_random_0,0,5,20250767,11,X,insider,seller,212.5,180.0,8,21,0.35,179.0,1.0307692307692307
m5,m5_random_0,0,5,20250767,11,X,insider,seller,212.5,180.0,9,21,0.4,179.0,1.0307692307692307
m5,m5_random_0,0,5,20250767,11,X,insider,seller,212.5,180.0,10,21,0.45,179.0,1.0307692307692307
m5,m5_random_0,0,5,20250767,11,X,insider,seller,212.5,180.0,11,21,0.5,179.0,1.0307692307692307
m5,m5_random_0,0,5,20250767,11,X,insider,seller,212.5,180.0,12,21,0.55,179.0,1.0307692307692307
m5,m5_random_0,0,5,20250767,11,X,insider,seller,212.5,180.0,13,21,0.6,179.0,1.0307692307692307
m5,m5_random_0,0,5,20250767,11,X,insider,seller,212.5,180.0,14,21,0.65,179.0,1.0307692307692307
m5,m5_random_0,0,5,20250767,11,X,insider,seller,212.5,180.0,15,21,0.7,179.0,1.0307692307692307
m5,m5_random_0,0,5,20250767,11,X,insider,seller,212.5,180.0,16,21,0.75,179.0,1.0307692307692307
m5,m5_random_0,0,5,20250767,11,X,insider,seller,212.5,180.0,17,21,0.8,179.0,1.0307692307692307
m5,m5_random_0,0,5,20250767,11,X,insider,seller,212.5,180.0,18,21,0.85,179.0,1.0307692307692307
m5,m5_random_0,0,5,20250767,11,X,insider,seller,212.5,180.0,19,21,0.9,179.0,1.0307692307692307
m5,m5_random_0,0,5,20250767,11,X,insider,seller,212.5,180.0,20,21,0.95,179.0,1.0307692307692307
m5,m5_random_0,0,5,20250767,11,X,insider,seller,212.5,180.0,21,21,1.0,179.0,1.0307692307692307
m5,m5_random_0,0,5,20250767,12,X,insider,seller,212.5,180.0,1,18,0.0,179.0,1.0307692307692307
m5,m5_random_0,0,5,20250767,12,X,insider,seller,212.5,180.0,2,18,0.058823529411764705,179.0,1.0307692307692307
m5,m5_random_0,0,5,20250767,12,X,insider,seller,212.5,180.0,3,18,0.11764705882352941,179.0,1.0307692307692307
m5,m5_random_0,0,5,20250767,12,X,insider,seller,212.5,180.0,4,18,0.17647058823529413,179.0,1.0307692307692307
m5,m5_random_0,0,5,20250767,12,X,insider,seller,212.5,180.0,5,18,0.23529411764705882,179.0,1.0307692307692307
m5,m5_random_0,0,5,20250767,12,X,insider,seller,212.5,180.0,6,18,0.29411764705882354,179.0,1.0307692307692307
m5,m5_random_0,0,5,20250767,12,X,insider,seller,212.5,180.0,7,18,0.35294117647058826,179.0,1.0307692307692307
m5,m5_random_0,0,5,20250767,12,X,insider,seller,212.5,180.0,8,18,0.4117647058823529,179.0,1.0307692307692307
m5,m5_random_0,0,5,20250767,12,X,insider,seller,212.5,180.0,9,18,0.47058823529411764,179.0,1.0307692307692307
m5,m5_random_0,0,5,20250767,12,X,insider,seller,212.5,180.0,10,18,0.5294117647058824,179.0,1.0307692307692307
m5,m5_random_0,0,5,20250767,12,X,insider,seller,212.5,180.0,11,18,0.5882352941176471,179.0,1.0307692307692307
m5,m5_random_0,0,5,20250767,12,X,insider,seller,212.5,180.0,12,18,0.6470588235294118,179.0,1.0307692307692307
m5,m5_random_0,0,5,20250767,12,X,insider,seller,212.5,180.0,13,18,0.7058823529411765,179.0,1.0307692307692307
m5,m5_random_0,0,5,20250767,12,X,insider,seller,212.5,180.0,14,18,0.7647058823529411,179.0,1.0307692307692307
m5,m5_random_0,0,5,20250767,12,X,insider,seller,212.5,180.0,15,18,0.8235294117647058,179.0,1.0307692307692307
m5,m5_random_0,0,5,20250767,12,X,insider,seller,212.5,180.0,16,18,0.8823529411764706,179.0,1.0307692307692307
m5,m5_random_0,0,5,20250767,12,X,insider,seller,212.5,180.0,17,18,0.9411764705882353,179.0,1.0307692307692307
m5,m5_random_0,0,5,20250767,12,X,insider,seller,212.5,180.0,18,18,1.0,179.0,1.0307692307692307
m5,m5_random_0,0,5,20250767,13,X,insider,seller,212.5,180.0,1,20,0.0,180.0,1.0
m5,m5_random_0,0,5,20250767,13,X,insider,seller,212.5,180.0,2,20,0.05263157894736842,179.0,1.0307692307692307
m5,m5_random_0,0,5,20250767,13,X,insider,seller,212.5,180.0,3,20,0.10526315789473684,179.0,1.0307692307692307
m5,m5_random_0,0,5,20250767,13,X,insider,seller,212.5,180.0,4,20,0.15789473684210525,179.0,1.0307692307692307
m5,m5_random_0,0,5,20250767,13,X,insider,seller,212.5,180.0,5,20,0.21052631578947367,179.0,1.0307692307692307
m5,m5_random_0,0,5,20250767,13,X,insider,seller,212.5,180.0,6,20,0.2631578947368421,179.0,1.0307692307692307
m5,m5_random_0,0,5,20250767,13,X,insider,seller,212.5,180.0,7,20,0.3157894736842105,179.0,1.0307692307692307
m5,m5_random_0,0,5,20250767,13,X,insider,seller,212.5,180.0,8,20,0.3684210526315789,179.0,1.0307692307692307
m5,m5_random_0,0,5,20250767,13,X,insider,seller,212.5,180.0,9,20,0.42105263157894735,179.0,1.0307692307692307
m5,m5_random_0,0,5,20250767,13,X,insider,seller,212.5,180.0,10,20,0.47368421052631576,179.0,1.0307692307692307
m5,m5_random_0,0,5,20250767,13,X,insider,seller,212.5,180.0,11,20,0.5263157894736842,179.0,1.0307692307692307
m5,m5_random_0,0,5,20250767,13,X,insider,seller,212.5,180.0,12,20,0.5789473684210527,179.0,1.0307692307692307
m5,m5_random_0,0,5,20250767,13,X,insider,seller,212.5,180.0,13,20,0.631578947368421,179.0,1.0307692307692307
m5,m5_random_0,0,5,20250767,13,X,insider,seller,212.5,180.0,14,20,0.6842105263157895,179.0,1.0307692307692307
m5,m5_random_0,0,5,20250767,13,X,insider,seller,212.5,180.0,15,20,0.7368421052631579,179.0,1.0307692307692307
m5,m5_random_0,0,5,20250767,13,X,insider,seller,212.5,180.0,16,20,0.7894736842105263,179.0,1.0307692307692307
m5,m5_random_0,0,5,20250767,13,X,insider,seller,212.5,180.0,17,20,0.8421052631578947,179.0,1.0307692307692307
m5,m5_random_0,0,5,20250767,13,X,insider,seller,212.5,180.0,18,20,0.8947368421052632,179.0,1.0307692307692307
m5,m5_random_0,0,5,20250767,13,X,insider,seller,212.5,180.0,19,20,0.9473684210526315,179.0,1.0307692307692307
m5,m5_random_0,0,5,20250767,13,X,insider,seller,212.5,180.0,20,20,1.0,179.0,1.0307692307692307
m5,m5_random_1,0,5,20250768,4,Z,insider,buyer,212.5,320.0,1,19,0.0,160.0,-0.4883720930232558
m5,m5_random_1,0,5,20250768,4,Z,insider,buyer,212.5,320.0,2,19,0.05555555555555555,165.0,-0.4418604651162791
m5,m5_random_1,0,5,20250768,4,Z,insider,buyer,212.5,320.0,3,19,0.1111111111111111,165.0,-0.4418604651162791
m5,m5_random_1,0,5,20250768,4,Z,insider,buyer,212.5,320.0,4,19,0.16666666666666666,165.0,-0.4418604651162791
m5,m5_random_1,0,5,20250768,4,Z,insider,buyer,212.5,320.0,5,19,0.2222222222222222,170.0,-0.3953488372093023
m5,m5_random_1,0,5,20250768,4,Z,insider,buyer,212.5,320.0,6,19,0.2777777777777778,170.0,-0.3953488372093023
m5,m5_random_1,0,5,20250768,4,Z,insider,buyer,212.5,320.0,7,19,0.3333333333333333,170.0,-0.3953488372093023
m5,m5_random_1,0,5,20250768,4,Z,insider,buyer,212.5,320.0,8,19,0.3888888888888889,170.0,-0.3953488372093023
m5,m5_random_1,0,5,20250768,4,Z,insider,buyer,212.5,320.0,9,19,0.4444444444444444,170.0,-0.3953488372093023
m5,m5_random_1,0,5,20250768,4,Z,insider,buyer,212.5,320.0,10,19,0.5,170.0,-0.3953488372093023
m5,m5_random_1,0,5,20250768,4,Z,insider,buyer,212.5,320.0,11,19,0.5555555555555556,180.0,-0.3023255813953488
m5,m5_random_1,0,5,20250768,4,Z,insider,buyer,212.5,320.0,12,19,0.6111111111111112,179.0,-0.3116279069767442
m5,m5_random_1,0,5,20250768,4,Z,insider,buyer,212.5,320.0,13,19,0.6666666666666666,180.0,-0.3023255813953488
m5,m5_random_1,0,5,20250768,4,Z,insider,buyer,212.5,320.0,14,19,0.7222222222222222,170.0,-0.3953488372093023
m5,m5_random_1,0,5,20250768,4,Z,insider,buyer,212.5,320.0,15,19,0.7777777777777778,180.0,-0.3023255813953488
m5,m5_random_1,0,5,20250768,4,Z,insider,buyer,212.5,320.0,16,19,0.8333333333333334,200.0,-0.11627906976744186
m5,m5_random_1,0,5,20250768,4,Z,insider,buyer,212.5,320.0,17,19,0.8888888888888888,171.0,-0.386046511627907
m5,m5_random_1,0,5,20250768,4,Z,insider,buyer,212.5,320.0,18,19,0.9444444444444444,172.0,-0.3767441860465116
m5,m5_random_1,0,5,20250768,4,Z,insider,buyer,212.5,320.0,19,19,1.0,171.0,-0.386046511627907
m5,m5_random_1,0,5,20250768,5,Z,insider,buyer,212.5,320.0,1,18,0.0,250.0,0.3488372093023256
m5,m5_random_1,0,5,20250768,5,Z,insider,buyer,212.5,320.0,2,18,0.058823529411764705,250.0,0.3488372093023256
m5,m5_random_1,0,5,20250768,5,Z,insider,buyer,212.5,320.0,3,18,0.11764705882352941,250.0,0.3488372093023256
m5,m5_random_1,0,5,20250768,5,Z,insider,buyer,212.5,320.0,4,18,0.17647058823529413,250.0,0.3488372093023256
m5,m5_random_1,0,5,20250768,5,Z,insider,buyer,212.5,320.0,5,18,0.23529411764705882,250.0,0.3488372093023256
m5,m5_random_1,0,5,20250768,5,Z,insider,buyer,212.5,320.0,6,18,0.29411764705882354,250.0,0.3488372093023256
m5,m5_random_1,0,5,20250768,5,Z,insider,buyer,212.5,320.0,7,18,0.35294117647058826,250.0,0.3488372093023256
m5,m5_random_1,0,5,20250768,5,Z,insider,buyer,212.5,320.0,8,18,0.4117647058823529,250.0,0.3488372093023256
m5,m5_random_1,0,5,20250768,5,Z,insider,buyer,212.5,320.0,9,18,0.47058823529411764,250.0,0.3488372093023256
m5,m5_random_1,0,5,20250768,5,Z,insider,buyer,212.5,320.0,10,18,0.5294117647058824,250.0,0.3488372093023256
m5,m5_random_1,0,5,20250768,5,Z,insider,buyer,212.5,320.0,11,18,0.5882352941176471,250.0,0.3488372093023256
m5,m5_random_1,0,5,20250768,5,Z,insider,buyer,212.5,320.0,12,18,0.6470588235294118,250.0,0.3488372093023256
m5,m5_random_1,0,5,20250768,5,Z,insider,buyer,212.5,320.0,13,18,0.7058823529411765,250.0,0.3488372093023256
m5,m5_random_1,0,5,20250768,5,Z,insider,buyer,212.5,320.0,14,18,0.7647058823529411,250.0,0.3488372093023256
m5,m5_random_1,0,5,20250768,5,Z,insider,buyer,212.5,320.0,15,18,0.8235294117647058,250.0,0.3488372093023256
m5,m5_random_1,0,5,20250768,5,Z,insider,buyer,212.5,320.0,16,18,0.8823529411764706,250.0,0.3488372093023256
m5,m5_random_1,0,5,20250768,5,Z,insider,buyer,212.5,320.0,17,18,0.9411764705882353,250.0,0.3488372093023256
m5,m5_random_1,0,5,20250768,5,Z,insider,buyer,212.5,320.0,18,18,1.0,250.0,0.3488372093023256
m5,m5_random_1,0,5,20250768,6,Y,insider,buyer,212.5,245.0,1,19,0.0,200.0,-0.38461538461538464
m5,m5_random_1,0,5,20250768,6,Y,insider,buyer,212.5,245.0,2,19,0.05555555555555555,220.0,0.23076923076923078
m5,m5_random_1,0,5,20250768,6,Y,insider,buyer,212.5,245.0,3,19,0.1111111111111111,220.0,0.23076923076923078
m5,m5_random_1,0,5,20250768,6,Y,insider,buyer,212.5,245.0,4,19,0.16666666666666666,220.0,0.23076923076923078
m5,m5_random_1,0,5,20250768,6,Y,insider,buyer,212.5,245.0,5,19,0.2222222222222222,220.0,0.23076923076923078
m5,m5_random_1,0,5,20250768,6,Y,insider,buyer,212.5,245.0,6,19,0.2777777777777778,220.0,0.23076923076923078
m5,m5_random_1,0,5,20250768,6,Y,insider,buyer,212.5,245.0,7,19,0.3333333333333333,220.0,0.23076923076923078
m5,m5_random_1,0,5,20250768,6,Y,insider,buyer,212.5,245.0,8,19,0.3888888888888889,220.0,0.23076923076923078
m5,m5_random_1,0,5,20250768,6,Y,insider,buyer,212.5,245.0,9,19,0.4444444444444444,220.0,0.23076923076923078
m5,m5_random_1,0,5,20250768,6,Y,insider,buyer,212.5,245.0,10,19,0.5,220.0,0.23076923076923078
m5,m5_random_1,0,5,20250768,6,Y,insider,buyer,212.5,245.0,11,19,0.5555555555555556,220.0,0.23076923076923078
m5,m5_random_1,0,5,20250768,6,Y,insider,buyer,212.5,245.0,12,19,0.6111111111111112,220.0,0.23076923076923078
m5,m5_random_1,0,5,20250768,6,Y,insider,buyer,212.5,245.0,13,19,0.6666666666666666,220.0,0.23076923076923078
m5,m5_random_1,0,5,20250768,6,Y,insider,buyer,212.5,245.0,14,19,0.7222222222222222,220.0,0.23076923076923078
m5,m5_random_1,0,5,20250768,6,Y,insider,buyer,212.5,245.0,15,19,0.7777777777777778,220.0,0.23076923076923078
m5,m5_random_1,0,5,20250768,6,Y,insider,buyer,212.5,245.0,16,19,0.8333333333333334,220.0,0.23076923076923078
m5,m5_random_1,0,5,20250768,6,Y,insider,buyer,212.5,245.0,17,19,0.8888888888888888,220.0,0.23076923076923078
m5,m5_random_1,0,5,20250768,6,Y,insider,buyer,212.5,245.0,18,19,0.9444444444444444,220.0,0.23076923076923078
m5,m5_random_1,0,5,20250768,6,Y,insider,buyer,212.5,245.0,19,19,1.0,225.0,0.38461538461538464
m5,m5_random_1,0,5,20250768,7,Z,insider,buyer,212.5,320.0,1,26,0.0,220.0,0.06976744186046512
m5,m5_random_1,0,5,20250768,7,Z,insider,buyer,212.5,320.0,2,26,0.04,220.0,0.06976744186046512
m5,m5_random_1,0,5,20250768,7,Z,insider,buyer,212.5,320.0,3,26,0.08,220.0,0.06976744186046512
m5,m5_random_1,0,5,20250768,7,Z,insider,buyer,212.5,320.0,4,26,0.12,220.0,0.06976744186046512
m5,m5_random_1,0,5,20250768,7,Z,insider,buyer,212.5,320.0,5,26,0.16,250.0,0.3488372093023256
m5,m5_random_1,0,5,20250768,7,Z,insider,buyer,212.5,320.0,6,26,0.2,250.0,0.3488372093023256
m5,m5_random_1,0,5,20250768,7,Z,insider,buyer,212.5,320.0,7,26,0.24,250.0,0.3488372093023256
m5,m5_random_1,0,5,20250768,7,Z,insider,buyer,212.5,320.0,8,26,0.28,250.0,0.3488372093023256
m5,m5_random_1,0,5,20250768,7,Z,insider,buyer,212.5,320.0,9,26,0.32,260.0,0.4418604651162791
m5,m5_random_1,0,5,20250768,7,Z,insider,buyer,212.5,320.0,10,26,0.36,260.0,0.4418604651162791
m5,m5_random_1,0,5,20250768,7,Z,insider,buyer,212.5,320.0,11,26,0.4,260.0,0.4418604651162791
m5,m5_random_1,0,5,20250768,7,Z,insider,buyer,212.5,320.0,12,26,0.44,260.0,0.4418604651162791
m5,m5_random_1,0,5,20250768,7,Z,insider,buyer,212.5,320.0,13,26,0.48,270.0,0.5348837209302325
m5,m5_random_1,0,5,20250768,7,Z,insider,buyer,212.5,320.0,14,26,0.52,270.0,0.5348837209302325
m5,m5_random_1,0,5,20250768,7,Z,insider,buyer,212.5,320.0,15,26,0.56,270.0,0.5348837209302325
m5,m5_random_1,0,5,20250768,7,Z,insider,buyer,212.5,320.0,16,26,0.6,270.0,0.5348837209302325
m5,m5_random_1,0,5,20250768,7,Z,insider,buyer,212.5,320.0,17,26,0.64,270.0,0.5348837209302325
m5,m5_random_1,0,5,20250768,7,Z,insider,buyer,212.5,320.0,18,26,0.68,280.0,0.627906976744186
m5,m5_random_1,0,5,20250768,7,Z,insider,buyer,212.5,320.0,19,26,0.72,140.0,-0.6744186046511628
m5,m5_random_1,0,5,20250768,7,Z,insider,buyer,212.5,320.0,20,26,0.76,136.0,-0.7116279069767442
m5,m5_random_1,0,5,20250768,7,Z,insider,buyer,212.5,320.0,21,26,0.8,136.0,-0.7116279069767442
m5,m5_random_1,0,5,20250768,7,Z,insider,buyer,212.5,320.0,22,26,0.84,136.0,-0.7116279069767442
m5,m5_random_1,0,5,20250768,7,Z,insider,buyer,212.5,320.0,23,26,0.88,136.0,-0.7116279069767442
m5,m5_random_1,0,5,20250768,7,Z,insider,buyer,212.5,320.0,24,26,0.92,135.0,-0.7209302325581395
m5,m5_random_1,0,5,20250768,7,Z,insider,buyer,212.5,320.0,25,26,0.96,134.0,-0.7302325581395349
m5,m5_random_1,0,5,20250768,7,Z,insider,buyer,212.5,320.0,26,26,1.0,135.0,-0.7209302325581395
m5,m5_random_1,0,5,20250768,8,X,insider,seller,212.5,180.0,1,21,0.0,180.0,1.0
m5,m5_random_1,0,5,20250768,8,X,insider,seller,212.5,180.0,2,21,0.05,200.0,0.38461538461538464
m5,m5_random_1,0,5,20250768,8,X,insider,seller,212.5,180.0,3,21,0.1,200.0,0.38461538461538464
m5,m5_random_1,0,5,20250768,8,X,insider,seller,212.5,180.0,4,21,0.15,200.0,0.38461538461538464
m5,m5_random_1,0,5,20250768,8,X,insider,seller,212.5,180.0,5,21,0.2,200.0,0.38461538461538464
m5,m5_random_1,0,5,20250768,8,X,insider,seller,212.5,180.0,6,21,0.25,200.0,0.38461538461538464
m5,m5_random_1,0,5,20250768,8,X,insider,seller,212.5,180.0,7,21,0.3,199.0,0.4153846153846154
m5,m5_random_1,0,5,20250768,8,X,insider,seller,212.5,180.0,8,21,0.35,199.0,0.4153846153846154
m5,m5_random_1,0,5,20250768,8,X,insider,seller,212.5,180.0,9,21,0.4,198.0,0.4461538461538462
m5,m5_random_1,0,5,20250768,8,X,insider,seller,212.5,180.0,10,21,0.45,198.0,0.4461538461538462
m5,m5_random_1,0,5,20250768,8,X,insider,seller,212.5,180.0,11,21,0.5,198.0,0.4461538461538462
m5,m5_random_1,0,5,20250768,8,X,insider,seller,212.5,180.0,12,21,0.55,198.0,0.4461538461538462
m5,m5_random_1,0,5,20250768,8,X,insider,seller,212.5,180.0,13,21,0.6,198.0,0.4461538461538462
m5,m5_random_1,0,5,20250768,8,X,insider,seller,212.5,180.0,14,21,0.65,198.0,0.4461538461538462
m5,m5_random_1,0,5,20250768,8,X,insider,seller,212.5,180.0,15,21,0.7,198.0,0.4461538461538462
m5,m5_random_1,0,5,20250768,8,X,insider,seller,212.5,180.0,16,21,0.75,198.0,0.4461538461538462
m5,m5_random_1,0,5,20250768,8,X,insider,seller,212.5,180.0,17,21,0.8,198.0,0.4461538461538462
m5,m5_random_1,0,5,20250768,8,X,insider,seller,212.5,180.0,18,21,0.85,198.0,0.4461538461538462
m5,m5_random_1,0,5,20250768,8,X,insider,seller,212.5,180.0,19,21,0.9,198.0,0.4461538461538462
m5,m5_random_1,0,5,20250768,8,X,insider,seller,212.5,180.0,20,21,0.95,198.0,0.4461538461538462
m5,m5_random_1,0,5,20250768,8,X,insider,seller,212.5,180.0,21,21,1.0,198.0,0.4461538461538462
m5,m5_random_1,0,5,20250768,9,Y,insider,buyer,212.5,245.0,1,25,0.0,180.0,-1.0
m5,m5_random_1,0,5,20250768,9,Y,insider,buyer,212.5,245.0,2,25,0.041666666666666664,200.0,-0.38461538461538464
m5,m5_random_1,0,5,20250768,9,Y,insider,buyer,212.5,245.0,3,25,0.08333333333333333,190.0,-0.6923076923076923
m5,m5_random_1,0,5,20250768,9,Y,insider,buyer,212.5,245.0,4,25,0.125,200.0,-0.38461538461538464
m5,m5_random_1,0,5,20250768,9,Y,insider,buyer,212.5,245.0,5,25,0.16666666666666666,200.0,-0.38461538461538464
m5,m5_random_1,0,5,20250768,9,Y,insider,buyer,212.5,245.0,6,25,0.20833333333333334,200.0,-0.38461538461538464
m5,m5_random_1,0,5,20250768,9,Y,insider,buyer,212.5,245.0,7,25,0.25,200.0,-0.38461538461538464
m5,m5_random_1,0,5,20250768,9,Y,insider,buyer,212.5,245.0,8,25,0.2916666666666667,200.0,-0.38461538461538464
m5,m5_random_1,0,5,20250768,9,Y,insider,buyer,212.5,245.0,9,25,0.3333333333333333,200.0,-0.38461538461538464
m5,m5_random_1,0,5,20250768,9,Y,insider,buyer,212.5,245.0,10,25,0.375,200.0,-0.38461538461538464
m5,m5_random_1,0,5,20250768,9,Y,insider,buyer,212.5,245.0,11,25,0.4166666666666667,200.0,-0.38461538461538464
m5,m5_random_1,0,5,20250768,9,Y,insider,buyer,212.5,245.0,12,25,0.4583333333333333,200.0,-0.38461538461538464
m5,m5_random_1,0,5,20250768,9,Y,insider,buyer,212.5,245.0,13,25,0.5,200.0,-0.38461538461538464
m5,m5_random_1,0,5,20250768,9,Y,insider,buyer,212.5,245.0,14,25,0.5416666666666666,200.0,-0.38461538461538464
m5,m5_random_1,0,5,20250768,9,Y,insider,buyer,212.5,245.0,15,25,0.5833333333333334,200.0,-0.38461538461538464
m5,m5_random_1,0,5,20250768,9,Y,insider,buyer,212.5,245.0,16,25,0.625,200.0,-0.38461538461538464
m5,m5_random_1,0,5,20250768,9,Y,insider,buyer,212.5,245.0,17,25,0.6666666666666666,200.0,-0.38461538461538464
m5,m5_random_1,0,5,20250768,9,Y,insider,buyer,212.5,245.0,18,25,0.7083333333333334,200.0,-0.38461538461538464
m5,m5_random_1,0,5,20250768,9,Y,insider,buyer,212.5,245.0,19,25,0.75,200.0,-0.38461538461538464
m5,m5_random_1,0,5,20250768,9,Y,insider,buyer,212.5,245.0,20,25,0.7916666666666666,200.0,-0.38461538461538464
m5,m5_random_1,0,5,20250768,9,Y,insider,buyer,212.5,245.0,21,25,0.8333333333333334,200.0,-0.38461538461538464
m5,m5_random_1,0,5,20250768,9,Y,insider,buyer,212.5,245.0,22,25,0.875,166.0,-1.4307692307692308
m5,m5_random_1,0,5,20250768,9,Y,insider,buyer,212.5,245.0,23,25,0.9166666666666666,166.0,-1.4307692307692308
m5,m5_random_1,0,5,20250768,9,Y,insider,buyer,212.5,245.0,24,25,0.9583333333333334,200.0,-0.38461538461538464
m5,m5_random_1,0,5,20250768,9,Y,insider,buyer,212.5,245.0,25,25,1.0,200.0,-0.38461538461538464
m5,m5_random_1,0,5,20250768,10,X,insider,seller,212.5,180.0,1,9,0.0,150.0,1.9230769230769231
m5,m5_random_1,0,5,20250768,10,X,insider,seller,212.5,180.0,2,9,0.125,195.0,0.5384615384615384
m5,m5_random_1,0,5,20250768,10,X,insider,seller,212.5,180.0,3,9,0.25,192.0,0.6307692307692307
m5,m5_random_1,0,5,20250768,10,X,insider,seller,212.5,180.0,4,9,0.375,192.0,0.6307692307692307
m5,m5_random_1,0,5,20250768,10,X,insider,seller,212.5,180.0,5,9,0.5,190.0,0.6923076923076923
m5,m5_random_1,0,5,20250768,10,X,insider,seller,212.5,180.0,6,9,0.625,180.0,1.0
m5,m5_random_1,0,5,20250768,10,X,insider,seller,212.5,180.0,7,9,0.75,179.0,1.0307692307692307
m5,m5_random_1,0,5,20250768,10,X,insider,seller,212.5,180.0,8,9,0.875,179.0,1.0307692307692307
m5,m5_random_1,0,5,20250768,10,X,insider,seller,212.5,180.0,9,9,1.0,179.0,1.0307692307692307
m5,m5_random_1,0,5,20250768,11,Z,insider,buyer,212.5,320.0,1,23,0.0,200.0,-0.11627906976744186
m5,m5_random_1,0,5,20250768,11,Z,insider,buyer,212.5,320.0,2,23,0.045454545454545456,200.0,-0.11627906976744186
m5,m5_random_1,0,5,20250768,11,Z,insider,buyer,212.5,320.0,3,23,0.09090909090909091,200.0,-0.11627906976744186
m5,m5_random_1,0,5,20250768,11,Z,insider,buyer,212.5,320.0,4,23,0.13636363636363635,200.0,-0.11627906976744186
m5,m5_random_1,0,5,20250768,11,Z,insider,buyer,212.5,320.0,5,23,0.18181818181818182,200.0,-0.11627906976744186
m5,m5_random_1,0,5,20250768,11,Z,insider,buyer,212.5,320.0,6,23,0.22727272727272727,200.0,-0.11627906976744186
m5,m5_random_1,0,5,20250768,11,Z,insider,buyer,212.5,320.0,7,23,0.2727272727272727,200.0,-0.11627906976744186
m5,m5_random_1,0,5,20250768,11,Z,insider,buyer,212.5,320.0,8,23,0.3181818181818182,200.0,-0.11627906976744186
m5,m5_random_1,0,5,20250768,11,Z,insider,buyer,212.5,320.0,9,23,0.36363636363636365,200.0,-0.11627906976744186
m5,m5_random_1,0,5,20250768,11,Z,insider,buyer,212.5,320.0,10,23,0.4090909090909091,200.0,-0.11627906976744186
m5,m5_random_1,0,5,20250768,11,Z,insider,buyer,212.5,320.0,11,23,0.45454545454545453,200.0,-0.11627906976744186
m5,m5_random_1,0,5,20250768,11,Z,insider,buyer,212.5,320.0,12,23,0.5,200.0,-0.11627906976744186
m5,m5_random_1,0,5,20250768,11,Z,insider,buyer,212.5,320.0,13,23,0.5454545454545454,200.0,-0.11627906976744186
m5,m5_random_1,0,5,20250768,11,Z,insider,buyer,212.5,320.0,14,23,0.5909090909090909,200.0,-0.11627906976744186
m5,m5_random_1,0,5,20250768,11,Z,insider,buyer,212.5,320.0,15,23,0.6363636363636364,200.0,-0.11627906976744186
m5,m5_random_1,0,5,20250768,11,Z,insider,buyer,212.5,320.0,16,23,0.6818181818181818,200.0,-0.11627906976744186
m5,m5_random_1,0,5,20250768,11,Z,insider,buyer,212.5,320.0,17,23,0.7272727272727273,159.0,-0.49767441860465117
m5,m5_random_1,0,5,20250768,11,Z,insider,buyer,212.5,320.0,18,23,0.7727272727272727,159.0,-0.49767441860465117
m5,m5_random_1,0,5,20250768,11,Z,insider,buyer,212.5,320.0,19,23,0.8181818181818182,200.0,-0.11627906976744186
m5,m5_random_1,0,5,20250768,11,Z,insider,buyer,212.5,320.0,20,23,0.8636363636363636,169.0,-0.4046511627906977
m5,m5_random_1,0,5,20250768,11,Z,insider,buyer,212.5,320.0,21,23,0.9090909090909091,159.0,-0.49767441860465117
m5,m5_random_1,0,5,20250768,11,Z,insider,buyer,212.5,320.0,22,23,0.9545454545454546,160.0,-0.4883720930232558
m5,m5_random_1,0,5,20250768,11,Z,insider,buyer,212.5,320.0,23,23,1.0,170.0,-0.3953488372093023
m5,m5_random_1,0,5,20250768,12,Z,insider,buyer,212.5,320.0,1,20,0.0,250.0,0.3488372093023256
m5,m5_random_1,0,5,20250768,12,Z,insider,buyer,212.5,320.0,2,20,0.05263157894736842,250.0,0.3488372093023256
m5,m5_random_1,0,5,20250768,12,Z,insider,buyer,212.5,320.0,3,20,0.10526315789473684,250.0,0.3488372093023256
m5,m5_random_1,0,5,20250768,12,Z,insider,buyer,212.5,320.0,4,20,0.15789473684210525,250.0,0.3488372093023256
m5,m5_random_1,0,5,20250768,12,Z,insider,buyer,212.5,320.0,5,20,0.21052631578947367,250.0,0.3488372093023256
m5,m5_random_1,0,5,20250768,12,Z,insider,buyer,212.5,320.0,6,20,0.2631578947368421,250.0,0.3488372093023256
m5,m5_random_1,0,5,20250768,12,Z,insider,buyer,212.5,320.0,7,20,0.3157894736842105,250.0,0.3488372093023256
m5,m5_random_1,0,5,20250768,12,Z,insider,buyer,212.5,320.0,8,20,0.3684210526315789,250.0,0.3488372093023256
m5,m5_random_1,0,5,20250768,12,Z,insider,buyer,212.5,320.0,9,20,0.42105263157894735,250.0,0.3488372093023256
m5,m5_random_1,0,5,20250768,12,Z,insider,buyer,212.5,320.0,10,20,0.47368421052631576,250.0,0.3488372093023256
m5,m5_random_1,0,5,20250768,12,Z,insider,buyer,212.5,320.0,11,20,0.5263157894736842,250.0,0.3488372093023256
m5,m5_random_1,0,5,20250768,12,Z,insider,buyer,212.5,320.0,12,20,0.5789473684210527,250.0,0.3488372093023256
m5,m5_random_1,0,5,20250768,12,Z,insider,buyer,212.5,320.0,13,20,0.631578947368421,250.0,0.3488372093023256
m5,m5_random_1,0,5,20250768,12,Z,insider,buyer,212.5,320.0,14,20,0.6842105263157895,250.0,0.3488372093023256
m5,m5_random_1,0,5,20250768,12,Z,insider,buyer,212.5,320.0,15,20,0.7368421052631579,250.0,0.3488372093023256
m5,m5_random_1,0,5,20250768,12,Z,insider,buyer,212.5,320.0,16,20,0.7894736842105263,250.0,0.3488372093023256
m5,m5_random_1,0,5,20250768,12,Z,insider,buyer,212.5,320.0,17,20,0.8421052631578947,250.0,0.3488372093023256
m5,m5_random_1,0,5,20250768,12,Z,insider,buyer,212.5,320.0,18,20,0.8947368421052632,250.0,0.3488372093023256
m5,m5_random_1,0,5,20250768,12,Z,insider,buyer,212.5,320.0,19,20,0.9473684210526315,250.0,0.3488372093023256
m5,m5_random_1,0,5,20250768,12,Z,insider,buyer,212.5,320.0,20,20,1.0,250.0,0.3488372093023256
m5,m5_random_1,0,5,20250768,13,Y,insider,buyer,212.5,245.0,1,21,0.0,210.0,-0.07692307692307693
m5,m5_random_1,0,5,20250768,13,Y,insider,buyer,212.5,245.0,2,21,0.05,210.0,-0.07692307692307693
m5,m5_random_1,0,5,20250768,13,Y,insider,buyer,212.5,245.0,3,21,0.1,210.0,-0.07692307692307693
m5,m5_random_1,0,5,20250768,13,Y,insider,buyer,212.5,245.0,4,21,0.15,210.0,-0.07692307692307693
m5,m5_random_1,0,5,20250768,13,Y,insider,buyer,212.5,245.0,5,21,0.2,210.0,-0.07692307692307693
m5,m5_random_1,0,5,20250768,13,Y,insider,buyer,212.5,245.0,6,21,0.25,210.0,-0.07692307692307693
m5,m5_random_1,0,5,20250768,13,Y,insider,buyer,212.5,245.0,7,21,0.3,210.0,-0.07692307692307693
m5,m5_random_1,0,5,20250768,13,Y,insider,buyer,212.5,245.0,8,21,0.35,210.0,-0.07692307692307693
m5,m5_random_1,0,5,20250768,13,Y,insider,buyer,212.5,245.0,9,21,0.4,210.0,-0.07692307692307693
m5,m5_random_1,0,5,20250768,13,Y,insider,buyer,212.5,245.0,10,21,0.45,210.0,-0.07692307692307693
m5,m5_random_1,0,5,20250768,13,Y,insider,buyer,212.5,245.0,11,21,0.5,210.0,-0.07692307692307693
m5,m5_random_1,0,5,20250768,13,Y,insider,buyer,212.5,245.0,12,21,0.55,210.0,-0.07692307692307693
m5,m5_random_1,0,5,20250768,13,Y,insider,buyer,212.5,245.0,13,21,0.6,210.0,-0.07692307692307693
m5,m5_random_1,0,5,20250768,13,Y,insider,buyer,212.5,245.0,14,21,0.65,210.0,-0.07692307692307693
m5,m5_random_1,0,5,20250768,13,Y,insider,buyer,212.5,245.0,15,21,0.7,210.0,-0.07692307692307693
m5,m5_random_1,0,5,20250768,13,Y,insider,buyer,212.5,245.0,16,21,0.75,210.0,-0.07692307692307693
m5,m5_random_1,0,5,20250768,13,Y,insider,buyer,212.5,245.0,17,21,0.8,169.0,-1.3384615384615384
m5,m5_random_1,0,5,20250768,13,Y,insider,buyer,212.5,245.0,18,21,0.85,200.0,-0.38461538461538464
m5,m5_random_1,0,5,20250768,13,Y,insider,buyer,212.5,245.0,19,21,0.9,210.0,-0.07692307692307693
m5,m5_random_1,0,5,20250768,13,Y,insider,buyer,212.5,245.0,20,21,0.95,221.0,0.26153846153846155
m5,m5_random_1,0,5,20250768,13,Y,insider,buyer,212.5,245.0,21,21,1.0,220.0,0.23076923076923078
m5,m5_random_2,0,5,20250769,4,X,insider,seller,212.5,180.0,1,21,0.0,170.0,1.3076923076923077
m5,m5_random_2,0,5,20250769,4,X,insider,seller,212.5,180.0,2,21,0.05,170.0,1.3076923076923077
m5,m5_random_2,0,5,20250769,4,X,insider,seller,212.5,180.0,3,21,0.1,170.0,1.3076923076923077
m5,m5_random_2,0,5,20250769,4,X,insider,seller,212.5,180.0,4,21,0.15,170.0,1.3076923076923077
m5,m5_random_2,0,5,20250769,4,X,insider,seller,212.5,180.0,5,21,0.2,180.0,1.0
m5,m5_random_2,0,5,20250769,4,X,insider,seller,212.5,180.0,6,21,0.25,180.0,1.0
m5,m5_random_2,0,5,20250769,4,X,insider,seller,212.5,180.0,7,21,0.3,170.0,1.3076923076923077
m5,m5_random_2,0,5,20250769,4,X,insider,seller,212.5,180.0,8,21,0.35,180.0,1.0
m5,m5_random_2,0,5,20250769,4,X,insider,seller,212.5,180.0,9,21,0.4,170.0,1.3076923076923077
m5,m5_random_2,0,5,20250769,4,X,insider,seller,212.5,180.0,10,21,0.45,150.0,1.9230769230769231
m5,m5_random_2,0,5,20250769,4,X,insider,seller,212.5,180.0,11,21,0.5,180.0,1.0
m5,m5_random_2,0,5,20250769,4,X,insider,seller,212.5,180.0,12,21,0.55,180.0,1.0
m5,m5_random_2,0,5,20250769,4,X,insider,seller,212.5,180.0,13,21,0.6,175.0,1.1538461538461537
m5,m5_random_2,0,5,20250769,4,X,insider,seller,212.5,180.0,14,21,0.65,175.0,1.1538461538461537
m5,m5_random_2,0,5,20250769,4,X,insider,seller,212.5,180.0,15,21,0.7,170.0,1.3076923076923077
m5,m5_random_2,0,5,20250769,4,X,insider,seller,212.5,180.0,16,21,0.75,180.0,1.0
m5,m5_random_2,0,5,20250769,4,X,insider,seller,212.5,180.0,17,21,0.8,150.0,1.9230769230769231
m5,m5_random_2,0,5,20250769,4,X,insider,seller,212.5,180.0,18,21,0.85,170.0,1.3076923076923077
m5,m5_random_2,0,5,20250769,4,X,insider,seller,212.5,180.0,19,21,0.9,180.0,1.0
m5,m5_random_2,0,5,20250769,4,X,insider,seller,212.5,180.0,20,21,0.95,170.0,1.3076923076923077
m5,m5_random_2,0,5,20250769,4,X,insider,seller,212.5,180.0,21,21,1.0,180.0,1.0
m5,m5_random_2,0,5,20250769,5,Z,insider,buyer,212.5,320.0,1,18,0.0,150.0,-0.5813953488372093
m5,m5_random_2,0,5,20250769,5,Z,insider,buyer,212.5,320.0,2,18,0.058823529411764705,150.0,-0.5813953488372093
m5,m5_random_2,0,5,20250769,5,Z,insider,buyer,212.5,320.0,3,18,0.11764705882352941,150.0,-0.5813953488372093
m5,m5_random_2,0,5,20250769,5,Z,insider,buyer,212.5,320.0,4,18,0.17647058823529413,150.0,-0.5813953488372093
m5,m5_random_2,0,5,20250769,5,Z,insider,buyer,212.5,320.0,5,18,0.23529411764705882,150.0,-0.5813953488372093
m5,m5_random_2,0,5,20250769,5,Z,insider,buyer,212.5,320.0,6,18,0.29411764705882354,151.0,-0.5720930232558139
m5,m5_random_2,0,5,20250769,5,Z,insider,buyer,212.5,320.0,7,18,0.35294117647058826,153.0,-0.5534883720930233
m5,m5_random_2,0,5,20250769,5,Z,insider,buyer,212.5,320.0,8,18,0.4117647058823529,153.0,-0.5534883720930233
m5,m5_random_2,0,5,20250769,5,Z,insider,buyer,212.5,320.0,9,18,0.47058823529411764,153.0,-0.5534883720930233
m5,m5_random_2,0,5,20250769,5,Z,insider,buyer,212.5,320.0,10,18,0.5294117647058824,153.0,-0.5534883720930233
m5,m5_random_2,0,5,20250769,5,Z,insider,buyer,212.5,320.0,11,18,0.5882352941176471,153.0,-0.5534883720930233
m5,m5_random_2,0,5,20250769,5,Z,insider,buyer,212.5,320.0,12,18,0.6470588235294118,200.0,-0.11627906976744186
m5,m5_random_2,0,5,20250769,5,Z,insider,buyer,212.5,320.0,13,18,0.7058823529411765,200.0,-0.11627906976744186
m5,m5_random_2,0,5,20250769,5,Z,insider,buyer,212.5,320.0,14,18,0.7647058823529411,200.0,-0.11627906976744186
m5,m5_random_2,0,5,20250769,5,Z,insider,buyer,212.5,320.0,15,18,0.8235294117647058,200.0,-0.11627906976744186
m5,m5_random_2,0,5,20250769,5,Z,insider,buyer,212.5,320.0,16,18,0.8823529411764706,155.0,-0.5348837209302325
m5,m5_random_2,0,5,20250769,5,Z,insider,buyer,212.5,320.0,17,18,0.9411764705882353,170.0,-0.3953488372093023
m5,m5_random_2,0,5,20250769,5,Z,insider,buyer,212.5,320.0,18,18,1.0,170.0,-0.3953488372093023
m5,m5_random_2,0,5,20250769,6,Z,insider,buyer,212.5,320.0,1,17,0.0,180.0,-0.3023255813953488
m5,m5_random_2,0,5,20250769,6,Z,insider,buyer,212.5,320.0,2,17,0.0625,180.0,-0.3023255813953488
m5,m5_random_2,0,5,20250769,6,Z,insider,buyer,212.5,320.0,3,17,0.125,180.0,-0.3023255813953488
m5,m5_random_2,0,5,20250769,6,Z,insider,buyer,212.5,320.0,4,17,0.1875,180.0,-0.3023255813953488
m5,m5_random_2,0,5,20250769,6,Z,insider,buyer,212.5,320.0,5,17,0.25,180.0,-0.3023255813953488
m5,m5_random_2,0,5,20250769,6,Z,insider,buyer,212.5,320.0,6,17,0.3125,180.0,-0.3023255813953488
m5,m5_random_2,0,5,20250769,6,Z,insider,buyer,212.5,320.0,7,17,0.375,180.0,-0.3023255813953488
m5,m5_random_2,0,5,20250769,6,Z,insider,buyer,212.5,320.0,8,17,0.4375,180.0,-0.3023255813953488
m5,m5_random_2,0,5,20250769,6,Z,insider,buyer,212.5,320.0,9,17,0.5,180.0,-0.3023255813953488
m5,m5_random_2,0,5,20250769,6,Z,insider,buyer,212.5,320.0,10,17,0.5625,180.0,-0.3023255813953488
m5,m5_random_2,0,5,20250769,6,Z,insider,buyer,212.5,320.0,11,17,0.625,180.0,-0.3023255813953488
m5,m5_random_2,0,5,20250769,6,Z,insider,buyer,212.5,320.0,12,17,0.6875,180.0,-0.3023255813953488
m5,m5_random_2,0,5,20250769,6,Z,insider,buyer,212.5,320.0,13,17,0.75,180.0,-0.3023255813953488
m5,m5_random_2,0,5,20250769,6,Z,insider,buyer,212.5,320.0,14,17,0.8125,180.0,-0.3023255813953488
m5,m5_random_2,0,5,20250769,6,Z,insider,buyer,212.5,320.0,15,17,0.875,180.0,-0.3023255813953488
m5,m5_random_2,0,5,20250769,6,Z,insider,buyer,212.5,320.0,16,17,0.9375,180.0,-0.3023255813953488
m5,m5_random_2,0,5,20250769,6,Z,insider,buyer,212.5,320.0,17,17,1.0,180.0,-0.3023255813953488
m5,m5_random_2,0,5,20250769,7,X,insider,seller,212.5,180.0,1,23,0.0,150.0,1.9230769230769231
m5,m5_random_2,0,5,20250769,7,X,insider,seller,212.5,180.0,2,23,0.045454545454545456,160.0,1.6153846153846154
m5,m5_random_2,0,5,20250769,7,X,insider,seller,212.5,180.0,3,23,0.09090909090909091,160.0,1.6153846153846154
m5,m5_random_2,0,5,20250769,7,X,insider,seller,212.5,180.0,4,23,0.13636363636363635,170.0,1.3076923076923077
m5,m5_random_2,0,5,20250769,7,X,insider,seller,212.5,180.0,5,23,0.18181818181818182,175.0,1.1538461538461537
m5,m5_random_2,0,5,20250769,7,X,insider,seller,212.5,180.0,6,23,0.22727272727272727,180.0,1.0
m5,m5_random_2,0,5,20250769,7,X,insider,seller,212.5,180.0,7,23,0.2727272727272727,180.0,1.0
m5,m5_random_2,0,5,20250769,7,X,insider,seller,212.5,180.0,8,23,0.3181818181818182,180.0,1.0
m5,m5_random_2,0,5,20250769,7,X,insider,seller,212.5,180.0,9,23,0.36363636363636365,180.0,1.0
m5,m5_random_2,0,5,20250769,7,X,insider,seller,212.5,180.0,10,23,0.4090909090909091,180.0,1.0
m5,m5_random_2,0,5,20250769,7,X,insider,seller,212.5,180.0,11,23,0.45454545454545453,180.0,1.0
m5,m5_random_2,0,5,20250769,7,X,insider,seller,212.5,180.0,12,23,0.5,180.0,1.0
m5,m5_random_2,0,5,20250769,7,X,insider,seller,212.5,180.0,13,23,0.5454545454545454,179.0,1.0307692307692307
m5,m5_random_2,0,5,20250769,7,X,insider,seller,212.5,180.0,14,23,0.5909090909090909,180.0,1.0
m5,m5_random_2,0,5,20250769,7,X,insider,seller,212.5,180.0,15,23,0.6363636363636364,179.0,1.0307692307692307
m5,m5_random_2,0,5,20250769,7,X,insider,seller,212.5,180.0,16,23,0.6818181818181818,150.0,1.9230769230769231
m5,m5_random_2,0,5,20250769,7,X,insider,seller,212.5,180.0,17,23,0.7272727272727273,151.0,1.8923076923076922
m5,m5_random_2,0,5,20250769,7,X,insider,seller,212.5,180.0,18,23,0.7727272727272727,170.0,1.3076923076923077
m5,m5_random_2,0,5,20250769,7,X,insider,seller,212.5,180.0,19,23,0.8181818181818182,160.0,1.6153846153846154
m5,m5_random_2,0,5,20250769,7,X,insider,seller,212.5,180.0,20,23,0.8636363636363636,151.0,1.8923076923076922
m5,m5_random_2,0,5,20250769,7,X,insider,seller,212.5,180.0,21,23,0.9090909090909091,151.0,1.8923076923076922
m5,m5_random_2,0,5,20250769,7,X,insider,seller,212.5,180.0,22,23,0.9545454545454546,151.0,1.8923076923076922
m5,m5_random_2,0,5,20250769,7,X,insider,seller,212.5,180.0,23,23,1.0,152.0,1.8615384615384616
m5,m5_random_2,0,5,20250769,8,Y,insider,buyer,212.5,245.0,1,23,0.0,180.0,-1.0
m5,m5_random_2,0,5,20250769,8,Y,insider,buyer,212.5,245.0,2,23,0.045454545454545456,180.0,-1.0
m5,m5_random_2,0,5,20250769,8,Y,insider,buyer,212.5,245.0,3,23,0.09090909090909091,180.0,-1.0
m5,m5_random_2,0,5,20250769,8,Y,insider,buyer,212.5,245.0,4,23,0.13636363636363635,180.0,-1.0
m5,m5_random_2,0,5,20250769,8,Y,insider,buyer,212.5,245.0,5,23,0.18181818181818182,180.0,-1.0
m5,m5_random_2,0,5,20250769,8,Y,insider,buyer,212.5,245.0,6,23,0.22727272727272727,180.0,-1.0
m5,m5_random_2,0,5,20250769,8,Y,insider,buyer,212.5,245.0,7,23,0.2727272727272727,180.0,-1.0
m5,m5_random_2,0,5,20250769,8,Y,insider,buyer,212.5,245.0,8,23,0.3181818181818182,180.0,-1.0
m5,m5_random_2,0,5,20250769,8,Y,insider,buyer,212.5,245.0,9,23,0.36363636363636365,180.0,-1.0
m5,m5_random_2,0,5,20250769,8,Y,insider,buyer,212.5,245.0,10,23,0.4090909090909091,180.0,-1.0
m5,m5_random_2,0,5,20250769,8,Y,insider,buyer,212.5,245.0,11,23,0.45454545454545453,180.0,-1.0
m5,m5_random_2,0,5,20250769,8,Y,insider,buyer,212.5,245.0,12,23,0.5,180.0,-1.0
m5,m5_random_2,0,5,20250769,8,Y,insider,buyer,212.5,245.0,13,23,0.5454545454545454,180.0,-1.0
m5,m5_random_2,0,5,20250769,8,Y,insider,buyer,212.5,245.0,14,23,0.5909090909090909,180.0,-1.0
m5,m5_random_2,0,5,20250769,8,Y,insider,buyer,212.5,245.0,15,23,0.6363636363636364,180.0,-1.0
m5,m5_random_2,0,5,20250769,8,Y,insider,buyer,212.5,245.0,16,23,0.6818181818181818,150.0,-1.9230769230769231
m5,m5_random_2,0,5,20250769,8,Y,insider,buyer,212.5,245.0,17,23,0.7272727272727273,151.0,-1.8923076923076922
m5,m5_random_2,0,5,20250769,8,Y,insider,buyer,212.5,245.0,18,23,0.7727272727272727,150.0,-1.9230769230769231
m5,m5_random_2,0,5,20250769,8,Y,insider,buyer,212.5,245.0,19,23,0.8181818181818182,140.0,-2.230769230769231
m5,m5_random_2,0,5,20250769,8,Y,insider,buyer,212.5,245.0,20,23,0.8636363636363636,150.0,-1.9230769230769231
m5,m5_random_2,0,5,20250769,8,Y,insider,buyer,212.5,245.0,21,23,0.9090909090909091,150.0,-1.9230769230769231
m5,m5_random_2,0,5,20250769,8,Y,insider,buyer,212.5,245.0,22,23,0.9545454545454546,150.0,-1.9230769230769231
m5,m5_random_2,0,5,20250769,8,Y,insider,buyer,212.5,245.0,23,23,1.0,150.0,-1.9230769230769231
m5,m5_random_2,0,5,20250769,9,Z,insider,buyer,212.5,320.0,1,24,0.0,140.0,-0.6744186046511628
m5,m5_random_2,0,5,20250769,9,Z,insider,buyer,212.5,320.0,2,24,0.043478260869565216,140.0,-0.6744186046511628
m5,m5_random_2,0,5,20250769,9,Z,insider,buyer,212.5,320.0,3,24,0.08695652173913043,140.0,-0.6744186046511628
m5,m5_random_2,0,5,20250769,9,Z,insider,buyer,212.5,320.0,4,24,0.13043478260869565,220.0,0.06976744186046512
m5,m5_random_2,0,5,20250769,9,Z,insider,buyer,212.5,320.0,5,24,0.17391304347826086,220.0,0.06976744186046512
m5,m5_random_2,0,5,20250769,9,Z,insider,buyer,212.5,320.0,6,24,0.21739130434782608,220.0,0.06976744186046512
m5,m5_random_2,0,5,20250769,9,Z,insider,buyer,212.5,320.0,7,24,0.2608695652173913,220.0,0.06976744186046512
m5,m5_random_2,0,5,20250769,9,Z,insider,buyer,212.5,320.0,8,24,0.30434782608695654,220.0,0.06976744186046512
m5,m5_random_2,0,5,20250769,9,Z,insider,buyer,212.5,320.0,9,24,0.34782608695652173,134.0,-0.7302325581395349
m5,m5_random_2,0,5,20250769,9,Z,insider,buyer,212.5,320.0,10,24,0.391304347826087,200.0,-0.11627906976744186
m5,m5_random_2,0,5,20250769,9,Z,insider,buyer,212.5,320.0,11,24,0.43478260869565216,200.0,-0.11627906976744186
m5,m5_random_2,0,5,20250769,9,Z,insider,buyer,212.5,320.0,12,24,0.4782608695652174,134.0,-0.7302325581395349
m5,m5_random_2,0,5,20250769,9,Z,insider,buyer,212.5,320.0,13,24,0.5217391304347826,250.0,0.3488372093023256
m5,m5_random_2,0,5,20250769,9,Z,insider,buyer,212.5,320.0,14,24,0.5652173913043478,250.0,0.3488372093023256
m5,m5_random_2,0,5,20250769,9,Z,insider,buyer,212.5,320.0,15,24,0.6086956521739131,240.0,0.2558139534883721
m5,m5_random_2,0,5,20250769,9,Z,insider,buyer,212.5,320.0,16,24,0.6521739130434783,240.0,0.2558139534883721
m5,m5_random_2,0,5,20250769,9,Z,insider,buyer,212.5,320.0,17,24,0.6956521739130435,250.0,0.3488372093023256
m5,m5_random_2,0,5,20250769,9,Z,insider,buyer,212.5,320.0,18,24,0.7391304347826086,152.0,-0.5627906976744186
m5,m5_random_2,0,5,20250769,9,Z,insider,buyer,212.5,320.0,19,24,0.782608695652174,200.0,-0.11627906976744186
m5,m5_random_2,0,5,20250769,9,Z,insider,buyer,212.5,320.0,20,24,0.8260869565217391,260.0,0.4418604651162791
m5,m5_random_2,0,5,20250769,9,Z,insider,buyer,212.5,320.0,21,24,0.8695652173913043,260.0,0.4418604651162791
m5,m5_random_2,0,5,20250769,9,Z,insider,buyer,212.5,320.0,22,24,0.9130434782608695,141.0,-0.6651162790697674
m5,m5_random_2,0,5,20250769,9,Z,insider,buyer,212.5,320.0,23,24,0.9565217391304348,141.0,-0.6651162790697674
m5,m5_random_2,0,5,20250769,9,Z,insider,buyer,212.5,320.0,24,24,1.0,153.0,-0.5534883720930233
m5,m5_random_2,0,5,20250769,10,Z,insider,buyer,212.5,320.0,1,21,0.0,300.0,0.813953488372093
m5,m5_random_2,0,5,20250769,10,Z,insider,buyer,212.5,320.0,2,21,0.05,300.0,0.813953488372093
m5,m5_random_2,0,5,20250769,10,Z,insider,buyer,212.5,320.0,3,21,0.1,300.0,0.813953488372093
m5,m5_random_2,0,5,20250769,10,Z,insider,buyer,212.5,320.0,4,21,0.15,300.0,0.813953488372093
m5,m5_random_2,0,5,20250769,10,Z,insider,buyer,212.5,320.0,5,21,0.2,300.0,0.813953488372093
m5,m5_random_2,0,5,20250769,10,Z,insider,buyer,212.5,320.0,6,21,0.25,300.0,0.813953488372093
m5,m5_random_2,0,5,20250769,10,Z,insider,buyer,212.5,320.0,7,21,0.3,300.0,0.813953488372093
m5,m5_random_2,0,5,20250769,10,Z,insider,buyer,212.5,320.0,8,21,0.35,300.0,0.813953488372093
m5,m5_random_2,0,5,20250769,10,Z,insider,buyer,212.5,320.0,9,21,0.4,300.0,0.813953488372093
m5,m5_random_2,0,5,20250769,10,Z,insider,buyer,212.5,320.0,10,21,0.45,300.0,0.813953488372093
m5,m5_random_2,0,5,20250769,10,Z,insider,buyer,212.5,320.0,11,21,0.5,300.0,0.813953488372093
m5,m5_random_2,0,5,20250769,10,Z,insider,buyer,212.5,320.0,12,21,0.55,300.0,0.813953488372093
m5,m5_random_2,0,5,20250769,10,Z,insider,buyer,212.5,320.0,13,21,0.6,300.0,0.813953488372093
m5,m5_random_2,0,5,20250769,10,Z,insider,buyer,212.5,320.0,14,21,0.65,300.0,0.813953488372093
m5,m5_random_2,0,5,20250769,10,Z,insider,buyer,212.5,320.0,15,21,0.7,300.0,0.813953488372093
m5,m5_random_2,0,5,20250769,10,Z,insider,buyer,212.5,320.0,16,21,0.75,150.0,-0.5813953488372093
m5,m5_random_2,0,5,20250769,10,Z,insider,buyer,212.5,320.0,17,21,0.8,150.0,-0.5813953488372093
m5,m5_random_2,0,5,20250769,10,Z,insider,buyer,212.5,320.0,18,21,0.85,150.0,-0.5813953488372093
m5,m5_random_2,0,5,20250769,10,Z,insider,buyer,212.5,320.0,19,21,0.9,170.0,-0.3953488372093023
m5,m5_random_2,0,5,20250769,10,Z,insider,buyer,212.5,320.0,20,21,0.95,160.0,-0.4883720930232558
m5,m5_random_2,0,5,20250769,10,Z,insider,buyer,212.5,320.0,21,21,1.0,250.0,0.3488372093023256
m5,m5_random_2,0,5,20250769,11,Y,insider,buyer,212.5,245.0,1,18,0.0,180.0,-1.0
m5,m5_random_2,0,5,20250769,11,Y,insider,buyer,212.5,245.0,2,18,0.058823529411764705,185.0,-0.8461538461538461
m5,m5_random_2,0,5,20250769,11,Y,insider,buyer,212.5,245.0,3,18,0.11764705882352941,200.0,-0.38461538461538464
m5,m5_random_2,0,5,20250769,11,Y,insider,buyer,212.5,245.0,4,18,0.17647058823529413,210.0,-0.07692307692307693
m5,m5_random_2,0,5,20250769,11,Y,insider,buyer,212.5,245.0,5,18,0.23529411764705882,210.0,-0.07692307692307693
m5,m5_random_2,0,5,20250769,11,Y,insider,buyer,212.5,245.0,6,18,0.29411764705882354,215.0,0.07692307692307693
m5,m5_random_2,0,5,20250769,11,Y,insider,buyer,212.5,245.0,7,18,0.35294117647058826,215.0,0.07692307692307693
m5,m5_random_2,0,5,20250769,11,Y,insider,buyer,212.5,245.0,8,18,0.4117647058823529,220.0,0.23076923076923078
m5,m5_random_2,0,5,20250769,11,Y,insider,buyer,212.5,245.0,9,18,0.47058823529411764,220.0,0.23076923076923078
m5,m5_random_2,0,5,20250769,11,Y,insider,buyer,212.5,245.0,10,18,0.5294117647058824,219.0,0.2
m5,m5_random_2,0,5,20250769,11,Y,insider,buyer,212.5,245.0,11,18,0.5882352941176471,220.0,0.23076923076923078
m5,m5_random_2,0,5,20250769,11,Y,insider,buyer,212.5,245.0,12,18,0.6470588235294118,221.0,0.26153846153846155
m5,m5_random_2,0,5,20250769,11,Y,insider,buyer,212.5,245.0,13,18,0.7058823529411765,221.0,0.26153846153846155
m5,m5_random_2,0,5,20250769,11,Y,insider,buyer,212.5,245.0,14,18,0.7647058823529411,221.0,0.26153846153846155
m5,m5_random_2,0,5,20250769,11,Y,insider,buyer,212.5,245.0,15,18,0.8235294117647058,221.0,0.26153846153846155
m5,m5_random_2,0,5,20250769,11,Y,insider,buyer,212.5,245.0,16,18,0.8823529411764706,160.0,-1.6153846153846154
m5,m5_random_2,0,5,20250769,11,Y,insider,buyer,212.5,245.0,17,18,0.9411764705882353,170.0,-1.3076923076923077
m5,m5_random_2,0,5,20250769,11,Y,insider,buyer,212.5,245.0,18,18,1.0,170.0,-1.3076923076923077
m5,m5_random_2,0,5,20250769,12,Z,insider,buyer,212.5,320.0,1,22,0.0,300.0,0.813953488372093
m5,m5_random_2,0,5,20250769,12,Z,insider,buyer,212.5,320.0,2,22,0.047619047619047616,300.0,0.813953488372093
m5,m5_random_2,0,5,20250769,12,Z,insider,buyer,212.5,320.0,3,22,0.09523809523809523,300.0,0.813953488372093
m5,m5_random_2,0,5,20250769,12,Z,insider,buyer,212.5,320.0,4,22,0.14285714285714285,299.0,0.8046511627906977
m5,m5_random_2,0,5,20250769,12,Z,insider,buyer,212.5,320.0,5,22,0.19047619047619047,300.0,0.813953488372093
m5,m5_random_2,0,5,20250769,12,Z,insider,buyer,212.5,320.0,6,22,0.23809523809523808,300.0,0.813953488372093
m5,m5_random_2,0,5,20250769,12,Z,insider,buyer,212.5,320.0,7,22,0.2857142857142857,300.0,0.813953488372093
m5,m5_random_2,0,5,20250769,12,Z,insider,buyer,212.5,320.0,8,22,0.3333333333333333,300.0,0.813953488372093
m5,m5_random_2,0,5,20250769,12,Z,insider,buyer,212.5,320.0,9,22,0.38095238095238093,300.0,0.813953488372093
m5,m5_random_2,0,5,20250769,12,Z,insider,buyer,212.5,320.0,10,22,0.42857142857142855,300.0,0.813953488372093
m5,m5_random_2,0,5,20250769,12,Z,insider,buyer,212.5,320.0,11,22,0.47619047619047616,300.0,0.813953488372093
m5,m5_random_2,0,5,20250769,12,Z,insider,buyer,212.5,320.0,12,22,0.5238095238095238,300.0,0.813953488372093
m5,m5_random_2,0,5,20250769,12,Z,insider,buyer,212.5,320.0,13,22,0.5714285714285714,300.0,0.813953488372093
m5,m5_random_2,0,5,20250769,12,Z,insider,buyer,212.5,320.0,14,22,0.6190476190476191,300.0,0.813953488372093
m5,m5_random_2,0,5,20250769,12,Z,insider,buyer,212.5,320.0,15,22,0.6666666666666666,300.0,0.813953488372093
m5,m5_random_2,0,5,20250769,12,Z,insider,buyer,212.5,320.0,16,22,0.7142857142857143,159.0,-0.49767441860465117
m5,m5_random_2,0,5,20250769,12,Z,insider,buyer,212.5,320.0,17,22,0.7619047619047619,299.0,0.8046511627906977
m5,m5_random_2,0,5,20250769,12,Z,insider,buyer,212.5,320.0,18,22,0.8095238095238095,300.0,0.813953488372093
m5,m5_random_2,0,5,20250769,12,Z,insider,buyer,212.5,320.0,19,22,0.8571428571428571,159.0,-0.49767441860465117
m5,m5_random_2,0,5,20250769,12,Z,insider,buyer,212.5,320.0,20,22,0.9047619047619048,159.0,-0.49767441860465117
m5,m5_random_2,0,5,20250769,12,Z,insider,buyer,212.5,320.0,21,22,0.9523809523809523,160.0,-0.4883720930232558
m5,m5_random_2,0,5,20250769,12,Z,insider,buyer,212.5,320.0,22,22,1.0,158.0,-0.5069767441860465
m5,m5_random_2,0,5,20250769,13,X,insider,seller,212.5,180.0,1,20,0.0,140.0,2.230769230769231
m5,m5_random_2,0,5,20250769,13,X,insider,seller,212.5,180.0,2,20,0.05263157894736842,150.0,1.9230769230769231
m5,m5_random_2,0,5,20250769,13,X,insider,seller,212.5,180.0,3,20,0.10526315789473684,150.0,1.9230769230769231
m5,m5_random_2,0,5,20250769,13,X,insider,seller,212.5,180.0,4,20,0.15789473684210525,150.0,1.9230769230769231
m5,m5_random_2,0,5,20250769,13,X,insider,seller,212.5,180.0,5,20,0.21052631578947367,160.0,1.6153846153846154
m5,m5_random_2,0,5,20250769,13,X,insider,seller,212.5,180.0,6,20,0.2631578947368421,170.0,1.3076923076923077
m5,m5_random_2,0,5,20250769,13,X,insider,seller,212.5,180.0,7,20,0.3157894736842105,170.0,1.3076923076923077
m5,m5_random_2,0,5,20250769,13,X,insider,seller,212.5,180.0,8,20,0.3684210526315789,154.0,1.8
m5,m5_random_2,0,5,20250769,13,X,insider,seller,212.5,180.0,9,20,0.42105263157894735,165.0,1.4615384615384615
m5,m5_random_2,0,5,20250769,13,X,insider,seller,212.5,180.0,10,20,0.47368421052631576,165.0,1.4615384615384615
m5,m5_random_2,0,5,20250769,13,X,insider,seller,212.5,180.0,11,20,0.5263157894736842,165.0,1.4615384615384615
m5,m5_random_2,0,5,20250769,13,X,insider,seller,212.5,180.0,12,20,0.5789473684210527,170.0,1.3076923076923077
m5,m5_random_2,0,5,20250769,13,X,insider,seller,212.5,180.0,13,20,0.631578947368421,170.0,1.3076923076923077
m5,m5_random_2,0,5,20250769,13,X,insider,seller,212.5,180.0,14,20,0.6842105263157895,170.0,1.3076923076923077
m5,m5_random_2,0,5,20250769,13,X,insider,seller,212.5,180.0,15,20,0.7368421052631579,171.0,1.2769230769230768
m5,m5_random_2,0,5,20250769,13,X,insider,seller,212.5,180.0,16,20,0.7894736842105263,170.0,1.3076923076923077
m5,m5_random_2,0,5,20250769,13,X,insider,seller,212.5,180.0,17,20,0.8421052631578947,170.0,1.3076923076923077
m5,m5_random_2,0,5,20250769,13,X,insider,seller,212.5,180.0,18,20,0.8947368421052632,155.0,1.7692307692307692
m5,m5_random_2,0,5,20250769,13,X,insider,seller,212.5,180.0,19,20,0.9473684210526315,170.0,1.3076923076923077
m5,m5_random_2,0,5,20250769,13,X,insider,seller,212.5,180.0,20,20,1.0,170.0,1.3076923076923077
